Record ID,title,abstract,domain_category,domain_source,domain_excerpt,F2_status,F2_source,F2_excerpt,F2_reasoning,F3_status,F3_source,F3_excerpt,F3_reasoning,F4_status,F4_source,F4_excerpt,F4_reasoning,F5_status,F5_source,F5_excerpt,F5_reasoning,F6_status,F6_source,F6_excerpt,F6_reasoning,F7_status,F7_source,F7_excerpt,F7_reasoning,F8_status,F8_source,F8_excerpt,F8_reasoning,F2_to_F3_status,F2_to_F3_source,F2_to_F3_excerpt,F2_to_F3_reasoning,F4_to_F3_status,F4_to_F3_source,F4_to_F3_excerpt,F4_to_F3_reasoning,F5_to_F6_status,F5_to_F6_source,F5_to_F6_excerpt,F5_to_F6_reasoning,multi_primary_status,tracking_only,hard_cap,penalty_points,raw_score,final_score,predicted_relevance,explicit_primary_relationships,explicit_primary_features,rank,noise_flags,gate_evidence,penalty_evidence,domain_points,F2_points,F3_points,F4_points,F5_points,F6_points,F7_points,F8_points,F2_to_F3_points,F4_to_F3_points,F5_to_F6_points,multi_primary_points
BC001-7B265B30DE83,Method of monitoring and trigger-locking a firearm,"A method of monitoring and trigger-locking a firearm prevents unauthorized persons from firing the firearm. When a person picks up the firearm, a biometric scanner retrieves an unidentified biometric reading off of the person. The biometric scanner can be a palm-print reader and/or a fingerprint reader. If the unidentified biometric reading does not match an authorized user signature stored on a chipset of the firearm, and if the firearm has unlocked its trigger, then the firearm automatically locks its trigger. In addition, the firearm generates and broadcasts an unauthorized-use notification with a wireless communication module. If the unidentified biometric reading does match an authorized user signature stored on the chipset, and if the firearm has locked its trigger, then firearm automatically unlocks its trigger. The firearm also collects situational data from environmental sensors when the firearm discharges a round.",firearm,title,Method of monitoring and trigger-locking a firearm,E,abstract,"If the unidentified biometric reading does not match an authorized user signature stored on a chipset of the firearm, and if the firearm has unlocked its trigger, then the firearm automatically locks its trigger.",,E,abstract,"If the unidentified biometric reading does not match an authorized user signature stored on a chipset of the firearm, and if the firearm has unlocked its trigger, then the firearm automatically locks its trigger.",,A,,,,E,abstract,The firearm also collects situational data from environmental sensors when the firearm discharges a round.,,E,abstract,"In addition, the firearm generates and broadcasts an unauthorized-use notification with a wireless communication module.",,A,,,,A,,,,E,abstract,"If the unidentified biometric reading does not match an authorized user signature stored on a chipset of the firearm, and if the firearm has unlocked its trigger, then the firearm automatically locks its trigger.",,A,,,,I,abstract,"In addition, the firearm generates and broadcasts an unauthorized-use notification with a wireless communication module.",The system transmits to an external destination and separately collects firearm data; transmission of that data is inferred.,3 established; 3 explicit,False,100,0,69.0,69.0,M+,1,3,1,[],{},{},10.0,12.0,16.0,0.0,10.0,4.0,0.0,0.0,14.0,0.0,1.0,2.0
BC001-915BDE3552D6,Intelligent weapon,"A system for monitoring use of a weapon. The system includes a monitoring station and at least one weapon in which the weapon fires a projectile. The weapon includes a tracking device, in which the tracking device receives navigational data, and a transceiver. The transceiver transmits at least the navigational data to the monitoring station. The weapon can further include a biometric identifier for identifying a user and a trigger mechanism in which the biometric identifier can enable the trigger mechanism only when the biometric identifier identifies an authorized user. In one arrangement, the tracking device can be a global positioning system receiver that can receive navigational data from a plurality of global positioning system satellites.",firearm,title,Intelligent weapon,E,abstract,The weapon can further include a biometric identifier for identifying a user and a trigger mechanism in which the biometric identifier can enable the trigger mechanism only when the biometric identifier identifies an authorized user.,,E,abstract,The weapon can further include a biometric identifier for identifying a user and a trigger mechanism in which the biometric identifier can enable the trigger mechanism only when the biometric identifier identifies an authorized user.,,A,,,,E,abstract,"The weapon includes a tracking device, in which the tracking device receives navigational data, and a transceiver.",,E,abstract,The system includes a monitoring station and at least one weapon in which the weapon fires a projectile.,,A,,,,A,,,,E,abstract,The weapon can further include a biometric identifier for identifying a user and a trigger mechanism in which the biometric identifier can enable the trigger mechanism only when the biometric identifier identifies an authorized user.,,A,,,,I,abstract,The transceiver transmits at least the navigational data to the monitoring station.,The system transmits to an external destination and separately collects firearm data; transmission of that data is inferred.,3 established; 3 explicit,True,100,0,69.0,69.0,M+,1,3,2,[],{},{},10.0,12.0,16.0,0.0,10.0,4.0,0.0,0.0,14.0,0.0,1.0,2.0
BC001-0031124B24F1,Fingerprint operating gun case,"This invention relates to the case of a weapon that works by fingerprint, which has a security mechanism that allows only the use of a firearm within an authorized person; a microcontroller that identifies if data retrieved by at least one capacitive fingerprint sensor (2), fingerprint sensor (2) on the weapon case and whether there is any fingerprint data from individuals previously identified by the system, microcontroller(3) validates with personalized fingerprint match, releasing the gun safety latch, and allowing the use of the weapon, electromagnetic lock (4), which extracts data from the satellite for location, timing and positioning, GPS (5), configured to provide mobile connectivity (6) battery module, battery or rechargeable battery for use in feeding mechanical disorders located in the weapons case (1). is to include one power supply",firearm,title,Fingerprint operating gun case,E,abstract,"This invention relates to the case of a weapon that works by fingerprint, which has a security mechanism that allows only the use of a firearm within an authorized person; a microcontroller that identifies if data retrieved by at least one capacitive fingerprint sensor (2), fingerprint sensor (2) on the weapon case and whether there is any fingerprint data from individuals previously identified by the system, microcontroller(3) validates with personalized fingerprint match, releasing the gun safety latch, and allowing the use of the weapon, electromagnetic lock (4), which extracts data from the satellite for location, timing and positioning, GPS (5), configured to provide mobile connectivity (6) battery module, battery or rechargeable battery for use in feeding mechanical disorders located in the weapons case (1).",,E,abstract,"This invention relates to the case of a weapon that works by fingerprint, which has a security mechanism that allows only the use of a firearm within an authorized person; a microcontroller that identifies if data retrieved by at least one capacitive fingerprint sensor (2), fingerprint sensor (2) on the weapon case and whether there is any fingerprint data from individuals previously identified by the system, microcontroller(3) validates with personalized fingerprint match, releasing the gun safety latch, and allowing the use of the weapon, electromagnetic lock (4), which extracts data from the satellite for location, timing and positioning, GPS (5), configured to provide mobile connectivity (6) battery module, battery or rechargeable battery for use in feeding mechanical disorders located in the weapons case (1).",,A,,,,E,abstract,"This invention relates to the case of a weapon that works by fingerprint, which has a security mechanism that allows only the use of a firearm within an authorized person; a microcontroller that identifies if data retrieved by at least one capacitive fingerprint sensor (2), fingerprint sensor (2) on the weapon case and whether there is any fingerprint data from individuals previously identified by the system, microcontroller(3) validates with personalized fingerprint match, releasing the gun safety latch, and allowing the use of the weapon, electromagnetic lock (4), which extracts data from the satellite for location, timing and positioning, GPS (5), configured to provide mobile connectivity (6) battery module, battery or rechargeable battery for use in feeding mechanical disorders located in the weapons case (1).",,A,,,,A,,,,A,,,,E,abstract,"This invention relates to the case of a weapon that works by fingerprint, which has a security mechanism that allows only the use of a firearm within an authorized person; a microcontroller that identifies if data retrieved by at least one capacitive fingerprint sensor (2), fingerprint sensor (2) on the weapon case and whether there is any fingerprint data from individuals previously identified by the system, microcontroller(3) validates with personalized fingerprint match, releasing the gun safety latch, and allowing the use of the weapon, electromagnetic lock (4), which extracts data from the satellite for location, timing and positioning, GPS (5), configured to provide mobile connectivity (6) battery module, battery or rechargeable battery for use in feeding mechanical disorders located in the weapons case (1).",,A,,,,A,,,,3 established; 3 explicit,True,100,0,64.0,64.0,M+,1,3,3,[],{},{},10.0,12.0,16.0,0.0,10.0,0.0,0.0,0.0,14.0,0.0,0.0,2.0
BC001-3F53B09CDA35,Safety system with biometric locking applied in holders for size and controlled storage of firearms,"SAFETY SYSTEM WITH BIOMETRIC LOCKING APPLIED IN HOLDERS FOR SIZE AND CONTROLLED STORAGE OF FIREARMS. The present invention patent application relates to a security system (1) described and applied to holsters (2) for the controlled storage of firearms. The present system includes a holster (2) with a locking mechanism (3) operated by a biometric sensor (4). Access to the weapon is restricted to authorized users whose fingerprints are recorded in the security system (1). The holster (2) is molded to fit specifically to the gun, ensuring a secure engagement and preventing accidental firing. The locking mechanism (3) has a locking handle (5) that covers the trigger of the weapon, blocking access to it. The locking handle (5) can only be unlocked by biometric authentication using the biometric sensor (4) strategically located in the holster (2). The biometric sensor (4) is highly sensitive and provides quick access to authorized users. The system also includes a locking base (6) with a locking mechanism (7), activated when an authorized user is identified by the biometric sensor (4), allowing access to the gun trigger. Powered by a battery (8), the system has an alert (9) for low battery. Additionally, it is adaptable to different types and sizes of weapons and can register multiple users, making it suitable for use in police or military forces. The field of application is directed to the sector of safety equipment, more particularly, in secure storage devices for firearms.",firearm,title,Safety system with biometric locking applied in holders for size and controlled storage of firearms,E,abstract,Access to the weapon is restricted to authorized users whose fingerprints are recorded in the security system (1).,,E,abstract,"The system also includes a locking base (6) with a locking mechanism (7), activated when an authorized user is identified by the biometric sensor (4), allowing access to the gun trigger.",,A,,,,E,abstract,Access to the weapon is restricted to authorized users whose fingerprints are recorded in the security system (1).,,A,,,,A,,,,A,,,,E,abstract,"The system also includes a locking base (6) with a locking mechanism (7), activated when an authorized user is identified by the biometric sensor (4), allowing access to the gun trigger.",,A,,,,A,,,,3 established; 3 explicit,False,100,0,64.0,64.0,M+,1,3,4,[],{},{},10.0,12.0,16.0,0.0,10.0,0.0,0.0,0.0,14.0,0.0,0.0,2.0
BC001-B5BE2EF6266D,Firearm Safety Assembly,A firearm safety assembly for preventing the firearm from being discharged by an unauthorized user includes a processor coupled to a firearm. A fingerprint scanner is coupled to the firearm. The fingerprint scanner may read an authorized user's fingerprint. The fingerprint scanner is operationally coupled to the processor. A thumbprint scanner is coupled to the firearm. The thumbprint scanner may read the authorized user's thumbprint. The thumbprint scanner is operationally coupled to the processor. A trigger lock is coupled to the firearm. The trigger lock is operationally coupled to the processor. The trigger lock allows the firearm to be fired when the processor receives the authorized user's fingerprint and thumbprint. A GPS is coupled to the firearm. The GPS is operationally coupled to the processor. The GPS determining a location of the firearm.,firearm,title,Firearm Safety Assembly,E,abstract,The fingerprint scanner may read an authorized user's fingerprint.,,E,abstract,The trigger lock allows the firearm to be fired when the processor receives the authorized user's fingerprint and thumbprint.,,A,,,,E,abstract,A GPS is coupled to the firearm.,,A,,,,A,,,,A,,,,E,abstract,The trigger lock allows the firearm to be fired when the processor receives the authorized user's fingerprint and thumbprint.,,A,,,,A,,,,3 established; 3 explicit,True,100,0,64.0,64.0,M+,1,3,5,[],{},{},10.0,12.0,16.0,0.0,10.0,0.0,0.0,0.0,14.0,0.0,0.0,2.0
BC001-EAD37A2B9B33,Remote managing method and apparatus for firearm,"A remote management method for a firearm according to the present invention includes a step of monitoring whether a release event from a firearm storage place is generated by a firearm supporting a selective firing mode based on a fingerprint recognition, a step of tracking whether the released firearm is out of a predetermined permission area when the release event is generated; and a step of giving warning of the AWOL of the release firearm when the released firearm is out of the predetermined permission area.So, safety accidents can be prevented.COPYRIGHT KIPO 2017",firearm,title,Remote managing method and apparatus for firearm,E,abstract,"A remote management method for a firearm according to the present invention includes a step of monitoring whether a release event from a firearm storage place is generated by a firearm supporting a selective firing mode based on a fingerprint recognition, a step of tracking whether the released firearm is out of a predetermined permission area when the release event is generated; and a step of giving warning of the AWOL of the release firearm when the released firearm is out of the predetermined permission area.",,E,abstract,"A remote management method for a firearm according to the present invention includes a step of monitoring whether a release event from a firearm storage place is generated by a firearm supporting a selective firing mode based on a fingerprint recognition, a step of tracking whether the released firearm is out of a predetermined permission area when the release event is generated; and a step of giving warning of the AWOL of the release firearm when the released firearm is out of the predetermined permission area.",,A,,,,E,abstract,"A remote management method for a firearm according to the present invention includes a step of monitoring whether a release event from a firearm storage place is generated by a firearm supporting a selective firing mode based on a fingerprint recognition, a step of tracking whether the released firearm is out of a predetermined permission area when the release event is generated; and a step of giving warning of the AWOL of the release firearm when the released firearm is out of the predetermined permission area.",,A,,,,A,,,,A,,,,E,abstract,"A remote management method for a firearm according to the present invention includes a step of monitoring whether a release event from a firearm storage place is generated by a firearm supporting a selective firing mode based on a fingerprint recognition, a step of tracking whether the released firearm is out of a predetermined permission area when the release event is generated; and a step of giving warning of the AWOL of the release firearm when the released firearm is out of the predetermined permission area.",,A,,,,A,,,,3 established; 3 explicit,False,100,0,64.0,64.0,M+,1,3,6,[],{},{},10.0,12.0,16.0,0.0,10.0,0.0,0.0,0.0,14.0,0.0,0.0,2.0
BC001-5E0CE61B9F95,Personalized intelligent identification police-used gun management device and system,"The embodiment of the invention provides a personalized intelligent identification police-used gun management device and system. The device comprises a single chip microcomputer, a lock body unit, anintelligent identification unit, a positioning unit, a communication unit and a power supply unit, wherein the single chip microcomputer is arranged in a gun and connected with the other five units, the lock body unit comprises a trigger lock and a gun sleeve lock, the intelligent identification unit adopts fingerprint identification, the positioning unit adopts a GPS unit, and the communication unit comprises a Bluetooth unit and a GPRS unit; and the intelligent identification unit collects user fingerprints and compares the user fingerprints with fingerprint data typed in the single chip microcomputer in advance, the single chip microcomputer controls opening and closing of the trigger lock according to a comparison result, the gun geographic position information transmitted by the GPS unit through the GPRS unit can be inquired on a mobile terminal in real time, and the power supply unit supplies power to a gun-end power supply through wireless charging. According to the personalizedintelligent identification police-used gun management device and system, personalization of a police-used gun can be achieved, the gun is locked as soon as the gun is separated from the hand, an opponent can not use the gun after the gun is snatched, and the gun can be found through a real-time positioning function after being lost.",attached_firing_control,abstract,"The device comprises a single chip microcomputer, a lock body unit, anintelligent identification unit, a positioning unit, a communication unit and a power supply unit, wherein the single chip microcomputer is arranged in a gun and connected with the other five units, the lock body unit comprises a trigger lock and a gun sleeve lock, the intelligent identification unit adopts fingerprint identification, the positioning unit adopts a GPS unit, and the communication unit comprises a Bluetooth unit and a GPRS unit; and the intelligent identification unit collects user fingerprints and compares the user fingerprints with fingerprint data typed in the single chip microcomputer in advance, the single chip microcomputer controls opening and closing of the trigger lock according to a comparison result, the gun geographic position information transmitted by the GPS unit through the GPRS unit can be inquired on a mobile terminal in real time, and the power supply unit supplies power to a gun-end power supply through wireless charging.",E,abstract,"The device comprises a single chip microcomputer, a lock body unit, anintelligent identification unit, a positioning unit, a communication unit and a power supply unit, wherein the single chip microcomputer is arranged in a gun and connected with the other five units, the lock body unit comprises a trigger lock and a gun sleeve lock, the intelligent identification unit adopts fingerprint identification, the positioning unit adopts a GPS unit, and the communication unit comprises a Bluetooth unit and a GPRS unit; and the intelligent identification unit collects user fingerprints and compares the user fingerprints with fingerprint data typed in the single chip microcomputer in advance, the single chip microcomputer controls opening and closing of the trigger lock according to a comparison result, the gun geographic position information transmitted by the GPS unit through the GPRS unit can be inquired on a mobile terminal in real time, and the power supply unit supplies power to a gun-end power supply through wireless charging.",,E,abstract,"The device comprises a single chip microcomputer, a lock body unit, anintelligent identification unit, a positioning unit, a communication unit and a power supply unit, wherein the single chip microcomputer is arranged in a gun and connected with the other five units, the lock body unit comprises a trigger lock and a gun sleeve lock, the intelligent identification unit adopts fingerprint identification, the positioning unit adopts a GPS unit, and the communication unit comprises a Bluetooth unit and a GPRS unit; and the intelligent identification unit collects user fingerprints and compares the user fingerprints with fingerprint data typed in the single chip microcomputer in advance, the single chip microcomputer controls opening and closing of the trigger lock according to a comparison result, the gun geographic position information transmitted by the GPS unit through the GPRS unit can be inquired on a mobile terminal in real time, and the power supply unit supplies power to a gun-end power supply through wireless charging.",,A,,,,E,abstract,"The device comprises a single chip microcomputer, a lock body unit, anintelligent identification unit, a positioning unit, a communication unit and a power supply unit, wherein the single chip microcomputer is arranged in a gun and connected with the other five units, the lock body unit comprises a trigger lock and a gun sleeve lock, the intelligent identification unit adopts fingerprint identification, the positioning unit adopts a GPS unit, and the communication unit comprises a Bluetooth unit and a GPRS unit; and the intelligent identification unit collects user fingerprints and compares the user fingerprints with fingerprint data typed in the single chip microcomputer in advance, the single chip microcomputer controls opening and closing of the trigger lock according to a comparison result, the gun geographic position information transmitted by the GPS unit through the GPRS unit can be inquired on a mobile terminal in real time, and the power supply unit supplies power to a gun-end power supply through wireless charging.",,A,,,,A,,,,A,,,,E,abstract,"The device comprises a single chip microcomputer, a lock body unit, anintelligent identification unit, a positioning unit, a communication unit and a power supply unit, wherein the single chip microcomputer is arranged in a gun and connected with the other five units, the lock body unit comprises a trigger lock and a gun sleeve lock, the intelligent identification unit adopts fingerprint identification, the positioning unit adopts a GPS unit, and the communication unit comprises a Bluetooth unit and a GPRS unit; and the intelligent identification unit collects user fingerprints and compares the user fingerprints with fingerprint data typed in the single chip microcomputer in advance, the single chip microcomputer controls opening and closing of the trigger lock according to a comparison result, the gun geographic position information transmitted by the GPS unit through the GPRS unit can be inquired on a mobile terminal in real time, and the power supply unit supplies power to a gun-end power supply through wireless charging.",,A,,,,A,,,,3 established; 3 explicit,True,100,0,62.0,62.0,M+,1,3,7,[],{},{},8.0,12.0,16.0,0.0,10.0,0.0,0.0,0.0,14.0,0.0,0.0,2.0
BC001-C3791D5EE3E9,"Molded plastic cartridge with extended flash tube, sub-sonic cartridges, and user identification for firearms and site sensing fire control","Cartridges for firearms are created with extended flash tubes to ignite the propellant efficiently from base of the projectile to the interior rear of the cartridge case. Some firearms include a specially designed trigger and microphone capable of verifying a user's identity so that only an authorized user can discharge the firearm. Some firearms include a GPS sensor, World Time RF sensor, and stored updatable list of times, GPS coordinates, distances from the GPS coordinates such that the firearm is disabled for use in these restricted areas.",firearm,title,"Molded plastic cartridge with extended flash tube, sub-sonic cartridges, and user identification for firearms and site sensing fire control",A,,,,E,title,"Molded plastic cartridge with extended flash tube, sub-sonic cartridges, and user identification for firearms and site sensing fire control",,E,abstract,"Some firearms include a GPS sensor, World Time RF sensor, and stored updatable list of times, GPS coordinates, distances from the GPS coordinates such that the firearm is disabled for use in these restricted areas.",,E,abstract,"Some firearms include a GPS sensor, World Time RF sensor, and stored updatable list of times, GPS coordinates, distances from the GPS coordinates such that the firearm is disabled for use in these restricted areas.",,A,,,,A,,,,A,,,,A,,,,E,abstract,"Some firearms include a GPS sensor, World Time RF sensor, and stored updatable list of times, GPS coordinates, distances from the GPS coordinates such that the firearm is disabled for use in these restricted areas.",,A,,,,3 established; 3 explicit,False,100,0,62.0,62.0,M+,1,3,8,[],{},{},10.0,0.0,16.0,14.0,10.0,0.0,0.0,0.0,0.0,10.0,0.0,2.0
BC001-D3C36118E9E6,"Molded plastic cartridge with extended flash tube, sub-sonic cartridges, and user identification for firearms and site sensing fire control","Cartridges for firearms are created with extended flash tubes to ignite the propellant efficiently from base of the projectile to the interior rear of the cartridge case. Some firearms include a specially designed trigger and microphone capable of verifying a user's identity so that only an authorized user can discharge the firearm. Some firearms include a GPS sensor, World Time RF sensor, and stored updatable list of times, GPS coordinates, distances from the GPS coordinates such that the firearm is disabled for use in these restricted areas.",firearm,title,"Molded plastic cartridge with extended flash tube, sub-sonic cartridges, and user identification for firearms and site sensing fire control",A,,,,E,title,"Molded plastic cartridge with extended flash tube, sub-sonic cartridges, and user identification for firearms and site sensing fire control",,E,abstract,"Some firearms include a GPS sensor, World Time RF sensor, and stored updatable list of times, GPS coordinates, distances from the GPS coordinates such that the firearm is disabled for use in these restricted areas.",,E,abstract,"Some firearms include a GPS sensor, World Time RF sensor, and stored updatable list of times, GPS coordinates, distances from the GPS coordinates such that the firearm is disabled for use in these restricted areas.",,A,,,,A,,,,A,,,,A,,,,E,abstract,"Some firearms include a GPS sensor, World Time RF sensor, and stored updatable list of times, GPS coordinates, distances from the GPS coordinates such that the firearm is disabled for use in these restricted areas.",,A,,,,3 established; 3 explicit,False,100,0,62.0,62.0,M+,1,3,9,[],{},{},10.0,0.0,16.0,14.0,10.0,0.0,0.0,0.0,0.0,10.0,0.0,2.0
BC001-E29EB3FB218C,Gun System and Gun Control Management System Prohibit Gun Violence in Reactive and Proactive,"The Gun System and Gun-Control Management System is a two part system to thwart gun violence in any places. The Gun System is a microprocessor with memory and supporting components that are embedded in the gun. The CPU of the Gun System executes software with data from the memory to identify authorized users with stand-alone electrical device; to discharge Unauthorized user with remote power switch or systems; to prohibit firearm use in restricted areas such as schools and other public places with GPS device and disable the gun trigger by moving it into the locked position with disabling device. In this way, the gun system thwarts gun violence in a reactive mode. The Gun-Control Management system maintains a plurality of database in communication with multiple gun systems to thwarts gun violence in proactive mode.",firearm,title,Gun System and Gun Control Management System Prohibit Gun Violence in Reactive and Proactive,A,,,,I,abstract,The CPU of the Gun System executes software with data from the memory to identify authorized users with stand-alone electrical device; to discharge Unauthorized user with remote power switch or systems; to prohibit firearm use in restricted areas such as schools and other public places with GPS device and disable the gun trigger by moving it into the locked position with disabling device.,"Firearm firing control is stated alongside user authorization in the title/abstract, but their dependency is not explicit in this excerpt.",E,abstract,The CPU of the Gun System executes software with data from the memory to identify authorized users with stand-alone electrical device; to discharge Unauthorized user with remote power switch or systems; to prohibit firearm use in restricted areas such as schools and other public places with GPS device and disable the gun trigger by moving it into the locked position with disabling device.,,E,abstract,The CPU of the Gun System executes software with data from the memory to identify authorized users with stand-alone electrical device; to discharge Unauthorized user with remote power switch or systems; to prohibit firearm use in restricted areas such as schools and other public places with GPS device and disable the gun trigger by moving it into the locked position with disabling device.,,E,abstract,The Gun-Control Management system maintains a plurality of database in communication with multiple gun systems to thwarts gun violence in proactive mode.,,A,,,,A,,,,A,,,,E,abstract,The CPU of the Gun System executes software with data from the memory to identify authorized users with stand-alone electrical device; to discharge Unauthorized user with remote power switch or systems; to prohibit firearm use in restricted areas such as schools and other public places with GPS device and disable the gun trigger by moving it into the locked position with disabling device.,,I,abstract,The Gun-Control Management system maintains a plurality of database in communication with multiple gun systems to thwarts gun violence in proactive mode.,The system transmits to an external destination and separately collects firearm data; transmission of that data is inferred.,3 established; 2 explicit,False,100,0,56.6,56.6,M+,1,2,10,[],{},{},10.0,0.0,5.6,14.0,10.0,4.0,0.0,0.0,0.0,10.0,1.0,2.0
BC001-773578E9B424,Biometric firearm trigger lock with alarm,"This disclosure provides a trigger lock system that includes a trigger lock that collects a fingerprint and unlocks when the fingerprint matches a stored fingerprint. The trigger lock in-cludes a wireless communication module, for example, Bluetooth module and a Thread module, such that it can connect to a user device by Bluetooth or internet through a Thread router. The trigger lock may be unlocked remotely by sending a command from the user device. The trigger lock may send information of each attempt to unlock the trigger lock by fingerprint to the user device. The trigger lock may send alerts to the user device. The trigger lock also includes an alarm that produces alert when unauthorized personnel attempts to unlock the trigger lock.",attached_firing_control,title,Biometric firearm trigger lock with alarm,E,abstract,This disclosure provides a trigger lock system that includes a trigger lock that collects a fingerprint and unlocks when the fingerprint matches a stored fingerprint.,,E,abstract,This disclosure provides a trigger lock system that includes a trigger lock that collects a fingerprint and unlocks when the fingerprint matches a stored fingerprint.,,A,,,,I,abstract,This disclosure provides a trigger lock system that includes a trigger lock that collects a fingerprint and unlocks when the fingerprint matches a stored fingerprint.,Data recording or positioning is described within this firearm system; firearm data collection is inferred from that context.,A,,,,A,,,,A,,,,E,abstract,This disclosure provides a trigger lock system that includes a trigger lock that collects a fingerprint and unlocks when the fingerprint matches a stored fingerprint.,,A,,,,A,,,,3 established; 2 explicit,False,100,0,55.5,55.5,M+,1,2,11,[],{},{},8.0,12.0,16.0,0.0,3.5,0.0,0.0,0.0,14.0,0.0,0.0,2.0
BC001-1EB69221CE7A,An intelligent fingerprint & voice operated firearm,"The present invention relates to the locking device preventing the unauthorized utilization of firearms.The invention provides the trigger locking rod operated on the biometric finger print sensor placed at the trigger or voice recognition module with microphone which can be signal conditioned by the controller board to unlock the trigger only by transmitting relevant biometric data or approved voice to the said block, said data Corresponding with biometric data and voice data digitally stored in the block memory.",firearm,title,An intelligent fingerprint & voice operated firearm,E,abstract,"The invention provides the trigger locking rod operated on the biometric finger print sensor placed at the trigger or voice recognition module with microphone which can be signal conditioned by the controller board to unlock the trigger only by transmitting relevant biometric data or approved voice to the said block, said data Corresponding with biometric data and voice data digitally stored in the block memory.",,E,abstract,"The invention provides the trigger locking rod operated on the biometric finger print sensor placed at the trigger or voice recognition module with microphone which can be signal conditioned by the controller board to unlock the trigger only by transmitting relevant biometric data or approved voice to the said block, said data Corresponding with biometric data and voice data digitally stored in the block memory.",,A,,,,A,,,,A,,,,A,,,,A,,,,E,abstract,"The invention provides the trigger locking rod operated on the biometric finger print sensor placed at the trigger or voice recognition module with microphone which can be signal conditioned by the controller board to unlock the trigger only by transmitting relevant biometric data or approved voice to the said block, said data Corresponding with biometric data and voice data digitally stored in the block memory.",,A,,,,A,,,,2 established; 2 explicit,False,100,0,52.0,52.0,M,1,2,12,[],{},{},10.0,12.0,16.0,0.0,0.0,0.0,0.0,0.0,14.0,0.0,0.0,0.0
BC001-3DD58E31397D,Gun trigger unlocked through biological fingerprint identification,"The invention discloses a gun trigger unlocked through biological fingerprint identification. The gun trigger comprises a gun trigger shell body, a gun trigger shell cover and a machine shell; a control board is mounted at the top in the gun trigger shell body through screws; a fingerprint identifying module is mounted at the top of the control plate through a limiting groove; a fingerprint setting key is mounted on one side of the bottom end of the control plate through screws; the machine shell is arranged at the bottom end of the control plate; a motor is mounted in the machine shell through a mounting base; a rotating wheel is arranged on an output shaft of the motor through a fixing piece; an elliptic limiting plate is mounted at the bottom of the machine shell through bolts; an L-shaped rack lock tongue capable of sliding is arranged in the elliptic limiting plate; the gun trigger shell cover is mounted at the bottom of the gun trigger shell body through bolts; and a return spring is connected to the top of the gun trigger shell cover through a limiting clamping groove. The gun trigger unlocked through biological fingerprint identification is simple in structure, convenient to produce, high in unlocking efficiency, high in practicability and suitable for wide popularization and application.",firearm,title,Gun trigger unlocked through biological fingerprint identification,E,title,Gun trigger unlocked through biological fingerprint identification,,E,title,Gun trigger unlocked through biological fingerprint identification,,A,,,,A,,,,A,,,,A,,,,A,,,,E,title,Gun trigger unlocked through biological fingerprint identification,,A,,,,A,,,,2 established; 2 explicit,False,100,0,52.0,52.0,M,1,2,13,[],{},{},10.0,12.0,16.0,0.0,0.0,0.0,0.0,0.0,14.0,0.0,0.0,0.0
BC001-5946DA63E67B,Weapon with safety system,"Weapon with a security system, characterized in that it comprises an identification device for the user carrying the weapon, connected to a control module that controls a trigger locking system (2) of the weapon, configured to unlock the weapon if the user is correctly identified, or to block the trigger (2) if the user is not correctly identified, where the user identification device comprises a fingerprint reader (1) and the locking system is formed by a pin moved by a motor, configured so that the pin (3) is inserted through a through hole (4) made in the trigger (2) blocking its movement, the motor being powered by a battery.",firearm,title,Weapon with safety system,E,abstract,"Weapon with a security system, characterized in that it comprises an identification device for the user carrying the weapon, connected to a control module that controls a trigger locking system (2) of the weapon, configured to unlock the weapon if the user is correctly identified, or to block the trigger (2) if the user is not correctly identified, where the user identification device comprises a fingerprint reader (1) and the locking system is formed by a pin moved by a motor, configured so that the pin (3) is inserted through a through hole (4) made in the trigger (2) blocking its movement, the motor being powered by a battery.",,E,abstract,"Weapon with a security system, characterized in that it comprises an identification device for the user carrying the weapon, connected to a control module that controls a trigger locking system (2) of the weapon, configured to unlock the weapon if the user is correctly identified, or to block the trigger (2) if the user is not correctly identified, where the user identification device comprises a fingerprint reader (1) and the locking system is formed by a pin moved by a motor, configured so that the pin (3) is inserted through a through hole (4) made in the trigger (2) blocking its movement, the motor being powered by a battery.",,A,,,,A,,,,A,,,,A,,,,A,,,,E,abstract,"Weapon with a security system, characterized in that it comprises an identification device for the user carrying the weapon, connected to a control module that controls a trigger locking system (2) of the weapon, configured to unlock the weapon if the user is correctly identified, or to block the trigger (2) if the user is not correctly identified, where the user identification device comprises a fingerprint reader (1) and the locking system is formed by a pin moved by a motor, configured so that the pin (3) is inserted through a through hole (4) made in the trigger (2) blocking its movement, the motor being powered by a battery.",,A,,,,A,,,,2 established; 2 explicit,False,100,0,52.0,52.0,M,1,2,14,[],{},{},10.0,12.0,16.0,0.0,0.0,0.0,0.0,0.0,14.0,0.0,0.0,0.0
BC001-6197DE78098F,Biological fingerprint identification unlocking gun trigger,"The utility model discloses a trigger for unlocking a gun through biological fingerprint identification. The gun trigger comprises a gun trigger shell, a gun trigger shell cover and a machine shell. Acontrol panel is mounted at the top in the gun trigger shell through screws; a fingerprint identification module is mounted at the top of the control panel through a limiting groove; a fingerprint setting key is mounted on one side of the bottom end of the control panel through a screw; a machine shell is arranged at the bottom end of the control panel. A motor is installed in the machine shell through an installation base. An output shaft of the motor is provided with a rotating wheel through a fixing piece; an oval limiting plate is installed at the bottom of the machine shell through bolts, a slidable L-shaped rack spring bolt is arranged in the oval limiting plate, a gun trigger shell cover is installed at the bottom of the gun trigger shell through bolts, and a reset spring is connected to the top of the gun trigger shell cover through a limiting clamping groove. The biological fingerprint recognition unlocking gun trigger is simple in structure, convenient to produce, high in unlocking efficiency, high in practicability and suitable for wide application and popularization.",firearm,title,Biological fingerprint identification unlocking gun trigger,E,title,Biological fingerprint identification unlocking gun trigger,,E,abstract,The utility model discloses a trigger for unlocking a gun through biological fingerprint identification.,,A,,,,A,,,,A,,,,A,,,,A,,,,E,abstract,The utility model discloses a trigger for unlocking a gun through biological fingerprint identification.,,A,,,,A,,,,2 established; 2 explicit,False,100,0,52.0,52.0,M,1,2,15,[],{},{},10.0,12.0,16.0,0.0,0.0,0.0,0.0,0.0,14.0,0.0,0.0,0.0
BC001-7A2C56F84041,Fingerprint recognition safety systems,"A universal fingerprint recognition system for firearms that greatly reduces misuse and accidental discharge of a firearm. The fingerprint recognition assembly is completely embedded within the firearm to prevent tampering. A chip embedded in the trigger scans the firearm owner's fingerprint, and when recognized releases a safety pin, allowing the trigger to be pulled. A charging port embedded in the firearm's grip allows a USB-type connector to be attached and charge the battery chip in the CPU.",firearm,abstract,A universal fingerprint recognition system for firearms that greatly reduces misuse and accidental discharge of a firearm.,E,title,Fingerprint recognition safety systems,,E,abstract,"A chip embedded in the trigger scans the firearm owner's fingerprint, and when recognized releases a safety pin, allowing the trigger to be pulled.",,A,,,,A,,,,A,,,,A,,,,A,,,,E,abstract,"A chip embedded in the trigger scans the firearm owner's fingerprint, and when recognized releases a safety pin, allowing the trigger to be pulled.",,A,,,,A,,,,2 established; 2 explicit,False,100,0,52.0,52.0,M,1,2,16,[],{},{},10.0,12.0,16.0,0.0,0.0,0.0,0.0,0.0,14.0,0.0,0.0,0.0
BC001-A01F02870DCB,Multi-mode recognition intelligent gun cabinet,"The utility model discloses a multi-mode recognition intelligent gun cabinet which comprises a gun cabinet body, the top of the gun cabinet body is connected with a fixing box through bolts, the top of the fixing box is connected with an alarm through bolts, and the top of the alarm is connected with an alarm lamp through bolts. The bottom of an inner cavity of the fixing box is connected with a fire extinguishing mechanism through bolts, and the right side of the bottom of the inner cavity of the fixing box is connected with a processor through bolts. Through cooperative use of the box door, the face recognition cabinet lock, the mechanical lock, the fingerprint coded lock, the intelligent coded cabinet lock, the alarm lamp, the alarm, the fixed box, the cabinet base body, the vibration sensor, the smoke sensor, the annular pipe, the dry powder extinguisher bottle, the electromagnetic valve, the nozzle, the connecting air pipe, the processor and the metal cabinet shell, the multi-mode recognition function is achieved; and the cabinet door can be opened in different unlocking modes, the automatic fire extinguishing function is achieved, and fire extinguishing can be conducted on the periphery of the gun cabinet in time.",firearm,title,Multi-mode recognition intelligent gun cabinet,E,abstract,"Through cooperative use of the box door, the face recognition cabinet lock, the mechanical lock, the fingerprint coded lock, the intelligent coded cabinet lock, the alarm lamp, the alarm, the fixed box, the cabinet base body, the vibration sensor, the smoke sensor, the annular pipe, the dry powder extinguisher bottle, the electromagnetic valve, the nozzle, the connecting air pipe, the processor and the metal cabinet shell, the multi-mode recognition function is achieved; and the cabinet door can be opened in different unlocking modes, the automatic fire extinguishing function is achieved, and fire extinguishing can be conducted on the periphery of the gun cabinet in time.",,E,abstract,"Through cooperative use of the box door, the face recognition cabinet lock, the mechanical lock, the fingerprint coded lock, the intelligent coded cabinet lock, the alarm lamp, the alarm, the fixed box, the cabinet base body, the vibration sensor, the smoke sensor, the annular pipe, the dry powder extinguisher bottle, the electromagnetic valve, the nozzle, the connecting air pipe, the processor and the metal cabinet shell, the multi-mode recognition function is achieved; and the cabinet door can be opened in different unlocking modes, the automatic fire extinguishing function is achieved, and fire extinguishing can be conducted on the periphery of the gun cabinet in time.",,A,,,,A,,,,A,,,,A,,,,A,,,,E,abstract,"Through cooperative use of the box door, the face recognition cabinet lock, the mechanical lock, the fingerprint coded lock, the intelligent coded cabinet lock, the alarm lamp, the alarm, the fixed box, the cabinet base body, the vibration sensor, the smoke sensor, the annular pipe, the dry powder extinguisher bottle, the electromagnetic valve, the nozzle, the connecting air pipe, the processor and the metal cabinet shell, the multi-mode recognition function is achieved; and the cabinet door can be opened in different unlocking modes, the automatic fire extinguishing function is achieved, and fire extinguishing can be conducted on the periphery of the gun cabinet in time.",,A,,,,A,,,,2 established; 2 explicit,False,100,0,52.0,52.0,M,1,2,17,[],{},{},10.0,12.0,16.0,0.0,0.0,0.0,0.0,0.0,14.0,0.0,0.0,0.0
BC001-C047EC90B27A,Firearm with fingerprint recognition and electronic-control percussion function,"The invention discloses a firearm with fingerprint recognition and electronic-control percussion functions. The firearm has the advantages that a fingerprint recognition device is arranged on the front surface of a trigger of the firearm, bullets can be percussed under electronic control of the firearm, fingerprints of a firearm holder are read by the fingerprint recognition device on the front surface of the trigger when the firearm holder pulls the trigger, a control circuit can be connected with an electronic-control coil if the firearm holder is authorized to use the firearm, accordingly, the bullets can be impacted by a firing pin of an armature and can be discharged under the electronic control of the firearm, and problems of unauthorized use of existing firearms and accidental discharge of the existing firearms can be solved.",firearm,title,Firearm with fingerprint recognition and electronic-control percussion function,E,title,Firearm with fingerprint recognition and electronic-control percussion function,,E,abstract,"The firearm has the advantages that a fingerprint recognition device is arranged on the front surface of a trigger of the firearm, bullets can be percussed under electronic control of the firearm, fingerprints of a firearm holder are read by the fingerprint recognition device on the front surface of the trigger when the firearm holder pulls the trigger, a control circuit can be connected with an electronic-control coil if the firearm holder is authorized to use the firearm, accordingly, the bullets can be impacted by a firing pin of an armature and can be discharged under the electronic control of the firearm, and problems of unauthorized use of existing firearms and accidental discharge of the existing firearms can be solved.",,A,,,,A,,,,A,,,,A,,,,A,,,,E,abstract,"The firearm has the advantages that a fingerprint recognition device is arranged on the front surface of a trigger of the firearm, bullets can be percussed under electronic control of the firearm, fingerprints of a firearm holder are read by the fingerprint recognition device on the front surface of the trigger when the firearm holder pulls the trigger, a control circuit can be connected with an electronic-control coil if the firearm holder is authorized to use the firearm, accordingly, the bullets can be impacted by a firing pin of an armature and can be discharged under the electronic control of the firearm, and problems of unauthorized use of existing firearms and accidental discharge of the existing firearms can be solved.",,A,,,,A,,,,2 established; 2 explicit,False,100,0,52.0,52.0,M,1,2,18,[],{},{},10.0,12.0,16.0,0.0,0.0,0.0,0.0,0.0,14.0,0.0,0.0,0.0
BC001-DA1021F1705A,Gun trigger locking fingerprint lock and control method,"The invention belongs to the technical field of firearm safety devices, in particular to a gun trigger locking fingerprint lock and a control method thereof, the fingerprint lock comprises an upper lock body, a lower lock body, a fingerprint identification module, a motor driving mechanism, a locking mechanism, a mechanical key unlocking mechanism and a control circuit, wherein the upper lock body and the lower lock body can be separated from each other. The invention ensures physical safety through the mechanical engagement structure of the ratchet wheel-lock cylinder, ensures the reliability of action through the transmission mode of the cam-push rod, combines the control logic of the delayed automatic reset, realizes the intelligent control of the one-touch instant opening and the automatic reset, simultaneously reserves an extremely simple mechanical emergency unlocking means and perfectly balances convenience and safety.",firearm,title,Gun trigger locking fingerprint lock and control method,E,abstract,"The invention belongs to the technical field of firearm safety devices, in particular to a gun trigger locking fingerprint lock and a control method thereof, the fingerprint lock comprises an upper lock body, a lower lock body, a fingerprint identification module, a motor driving mechanism, a locking mechanism, a mechanical key unlocking mechanism and a control circuit, wherein the upper lock body and the lower lock body can be separated from each other.",,E,abstract,"The invention belongs to the technical field of firearm safety devices, in particular to a gun trigger locking fingerprint lock and a control method thereof, the fingerprint lock comprises an upper lock body, a lower lock body, a fingerprint identification module, a motor driving mechanism, a locking mechanism, a mechanical key unlocking mechanism and a control circuit, wherein the upper lock body and the lower lock body can be separated from each other.",,A,,,,A,,,,A,,,,A,,,,A,,,,E,abstract,"The invention belongs to the technical field of firearm safety devices, in particular to a gun trigger locking fingerprint lock and a control method thereof, the fingerprint lock comprises an upper lock body, a lower lock body, a fingerprint identification module, a motor driving mechanism, a locking mechanism, a mechanical key unlocking mechanism and a control circuit, wherein the upper lock body and the lower lock body can be separated from each other.",,A,,,,A,,,,2 established; 2 explicit,False,100,0,52.0,52.0,M,1,2,19,[],{},{},10.0,12.0,16.0,0.0,0.0,0.0,0.0,0.0,14.0,0.0,0.0,0.0
BC001-2CA9E9E96AE1,Biometric trigger lock,"A biometric trigger lock to be removably installed on a pistol, the biometric trigger lock including a first body, including a biometric sensor disposed on a surface of the first body, and a latching mechanism disposed within the first body and electrically connected to the biometric sensor to move from a latched position to an unlatched position in response to a finger of an authorized user touching the biometric sensor, and a second body, including a pin extending from a side portion of the second body and including a latching tip to detachably connect to the latching mechanism.",attached_firing_control,title,Biometric trigger lock,E,abstract,"A biometric trigger lock to be removably installed on a pistol, the biometric trigger lock including a first body, including a biometric sensor disposed on a surface of the first body, and a latching mechanism disposed within the first body and electrically connected to the biometric sensor to move from a latched position to an unlatched position in response to a finger of an authorized user touching the biometric sensor, and a second body, including a pin extending from a side portion of the second body and including a latching tip to detachably connect to the latching mechanism.",,E,abstract,"A biometric trigger lock to be removably installed on a pistol, the biometric trigger lock including a first body, including a biometric sensor disposed on a surface of the first body, and a latching mechanism disposed within the first body and electrically connected to the biometric sensor to move from a latched position to an unlatched position in response to a finger of an authorized user touching the biometric sensor, and a second body, including a pin extending from a side portion of the second body and including a latching tip to detachably connect to the latching mechanism.",,A,,,,A,,,,A,,,,A,,,,A,,,,E,abstract,"A biometric trigger lock to be removably installed on a pistol, the biometric trigger lock including a first body, including a biometric sensor disposed on a surface of the first body, and a latching mechanism disposed within the first body and electrically connected to the biometric sensor to move from a latched position to an unlatched position in response to a finger of an authorized user touching the biometric sensor, and a second body, including a pin extending from a side portion of the second body and including a latching tip to detachably connect to the latching mechanism.",,A,,,,A,,,,2 established; 2 explicit,False,100,0,50.0,50.0,M,1,2,20,[],{},{},8.0,12.0,16.0,0.0,0.0,0.0,0.0,0.0,14.0,0.0,0.0,0.0
BC001-5580B4755680,Pistol anti-robbery protection device,"A handgun tamper-evident device comprising an integral sensing fingerprint identification device electrically linking more than one locking device to form a protective device mounted on a barrel, a waistband, or a gun strap, the locking device of which may be provided at one end of the barrel and the buckle strap, or at a corresponding gun bow within the barrel, or at a waistband buckle, or at a strap buckle, The body sensing fingerprint identification device is mounted on the surface of the barrel, or at the waistband buckle, or at the strap buckle, and is unlocked by pressing the first power source for activation, and then the fingerprint identification mechanism is activated to identify the person who is correct by simultaneously firing a lock at the bow and a lock at one end of the buckle, thereby removing the gun from service immediately, not only safely controlling the use of the gun branch, but also effectively preventing the use of the gun branch.",attached_firing_control,abstract,"A handgun tamper-evident device comprising an integral sensing fingerprint identification device electrically linking more than one locking device to form a protective device mounted on a barrel, a waistband, or a gun strap, the locking device of which may be provided at one end of the barrel and the buckle strap, or at a corresponding gun bow within the barrel, or at a waistband buckle, or at a strap buckle, The body sensing fingerprint identification device is mounted on the surface of the barrel, or at the waistband buckle, or at the strap buckle, and is unlocked by pressing the first power source for activation, and then the fingerprint identification mechanism is activated to identify the person who is correct by simultaneously firing a lock at the bow and a lock at one end of the buckle, thereby removing the gun from service immediately, not only safely controlling the use of the gun branch, but also effectively preventing the use of the gun branch.",E,abstract,"A handgun tamper-evident device comprising an integral sensing fingerprint identification device electrically linking more than one locking device to form a protective device mounted on a barrel, a waistband, or a gun strap, the locking device of which may be provided at one end of the barrel and the buckle strap, or at a corresponding gun bow within the barrel, or at a waistband buckle, or at a strap buckle, The body sensing fingerprint identification device is mounted on the surface of the barrel, or at the waistband buckle, or at the strap buckle, and is unlocked by pressing the first power source for activation, and then the fingerprint identification mechanism is activated to identify the person who is correct by simultaneously firing a lock at the bow and a lock at one end of the buckle, thereby removing the gun from service immediately, not only safely controlling the use of the gun branch, but also effectively preventing the use of the gun branch.",,E,abstract,"A handgun tamper-evident device comprising an integral sensing fingerprint identification device electrically linking more than one locking device to form a protective device mounted on a barrel, a waistband, or a gun strap, the locking device of which may be provided at one end of the barrel and the buckle strap, or at a corresponding gun bow within the barrel, or at a waistband buckle, or at a strap buckle, The body sensing fingerprint identification device is mounted on the surface of the barrel, or at the waistband buckle, or at the strap buckle, and is unlocked by pressing the first power source for activation, and then the fingerprint identification mechanism is activated to identify the person who is correct by simultaneously firing a lock at the bow and a lock at one end of the buckle, thereby removing the gun from service immediately, not only safely controlling the use of the gun branch, but also effectively preventing the use of the gun branch.",,A,,,,A,,,,A,,,,A,,,,A,,,,E,abstract,"A handgun tamper-evident device comprising an integral sensing fingerprint identification device electrically linking more than one locking device to form a protective device mounted on a barrel, a waistband, or a gun strap, the locking device of which may be provided at one end of the barrel and the buckle strap, or at a corresponding gun bow within the barrel, or at a waistband buckle, or at a strap buckle, The body sensing fingerprint identification device is mounted on the surface of the barrel, or at the waistband buckle, or at the strap buckle, and is unlocked by pressing the first power source for activation, and then the fingerprint identification mechanism is activated to identify the person who is correct by simultaneously firing a lock at the bow and a lock at one end of the buckle, thereby removing the gun from service immediately, not only safely controlling the use of the gun branch, but also effectively preventing the use of the gun branch.",,A,,,,A,,,,2 established; 2 explicit,False,100,0,50.0,50.0,M,1,2,21,[],{},{},8.0,12.0,16.0,0.0,0.0,0.0,0.0,0.0,14.0,0.0,0.0,0.0
BC001-94BCFC96EEDF,Intelligent trigger lock,An intelligent trigger lock employs biometric authentication for securely locking a firearm by blocking access to a trigger. The intelligent trigger lock includes: a housing formed to the contours of the firearm; a cavity within the housing configured to receive the trigger; a locking pin inserted through the housing; a contact point; electronic circuitry operable to release the locking pin upon receiving biometric authentication; and a power source.,attached_firing_control,title,Intelligent trigger lock,E,abstract,An intelligent trigger lock employs biometric authentication for securely locking a firearm by blocking access to a trigger.,,E,abstract,The intelligent trigger lock includes: a housing formed to the contours of the firearm; a cavity within the housing configured to receive the trigger; a locking pin inserted through the housing; a contact point; electronic circuitry operable to release the locking pin upon receiving biometric authentication; and a power source.,,A,,,,A,,,,A,,,,A,,,,A,,,,E,abstract,The intelligent trigger lock includes: a housing formed to the contours of the firearm; a cavity within the housing configured to receive the trigger; a locking pin inserted through the housing; a contact point; electronic circuitry operable to release the locking pin upon receiving biometric authentication; and a power source.,,A,,,,A,,,,2 established; 2 explicit,False,100,0,50.0,50.0,M,1,2,22,[],{},{},8.0,12.0,16.0,0.0,0.0,0.0,0.0,0.0,14.0,0.0,0.0,0.0
BC001-B01A4A11D21B,Gun trigger lock,"The invention relates to the technical field of gun trigger locks, in particular to a gun trigger lock, in a locking state, a user uses fingerprints set in a fingerprint module on a circuit board by himself to unlock the lock, in the locking state, a supporting rod of a cam faces downwards and is not in contact with a spring bolt piece, and in the locking state, the supporting rod of the cam is not in contact with the spring bolt piece. The lock tongue head of the lock tongue piece extends into the lock hook side clamping groove of the lock hook piece, so that the lock hook piece cannot be pulled out, connection of the upper shell and the lower shell of the lock is achieved, a locked object located between the upper shell and the lower shell cannot be separated out, and the locking function is achieved. In the unlocking state, after fingerprint recognition succeeds, the motor is started, the cam is driven to rotate, the first matching inclined face on the cam abuts against the second matching inclined face on the vertical push plate, the spring bolt piece is driven to be away from the lock hook side clamping groove, the spring bolt is made to be separated from the lock hook side clamping groove, separation of the upper shell and the lower shell is achieved, and the gun trigger lock is opened.",attached_firing_control,title,Gun trigger lock,E,abstract,"In the unlocking state, after fingerprint recognition succeeds, the motor is started, the cam is driven to rotate, the first matching inclined face on the cam abuts against the second matching inclined face on the vertical push plate, the spring bolt piece is driven to be away from the lock hook side clamping groove, the spring bolt is made to be separated from the lock hook side clamping groove, separation of the upper shell and the lower shell is achieved, and the gun trigger lock is opened.",,E,abstract,"In the unlocking state, after fingerprint recognition succeeds, the motor is started, the cam is driven to rotate, the first matching inclined face on the cam abuts against the second matching inclined face on the vertical push plate, the spring bolt piece is driven to be away from the lock hook side clamping groove, the spring bolt is made to be separated from the lock hook side clamping groove, separation of the upper shell and the lower shell is achieved, and the gun trigger lock is opened.",,A,,,,A,,,,A,,,,A,,,,A,,,,E,abstract,"In the unlocking state, after fingerprint recognition succeeds, the motor is started, the cam is driven to rotate, the first matching inclined face on the cam abuts against the second matching inclined face on the vertical push plate, the spring bolt piece is driven to be away from the lock hook side clamping groove, the spring bolt is made to be separated from the lock hook side clamping groove, separation of the upper shell and the lower shell is achieved, and the gun trigger lock is opened.",,A,,,,A,,,,2 established; 2 explicit,False,100,0,50.0,50.0,M,1,2,23,[],{},{},8.0,12.0,16.0,0.0,0.0,0.0,0.0,0.0,14.0,0.0,0.0,0.0
BC001-CA7B0B221CD0,Firearm security device,"A firearm security device removably connected to at least a portion of a firearm, the firearm security device including a biometric sensor to scan a physical characteristic of a user and send biometric data therefrom, a control unit running a program thereon and connected to the biometric sensor to compare the biometric data received from the biometric sensor to user data to determine whether the user is an authorized user of the firearm, and a locking pin disposed on a trigger bar of the firearm and connected to the control unit to prevent use of the firearm until the control unit determines the user is authorized to use the firearm.",attached_firing_control,abstract,"A firearm security device removably connected to at least a portion of a firearm, the firearm security device including a biometric sensor to scan a physical characteristic of a user and send biometric data therefrom, a control unit running a program thereon and connected to the biometric sensor to compare the biometric data received from the biometric sensor to user data to determine whether the user is an authorized user of the firearm, and a locking pin disposed on a trigger bar of the firearm and connected to the control unit to prevent use of the firearm until the control unit determines the user is authorized to use the firearm.",E,abstract,"A firearm security device removably connected to at least a portion of a firearm, the firearm security device including a biometric sensor to scan a physical characteristic of a user and send biometric data therefrom, a control unit running a program thereon and connected to the biometric sensor to compare the biometric data received from the biometric sensor to user data to determine whether the user is an authorized user of the firearm, and a locking pin disposed on a trigger bar of the firearm and connected to the control unit to prevent use of the firearm until the control unit determines the user is authorized to use the firearm.",,E,abstract,"A firearm security device removably connected to at least a portion of a firearm, the firearm security device including a biometric sensor to scan a physical characteristic of a user and send biometric data therefrom, a control unit running a program thereon and connected to the biometric sensor to compare the biometric data received from the biometric sensor to user data to determine whether the user is an authorized user of the firearm, and a locking pin disposed on a trigger bar of the firearm and connected to the control unit to prevent use of the firearm until the control unit determines the user is authorized to use the firearm.",,A,,,,A,,,,A,,,,A,,,,A,,,,E,abstract,"A firearm security device removably connected to at least a portion of a firearm, the firearm security device including a biometric sensor to scan a physical characteristic of a user and send biometric data therefrom, a control unit running a program thereon and connected to the biometric sensor to compare the biometric data received from the biometric sensor to user data to determine whether the user is an authorized user of the firearm, and a locking pin disposed on a trigger bar of the firearm and connected to the control unit to prevent use of the firearm until the control unit determines the user is authorized to use the firearm.",,A,,,,A,,,,2 established; 2 explicit,False,100,0,50.0,50.0,M,1,2,24,[],{},{},8.0,12.0,16.0,0.0,0.0,0.0,0.0,0.0,14.0,0.0,0.0,0.0
BC001-D9937732CD71,Special messengerization intelligent recognition is alert to manage device with gun,"The embodiment of the utility model provides a special messengerization intelligent recognition is alert to manage device with gun. The device includes: singlechip, lock body unit, intelligent recognition unit, positioning unit, communication unit and electrical unit. The singlechip is connected with other five units respectively in placing gun in, and the lock body unit includes trigger lock andgun case lock, and the intelligent recognition unit adopts fingerprint identification, and positioning unit adopts the GPS unit, and communication unit includes bluetooth unit and GPRS unit, the fingerprint data of typeeing in advance in intelligent recognition unit collection user's fingerprint and the singlechip are compared, and the singlechip passes through the geographical positional information of GPRS unit real time transport gun according to the switching of comparison result control trigger lock, GPS unit, and electrical unit charges for gun end mains operated through wireless. The utility model discloses can realize alert special messengerization with gun, gun are locked from the hand promptly, are grabbed the unable gun that use of back the other side at gun, utilize the real -time navigation capability to give gun for change after gun are lost.",attached_firing_control,abstract,"The singlechip is connected with other five units respectively in placing gun in, and the lock body unit includes trigger lock andgun case lock, and the intelligent recognition unit adopts fingerprint identification, and positioning unit adopts the GPS unit, and communication unit includes bluetooth unit and GPRS unit, the fingerprint data of typeeing in advance in intelligent recognition unit collection user's fingerprint and the singlechip are compared, and the singlechip passes through the geographical positional information of GPRS unit real time transport gun according to the switching of comparison result control trigger lock, GPS unit, and electrical unit charges for gun end mains operated through wireless.",E,abstract,"The singlechip is connected with other five units respectively in placing gun in, and the lock body unit includes trigger lock andgun case lock, and the intelligent recognition unit adopts fingerprint identification, and positioning unit adopts the GPS unit, and communication unit includes bluetooth unit and GPRS unit, the fingerprint data of typeeing in advance in intelligent recognition unit collection user's fingerprint and the singlechip are compared, and the singlechip passes through the geographical positional information of GPRS unit real time transport gun according to the switching of comparison result control trigger lock, GPS unit, and electrical unit charges for gun end mains operated through wireless.",,E,abstract,"The singlechip is connected with other five units respectively in placing gun in, and the lock body unit includes trigger lock andgun case lock, and the intelligent recognition unit adopts fingerprint identification, and positioning unit adopts the GPS unit, and communication unit includes bluetooth unit and GPRS unit, the fingerprint data of typeeing in advance in intelligent recognition unit collection user's fingerprint and the singlechip are compared, and the singlechip passes through the geographical positional information of GPRS unit real time transport gun according to the switching of comparison result control trigger lock, GPS unit, and electrical unit charges for gun end mains operated through wireless.",,A,,,,A,,,,A,,,,A,,,,A,,,,E,abstract,"The singlechip is connected with other five units respectively in placing gun in, and the lock body unit includes trigger lock andgun case lock, and the intelligent recognition unit adopts fingerprint identification, and positioning unit adopts the GPS unit, and communication unit includes bluetooth unit and GPRS unit, the fingerprint data of typeeing in advance in intelligent recognition unit collection user's fingerprint and the singlechip are compared, and the singlechip passes through the geographical positional information of GPRS unit real time transport gun according to the switching of comparison result control trigger lock, GPS unit, and electrical unit charges for gun end mains operated through wireless.",,A,,,,A,,,,2 established; 2 explicit,True,100,0,50.0,50.0,M,1,2,25,[],{},{},8.0,12.0,16.0,0.0,0.0,0.0,0.0,0.0,14.0,0.0,0.0,0.0
BC001-927E1F23872F,Firearm system and method thereof,"This invention relates to a firearm system using biometric fingerprint recognition technology to ensure exclusive operation by authorized individuals. The system integrates a distinct fingerprint scanner into the firearm's grip, allowing activation and firing solely by users with registered fingerprints. The design, functioning, and components of the biometric-enabled firearm system, bolstering security and thwarting unauthorized access. The system includes a biometric sensor 102, processor 106, database, user interface, and additional security features such as tamper detection and emergency override. It transforms firearm security by incorporating biometric authentication technology, setting a new standard for safety, accountability, and traceability in firearm usage.",firearm,title,Firearm system and method thereof,E,abstract,This invention relates to a firearm system using biometric fingerprint recognition technology to ensure exclusive operation by authorized individuals.,,I,abstract,"The system integrates a distinct fingerprint scanner into the firearm's grip, allowing activation and firing solely by users with registered fingerprints.","Firearm firing control is stated alongside user authorization in the title/abstract, but their dependency is not explicit in this excerpt.",A,,,,E,abstract,"It transforms firearm security by incorporating biometric authentication technology, setting a new standard for safety, accountability, and traceability in firearm usage.",,E,abstract,"The system includes a biometric sensor 102, processor 106, database, user interface, and additional security features such as tamper detection and emergency override.",,A,,,,A,,,,C,abstract,This invention relates to a firearm system using biometric fingerprint recognition technology to ensure exclusive operation by authorized individuals.,,A,,,,C,abstract,"The system includes a biometric sensor 102, processor 106, database, user interface, and additional security features such as tamper detection and emergency override.",,3 established; 2 explicit,False,100,0,43.6,43.6,M,0,2,26,[],{},{},10.0,12.0,5.6,0.0,10.0,4.0,0.0,0.0,0.0,0.0,0.0,2.0
BC001-6624A50B3BD2,trigger Lock System with Digital Fireweapons Sensor,"TRIGGER LOCK SYSTEM WITH DIGITAL FIRE ENGINE SENSOR. The electronic firearm lock system reads the fingerprint of the finger, confronts this information with your database, and authorizes people to fire with the gun. The latching system is constituted by a digital sensor (2), which will read the fingerprint. The information will be analyzed by a microcontroller (3) who will decide whether or not the person is allowed to fire. The decision will be sent to a microtrigger (4) which, if the user is authorized, will release the trigger (6). If the user squeezes it, the user will be displaced necessary to displace the trigger rod, with the dog disarming and triggering the projectile. If the user is not allowed to use, the trigger (6) will not be released.",attached_firing_control,title,trigger Lock System with Digital Fireweapons Sensor,E,abstract,"The electronic firearm lock system reads the fingerprint of the finger, confronts this information with your database, and authorizes people to fire with the gun.",,E,abstract,"The decision will be sent to a microtrigger (4) which, if the user is authorized, will release the trigger (6).",,A,,,,A,,,,E,abstract,"The electronic firearm lock system reads the fingerprint of the finger, confronts this information with your database, and authorizes people to fire with the gun.",,A,,,,A,,,,I,abstract,"The decision will be sent to a microtrigger (4) which, if the user is authorized, will release the trigger (6).",User authorization governs firing and biometric identification is stated; the biometric result is inferred to supply that authorization.,A,,,,A,,,,2 established; 2 explicit,False,100,0,43.5,43.5,M,0,2,27,[],{},{},8.0,12.0,16.0,0.0,0.0,4.0,0.0,0.0,3.5,0.0,0.0,0.0
BC001-22C7B3E18472,Weapon trigger interlock and monitoring system,"A firearm activation and monitoring system which tracks, monitors, and automatically prevents a firearm from firing when a user is not in a suitable state of mind or is not an authorized user, as well as a method for activating and monitoring a firearm. The firearm activation and monitoring system generally comprises a firearm having a trigger and grip area, a plurality of biometric sensors located on the grip area which measure biometric data of a user, a trigger interlock, and a main microcontroller. The trigger interlock prevents the trigger from firing the firearm when the trigger interlock is in its normal or default position. To unlock the trigger, the user holds the grip area to activate the biometric sensors, and if the user is in an acceptable mental state, the main microcontroller will send an electrical signal to the trigger interlock, which unlocks the trigger and allows the user to pull the trigger of the firearm.",firearm,title,Weapon trigger interlock and monitoring system,I,abstract,"The firearm activation and monitoring system generally comprises a firearm having a trigger and grip area, a plurality of biometric sensors located on the grip area which measure biometric data of a user, a trigger interlock, and a main microcontroller.",Biometric sensing and user authorization are stated in separate sentences; identification use is inferred.,E,abstract,"A firearm activation and monitoring system which tracks, monitors, and automatically prevents a firearm from firing when a user is not in a suitable state of mind or is not an authorized user, as well as a method for activating and monitoring a firearm.",,A,,,,E,abstract,"A firearm activation and monitoring system which tracks, monitors, and automatically prevents a firearm from firing when a user is not in a suitable state of mind or is not an authorized user, as well as a method for activating and monitoring a firearm.",,A,,,,A,,,,A,,,,C,abstract,"The firearm activation and monitoring system generally comprises a firearm having a trigger and grip area, a plurality of biometric sensors located on the grip area which measure biometric data of a user, a trigger interlock, and a main microcontroller.",,A,,,,A,,,,3 established; 2 explicit,False,100,0,42.2,42.2,M,0,2,28,[],{},{},10.0,4.2,16.0,0.0,10.0,0.0,0.0,0.0,0.0,0.0,0.0,2.0
BC001-7A39832F955A,"Securing mechanisms for preventing access to a firearm by unauthorized users, and safety housings for use therewith","A securing mechanism for use in a holster, gun safe, base station, recharging/docking station, gun rack, or other safety housing for a firearm or other item, including one or more retaining members that engage the trigger guard, barrel, or other part of the firearm to prevent withdrawal of the firearm from the safety housing by anyone other than an authorized user of the firearm. The securing mechanism includes a biometric identification mechanism such as a fingerprint sensor for scanning fingerprint information of a prospective user of the firearm, and a processor for comparing the scanned biometric information with stored biometric information of an authorized user and releasing the retaining member only if the scanned biometric information matches that of the authorized user.",firearm,title,"Securing mechanisms for preventing access to a firearm by unauthorized users, and safety housings for use therewith",E,abstract,"The securing mechanism includes a biometric identification mechanism such as a fingerprint sensor for scanning fingerprint information of a prospective user of the firearm, and a processor for comparing the scanned biometric information with stored biometric information of an authorized user and releasing the retaining member only if the scanned biometric information matches that of the authorized user.",,E,abstract,"A securing mechanism for use in a holster, gun safe, base station, recharging/docking station, gun rack, or other safety housing for a firearm or other item, including one or more retaining members that engage the trigger guard, barrel, or other part of the firearm to prevent withdrawal of the firearm from the safety housing by anyone other than an authorized user of the firearm.",,A,,,,A,,,,A,,,,A,,,,A,,,,I,abstract,"A securing mechanism for use in a holster, gun safe, base station, recharging/docking station, gun rack, or other safety housing for a firearm or other item, including one or more retaining members that engage the trigger guard, barrel, or other part of the firearm to prevent withdrawal of the firearm from the safety housing by anyone other than an authorized user of the firearm.",User authorization governs firing and biometric identification is stated; the biometric result is inferred to supply that authorization.,A,,,,A,,,,2 established; 2 explicit,False,100,0,41.5,41.5,M,0,2,29,[],{},{},10.0,12.0,16.0,0.0,0.0,0.0,0.0,0.0,3.5,0.0,0.0,0.0
BC001-EC06FA2CBD2B,Fingerprint collection device for access control and personal weapons and other systems controlled thereby,"The numerical aperture (NA) of the optical fiber is reduced to allow the cross-lighting phenomenon of the optical fiber prism assembly to be tolerated so as not to exceed 0.5 if possible. A substantial portion of the light travels along the optical fiber based on a fine image, such as a fingerprint, at an input end of the assembly. At the assembly output, a detector responds to the electrical signal arrangement based on the surface undulations. These signals are processed to check the identity of fingerprints or the like, as well as used to control access to personal weapons, other equipment, facilities, data, or money services. As much as possible, the assembly uses a separation element such as, for example, an optical fiber taper (through which the input light does not cross) that is high NA due to out-of-area absorption of the EMA material. In the case of weapons, an anti-oversight module (which matches the weapon port and must also be cosmetically embodied) holds a portion of the access control and firing system. Bullets and the like are fired only when a specific signal is generated from the module.",attached_firing_control,abstract,"In the case of weapons, an anti-oversight module (which matches the weapon port and must also be cosmetically embodied) holds a portion of the access control and firing system.",I,title,Fingerprint collection device for access control and personal weapons and other systems controlled thereby,Biometric sensing and user authorization are stated in separate sentences; identification use is inferred.,E,abstract,"In the case of weapons, an anti-oversight module (which matches the weapon port and must also be cosmetically embodied) holds a portion of the access control and firing system.",,A,,,,E,title,Fingerprint collection device for access control and personal weapons and other systems controlled thereby,,A,,,,A,,,,A,,,,C,title,Fingerprint collection device for access control and personal weapons and other systems controlled thereby,,A,,,,A,,,,3 established; 2 explicit,False,100,0,40.2,40.2,M,0,2,30,[],{},{},8.0,4.2,16.0,0.0,10.0,0.0,0.0,0.0,0.0,0.0,0.0,2.0
BC001-412B4822AEC2,"An improved firearm repository, security and access control system","The present invention discloses a firearm access control system comprises at least one firearm repository (100) having a rack structure defining one or more cartridge storages (108) for accommodating one or more firearms, a locking mechanism (106) for locking the cartridge storages (108), a biometric input device (101) for obtaining biometric information from a user, a chip reader (102) for reading chip, and a control unit (107) for processing data and actuating the locking mechanism (106), and a computer server (200) linked to the control unit (107) via a communication network (300), configured to collect data information from the control unit (107), to authenticate the user by comparing the biometric information with those pre-stored in a database (202), upon successful authentication, the computer server (200) further checks and verifies the user?s authority, and followed by instructing the locking mechanism (106) to release firearm that carries the assigned chip (102) via the control unit (107).",firearm,title,"An improved firearm repository, security and access control system",E,abstract,"The present invention discloses a firearm access control system comprises at least one firearm repository (100) having a rack structure defining one or more cartridge storages (108) for accommodating one or more firearms, a locking mechanism (106) for locking the cartridge storages (108), a biometric input device (101) for obtaining biometric information from a user, a chip reader (102) for reading chip, and a control unit (107) for processing data and actuating the locking mechanism (106), and a computer server (200) linked to the control unit (107) via a communication network (300), configured to collect data information from the control unit (107), to authenticate the user by comparing the biometric information with those pre-stored in a database (202), upon successful authentication, the computer server (200) further checks and verifies the user?",,A,,,,A,,,,E,abstract,"The present invention discloses a firearm access control system comprises at least one firearm repository (100) having a rack structure defining one or more cartridge storages (108) for accommodating one or more firearms, a locking mechanism (106) for locking the cartridge storages (108), a biometric input device (101) for obtaining biometric information from a user, a chip reader (102) for reading chip, and a control unit (107) for processing data and actuating the locking mechanism (106), and a computer server (200) linked to the control unit (107) via a communication network (300), configured to collect data information from the control unit (107), to authenticate the user by comparing the biometric information with those pre-stored in a database (202), upon successful authentication, the computer server (200) further checks and verifies the user?",,E,abstract,"The present invention discloses a firearm access control system comprises at least one firearm repository (100) having a rack structure defining one or more cartridge storages (108) for accommodating one or more firearms, a locking mechanism (106) for locking the cartridge storages (108), a biometric input device (101) for obtaining biometric information from a user, a chip reader (102) for reading chip, and a control unit (107) for processing data and actuating the locking mechanism (106), and a computer server (200) linked to the control unit (107) via a communication network (300), configured to collect data information from the control unit (107), to authenticate the user by comparing the biometric information with those pre-stored in a database (202), upon successful authentication, the computer server (200) further checks and verifies the user?",,A,,,,A,,,,A,,,,A,,,,E,abstract,"The present invention discloses a firearm access control system comprises at least one firearm repository (100) having a rack structure defining one or more cartridge storages (108) for accommodating one or more firearms, a locking mechanism (106) for locking the cartridge storages (108), a biometric input device (101) for obtaining biometric information from a user, a chip reader (102) for reading chip, and a control unit (107) for processing data and actuating the locking mechanism (106), and a computer server (200) linked to the control unit (107) via a communication network (300), configured to collect data information from the control unit (107), to authenticate the user by comparing the biometric information with those pre-stored in a database (202), upon successful authentication, the computer server (200) further checks and verifies the user?",,2 established; 2 explicit,False,100,0,40.0,40.0,M,0,2,31,[],{},{},10.0,12.0,0.0,0.0,10.0,4.0,0.0,0.0,0.0,0.0,4.0,0.0
BC001-3FEDD335FFC6,Firearm safety system,A firearm safety system restricts the use of the firearm by reference to biometric data received by a sensor (23) coupled to the firearm trigger (26). The biometric data is compared to at least one record of biometric data associated with a permitted user to determine whether firearm actuation is permitted. Firearm actuation is controlled by an anchor (24) that is pivotally coupled to the firearm trigger (26). Firearm actuation is prevented when the anchor is extended between the trigger (26) and the trigger aperture (21). Firearm actuation is permited when the anchor (24) is retracted in response to a positive identification by the sensor (23).,firearm,title,Firearm safety system,E,abstract,The biometric data is compared to at least one record of biometric data associated with a permitted user to determine whether firearm actuation is permitted.,,I,abstract,A firearm safety system restricts the use of the firearm by reference to biometric data received by a sensor (23) coupled to the firearm trigger (26).,"Firearm firing control is stated alongside user authorization in the title/abstract, but their dependency is not explicit in this excerpt.",A,,,,E,abstract,The biometric data is compared to at least one record of biometric data associated with a permitted user to determine whether firearm actuation is permitted.,,A,,,,A,,,,A,,,,C,abstract,A firearm safety system restricts the use of the firearm by reference to biometric data received by a sensor (23) coupled to the firearm trigger (26).,,A,,,,A,,,,3 established; 2 explicit,False,100,0,39.6,39.6,M,0,2,32,[],{},{},10.0,12.0,5.6,0.0,10.0,0.0,0.0,0.0,0.0,0.0,0.0,2.0
BC001-933E6016FD63,Sniper rifle,"The utility model relates to the field of creating a special sniper rifle for conducting targeted operations against enemy terrorist groups near our border and within the country, and also is capable of engaging low-flying air targets (helicopters, UAVs), external equipment of enemy tanks and armored personnel carriers, snipers and is a weapon of small airborne units, long-range infantry reconnaissance groups, etc. In the 75 years since the end of the Second World War, many different models of sniper rifles have been created in the world. This firearm device contains a means of protection against firing by an unregistered person, and has a means of information storage consisting of an image in an electronic system for controlling the firing from the presented weapon, and also stores a special code connected to each bullet fired and a laser system for forming a laser beam that ignites the charge for firing the bullet. Furthermore, the means for protecting the weapon contains physical information intended for allowing the firing from this firearm. Here, physical information is the fingerprint of a person about to use a given firearm, through which that person can be identified. The inventive firearm device comprises a digital camera, a microphone for recording sound and a clock for recording real time, wherein the instruments are mounted along the barrel for recording images used for firing shots and said information gathering means are arranged on the rear working surface of the weapon handle element. The utility model relates to the field of creating a special sniper rifle for conducting targeted operations against enemy terrorist groups near our border and within the country, and also is capable of engaging low-flying air targets (helicopters, UAVs), external equipment of enemy tanks and armored personnel carriers, snipers and is a weapon of small airborne units, long-range infantry reconnaissance groups, etc. In the 75 years since the end of World War II, the world has produced many different models of sniper rifles. The inventive firearm device comprises a means for protecting against firing by an unregistered person and comprises an information storing means which consists of an image contained in an electronic system for controlling the firing of the presented weapon and stores a special code connected to each fired bullet and a laser system for forming a laser beam igniting the bullet firing charge. Furthermore, the means for protecting a firearm comprises physical information intended for permitting the firing of the firearm in question. Here, physical information is the fingerprint of a person about to use a given firearm, through which that person can be identified. The inventive firearm device comprises a digital camera, a microphone for recording sound and a clock for recording real time, wherein the instruments are mounted along the barrel for recording images used for firing shots and said information gathering means are arranged on the rear working surface of the weapon handle element.",firearm,title,Sniper rifle,E,abstract,"Here, physical information is the fingerprint of a person about to use a given firearm, through which that person can be identified.",,I,abstract,"This firearm device contains a means of protection against firing by an unregistered person, and has a means of information storage consisting of an image in an electronic system for controlling the firing from the presented weapon, and also stores a special code connected to each bullet fired and a laser system for forming a laser beam that ignites the charge for firing the bullet.","Firearm firing control is stated alongside user authorization in the title/abstract, but their dependency is not explicit in this excerpt.",A,,,,E,abstract,"The inventive firearm device comprises a digital camera, a microphone for recording sound and a clock for recording real time, wherein the instruments are mounted along the barrel for recording images used for firing shots and said information gathering means are arranged on the rear working surface of the weapon handle element.",,A,,,,A,,,,A,,,,C,abstract,"Here, physical information is the fingerprint of a person about to use a given firearm, through which that person can be identified.",,A,,,,A,,,,3 established; 2 explicit,False,100,0,39.6,39.6,M,0,2,33,[],{},{},10.0,12.0,5.6,0.0,10.0,0.0,0.0,0.0,0.0,0.0,0.0,2.0
BC001-9ABAC4743433,Firearm safety system,A firearm safety system restricts the use of the firearm by reference to biometric data received by a sensor coupled to the firearm trigger. The biometric data is compared to at least one record of biometric data associated with a permitted user to determine whether firearm actuation is permitted. Firearm actuation is controlled by an anchor that is pivotally coupled to the firearm trigger. Firearm actuation is prevented when the anchor is extended between the trigger and the trigger aperture. Firearm actuation is permitted when the anchor is retracted in response to a positive identification by the sensor.,firearm,title,Firearm safety system,E,abstract,The biometric data is compared to at least one record of biometric data associated with a permitted user to determine whether firearm actuation is permitted.,,I,abstract,A firearm safety system restricts the use of the firearm by reference to biometric data received by a sensor coupled to the firearm trigger.,"Firearm firing control is stated alongside user authorization in the title/abstract, but their dependency is not explicit in this excerpt.",A,,,,E,abstract,The biometric data is compared to at least one record of biometric data associated with a permitted user to determine whether firearm actuation is permitted.,,A,,,,A,,,,A,,,,C,abstract,A firearm safety system restricts the use of the firearm by reference to biometric data received by a sensor coupled to the firearm trigger.,,A,,,,A,,,,3 established; 2 explicit,False,100,0,39.6,39.6,M,0,2,34,[],{},{},10.0,12.0,5.6,0.0,10.0,0.0,0.0,0.0,0.0,0.0,0.0,2.0
BC001-026F42CE8F7A,Gun inspection room system based on face recognition and voiceprint recognition,"The invention provides a gun inspection room system based on face recognition and voiceprint recognition. The gun inspection room system based on face recognition and voiceprint recognition comprises a sound insulation room which is provided with a sound insulation mechanism, an access control device which is arranged at the entrance of the sound insulation room and comprises face recognition or/and voiceprint recognition, a gun model acquisition device which is arranged in the sound insulation room and is used for acquiring the model of the gun to be inspected, a recording device which comprises a microphone array and is used for extracting the audio signals of which the distances are within a preset threshold range as audio signals to be identified, and an audio comparison device which stores a standard gun inspection audio signal database associated with different types of guns and is used for calling the standard gun inspection audio signals of the types of the guns to be inspected, comparing the audio signals to be identified with the standard gun inspection audio signals and judging whether the gun inspection action is completed or not.",firearm,title,Gun inspection room system based on face recognition and voiceprint recognition,E,title,Gun inspection room system based on face recognition and voiceprint recognition,,A,,,,A,,,,E,abstract,"The gun inspection room system based on face recognition and voiceprint recognition comprises a sound insulation room which is provided with a sound insulation mechanism, an access control device which is arranged at the entrance of the sound insulation room and comprises face recognition or/and voiceprint recognition, a gun model acquisition device which is arranged in the sound insulation room and is used for acquiring the model of the gun to be inspected, a recording device which comprises a microphone array and is used for extracting the audio signals of which the distances are within a preset threshold range as audio signals to be identified, and an audio comparison device which stores a standard gun inspection audio signal database associated with different types of guns and is used for calling the standard gun inspection audio signals of the types of the guns to be inspected, comparing the audio signals to be identified with the standard gun inspection audio signals and judging whether the gun inspection action is completed or not.",,E,abstract,"The gun inspection room system based on face recognition and voiceprint recognition comprises a sound insulation room which is provided with a sound insulation mechanism, an access control device which is arranged at the entrance of the sound insulation room and comprises face recognition or/and voiceprint recognition, a gun model acquisition device which is arranged in the sound insulation room and is used for acquiring the model of the gun to be inspected, a recording device which comprises a microphone array and is used for extracting the audio signals of which the distances are within a preset threshold range as audio signals to be identified, and an audio comparison device which stores a standard gun inspection audio signal database associated with different types of guns and is used for calling the standard gun inspection audio signals of the types of the guns to be inspected, comparing the audio signals to be identified with the standard gun inspection audio signals and judging whether the gun inspection action is completed or not.",,A,,,,A,,,,A,,,,A,,,,C,abstract,"The gun inspection room system based on face recognition and voiceprint recognition comprises a sound insulation room which is provided with a sound insulation mechanism, an access control device which is arranged at the entrance of the sound insulation room and comprises face recognition or/and voiceprint recognition, a gun model acquisition device which is arranged in the sound insulation room and is used for acquiring the model of the gun to be inspected, a recording device which comprises a microphone array and is used for extracting the audio signals of which the distances are within a preset threshold range as audio signals to be identified, and an audio comparison device which stores a standard gun inspection audio signal database associated with different types of guns and is used for calling the standard gun inspection audio signals of the types of the guns to be inspected, comparing the audio signals to be identified with the standard gun inspection audio signals and judging whether the gun inspection action is completed or not.",,2 established; 2 explicit,False,100,0,36.0,36.0,M,0,2,35,[],{},{},10.0,12.0,0.0,0.0,10.0,4.0,0.0,0.0,0.0,0.0,0.0,0.0
BC001-1D9489637485,Internet of things based position tracking intergration weapon management system,"A location tracking type integrated weapon management system based on internet of things includes: at least one field arsenal which stores weapons such as firearms or magazines; a field manager terminal which stores information related to an approval of carry-out of weapons in a DB; and a remote responsible person terminal which receives, stores, and monitors the related information stored by the field manager terminal. The related information includes identification information of carry-out of a weapon and weapon information; information related to the weapon is read and transmitted by a reader by attaching an NFC tag for recognition to the weapon; an identification process is performed by a face recognition device about a person who returns the carry-out of the weapon; and situations of carry-in and carry-out of the weapon are recorded by attaching a camera capable of photographing an area around the field arsenal. The field manager terminal enables an approval process after identification by receiving identification information by the face recognition device; a GPS module is mounted in the weapon; the real-time location of carry-out of the weapon is grasped by displaying the location information of carry-out of the weapon through the GPS module on a GIS map; a wired/wireless service is possible in all positions capable of internet by building a clouding system connected to an integrated management server between the field manager terminal and the remote responsible person terminal; and a system can be expanded without stopping a service.",firearm,title,Internet of things based position tracking intergration weapon management system,E,abstract,The related information includes identification information of carry-out of a weapon and weapon information; information related to the weapon is read and transmitted by a reader by attaching an NFC tag for recognition to the weapon; an identification process is performed by a face recognition device about a person who returns the carry-out of the weapon; and situations of carry-in and carry-out of the weapon are recorded by attaching a camera capable of photographing an area around the field arsenal.,,A,,,,A,,,,E,title,Internet of things based position tracking intergration weapon management system,,E,abstract,The field manager terminal enables an approval process after identification by receiving identification information by the face recognition device; a GPS module is mounted in the weapon; the real-time location of carry-out of the weapon is grasped by displaying the location information of carry-out of the weapon through the GPS module on a GIS map; a wired/wireless service is possible in all positions capable of internet by building a clouding system connected to an integrated management server between the field manager terminal and the remote responsible person terminal; and a system can be expanded without stopping a service.,,A,,,,A,,,,A,,,,A,,,,C,abstract,The field manager terminal enables an approval process after identification by receiving identification information by the face recognition device; a GPS module is mounted in the weapon; the real-time location of carry-out of the weapon is grasped by displaying the location information of carry-out of the weapon through the GPS module on a GIS map; a wired/wireless service is possible in all positions capable of internet by building a clouding system connected to an integrated management server between the field manager terminal and the remote responsible person terminal; and a system can be expanded without stopping a service.,,2 established; 2 explicit,True,100,0,36.0,36.0,M,0,2,36,[],{},{},10.0,12.0,0.0,0.0,10.0,4.0,0.0,0.0,0.0,0.0,0.0,0.0
BC001-3321FBA07341,A smart control and monitoring system,"The present invention relates to a smart control and monitoring system for a gun. The smart control and monitoring system is detachably attached to the gun. The smart security control and monitoring system for the gun includes various sensors and components like GPS device, GPS proximity sensor, battery, motion sensor, RFID tag, low battery sensor, load sensor, tamper sensor, touch sensor, magazine capacity counter sensor, finger print authentication sensor, lock and contact sensor, speaker, LED, camera, heat sensor, memory card slot, printed circuit board (PCB) device, an alarm unit, LED light, Digital counter and a laser means. The smart security and alert system is operably connected to an external cloud device or law enforcement database or law enforcement security server.",firearm,abstract,The present invention relates to a smart control and monitoring system for a gun.,E,abstract,"The smart security control and monitoring system for the gun includes various sensors and components like GPS device, GPS proximity sensor, battery, motion sensor, RFID tag, low battery sensor, load sensor, tamper sensor, touch sensor, magazine capacity counter sensor, finger print authentication sensor, lock and contact sensor, speaker, LED, camera, heat sensor, memory card slot, printed circuit board (PCB) device, an alarm unit, LED light, Digital counter and a laser means.",,A,,,,A,,,,E,abstract,"The smart security control and monitoring system for the gun includes various sensors and components like GPS device, GPS proximity sensor, battery, motion sensor, RFID tag, low battery sensor, load sensor, tamper sensor, touch sensor, magazine capacity counter sensor, finger print authentication sensor, lock and contact sensor, speaker, LED, camera, heat sensor, memory card slot, printed circuit board (PCB) device, an alarm unit, LED light, Digital counter and a laser means.",,E,abstract,The smart security and alert system is operably connected to an external cloud device or law enforcement database or law enforcement security server.,,A,,,,A,,,,A,,,,A,,,,C,abstract,The smart security and alert system is operably connected to an external cloud device or law enforcement database or law enforcement security server.,,2 established; 2 explicit,True,100,0,36.0,36.0,M,0,2,37,[],{},{},10.0,12.0,0.0,0.0,10.0,4.0,0.0,0.0,0.0,0.0,0.0,0.0
BC001-AD6EF2E36B24,Portable intelligent gun box device,"The invention discloses a portable intelligent gun box device, which comprises a power module circuit, an ARM processor platform and a fingerprint acquisition module circuit, wherein the power module circuit is connected onto power ends of the ARM processor platform, the fingerprint acquisition module circuit, a GPS&GPRS module circuit and a peripheral module circuit for providing power; and the CAMER interface of the ARM processor platform is connected with the fingerprint acquisition module circuit for fingerprint extraction and comparison, and only an authorized legal user can open the gun box. The fact that the fingerprint for the identity of a gun-taking person is quickly compared and the gun box is legally opened can be realized, remote increased and decreased authorization on the identity of the gun-taking person can be realized, the fact that each gun box has a global unique ID series number can be realized, and the uniqueness of each gun box is ensured; the fact that the position unlocking information and the unlocking time of the gun-taking person are recorded to the gun box device for facilitating query is realized; the portable intelligent gun box device is applicable to military and public security exercises for realizing quick gun-taking person identity recognition, remote monitoring and real-time authorization; and due to records of the gun-taking person identity information, the time and the space, supervision by a relevant department is facilitated.",firearm,title,Portable intelligent gun box device,E,abstract,"The invention discloses a portable intelligent gun box device, which comprises a power module circuit, an ARM processor platform and a fingerprint acquisition module circuit, wherein the power module circuit is connected onto power ends of the ARM processor platform, the fingerprint acquisition module circuit, a GPS&GPRS module circuit and a peripheral module circuit for providing power; and the CAMER interface of the ARM processor platform is connected with the fingerprint acquisition module circuit for fingerprint extraction and comparison, and only an authorized legal user can open the gun box.",,A,,,,A,,,,E,abstract,"The invention discloses a portable intelligent gun box device, which comprises a power module circuit, an ARM processor platform and a fingerprint acquisition module circuit, wherein the power module circuit is connected onto power ends of the ARM processor platform, the fingerprint acquisition module circuit, a GPS&GPRS module circuit and a peripheral module circuit for providing power; and the CAMER interface of the ARM processor platform is connected with the fingerprint acquisition module circuit for fingerprint extraction and comparison, and only an authorized legal user can open the gun box.",,E,abstract,"The fact that the fingerprint for the identity of a gun-taking person is quickly compared and the gun box is legally opened can be realized, remote increased and decreased authorization on the identity of the gun-taking person can be realized, the fact that each gun box has a global unique ID series number can be realized, and the uniqueness of each gun box is ensured; the fact that the position unlocking information and the unlocking time of the gun-taking person are recorded to the gun box device for facilitating query is realized; the portable intelligent gun box device is applicable to military and public security exercises for realizing quick gun-taking person identity recognition, remote monitoring and real-time authorization; and due to records of the gun-taking person identity information, the time and the space, supervision by a relevant department is facilitated.",,A,,,,A,,,,A,,,,A,,,,C,abstract,"The fact that the fingerprint for the identity of a gun-taking person is quickly compared and the gun box is legally opened can be realized, remote increased and decreased authorization on the identity of the gun-taking person can be realized, the fact that each gun box has a global unique ID series number can be realized, and the uniqueness of each gun box is ensured; the fact that the position unlocking information and the unlocking time of the gun-taking person are recorded to the gun box device for facilitating query is realized; the portable intelligent gun box device is applicable to military and public security exercises for realizing quick gun-taking person identity recognition, remote monitoring and real-time authorization; and due to records of the gun-taking person identity information, the time and the space, supervision by a relevant department is facilitated.",,2 established; 2 explicit,True,100,0,36.0,36.0,M,0,2,38,[],{},{},10.0,12.0,0.0,0.0,10.0,4.0,0.0,0.0,0.0,0.0,0.0,0.0
BC001-B73EDD1DA08A,Security system for adaptive stadium access,"A security system for adaptive stadium access, the system comprising a gate-like structure 101 on motorized tracked wheels 102 to enable horizontal movement to entry and exit of the stadium, sliding motorized gates 103 to enable controlled entry and exit to the stadium, an artificial intelligence (AI) camera 104 for identity verification during entry, a facial feature detection sensor to accurately identify key facial landmarks, an infrared face recognition sensor to ensure reliable detection in various lighting conditions, an X-ray baggage inspection unit 105 to inspect individuals and baggage, a metal detectors and image recognition sensors for identifying sharp tools, firearms, restricted items, a speaker to broadcast an alert upon detection of prohibited items on the individual or the baggage, a touch screen display screen 110 for multimodal verification, and a ticket providing unit 111 to facilitate smooth transactions.",firearm,abstract,"A security system for adaptive stadium access, the system comprising a gate-like structure 101 on motorized tracked wheels 102 to enable horizontal movement to entry and exit of the stadium, sliding motorized gates 103 to enable controlled entry and exit to the stadium, an artificial intelligence (AI) camera 104 for identity verification during entry, a facial feature detection sensor to accurately identify key facial landmarks, an infrared face recognition sensor to ensure reliable detection in various lighting conditions, an X-ray baggage inspection unit 105 to inspect individuals and baggage, a metal detectors and image recognition sensors for identifying sharp tools, firearms, restricted items, a speaker to broadcast an alert upon detection of prohibited items on the individual or the baggage, a touch screen display screen 110 for multimodal verification, and a ticket providing unit 111 to facilitate smooth transactions.",E,abstract,"A security system for adaptive stadium access, the system comprising a gate-like structure 101 on motorized tracked wheels 102 to enable horizontal movement to entry and exit of the stadium, sliding motorized gates 103 to enable controlled entry and exit to the stadium, an artificial intelligence (AI) camera 104 for identity verification during entry, a facial feature detection sensor to accurately identify key facial landmarks, an infrared face recognition sensor to ensure reliable detection in various lighting conditions, an X-ray baggage inspection unit 105 to inspect individuals and baggage, a metal detectors and image recognition sensors for identifying sharp tools, firearms, restricted items, a speaker to broadcast an alert upon detection of prohibited items on the individual or the baggage, a touch screen display screen 110 for multimodal verification, and a ticket providing unit 111 to facilitate smooth transactions.",,A,,,,A,,,,E,abstract,"A security system for adaptive stadium access, the system comprising a gate-like structure 101 on motorized tracked wheels 102 to enable horizontal movement to entry and exit of the stadium, sliding motorized gates 103 to enable controlled entry and exit to the stadium, an artificial intelligence (AI) camera 104 for identity verification during entry, a facial feature detection sensor to accurately identify key facial landmarks, an infrared face recognition sensor to ensure reliable detection in various lighting conditions, an X-ray baggage inspection unit 105 to inspect individuals and baggage, a metal detectors and image recognition sensors for identifying sharp tools, firearms, restricted items, a speaker to broadcast an alert upon detection of prohibited items on the individual or the baggage, a touch screen display screen 110 for multimodal verification, and a ticket providing unit 111 to facilitate smooth transactions.",,E,abstract,"A security system for adaptive stadium access, the system comprising a gate-like structure 101 on motorized tracked wheels 102 to enable horizontal movement to entry and exit of the stadium, sliding motorized gates 103 to enable controlled entry and exit to the stadium, an artificial intelligence (AI) camera 104 for identity verification during entry, a facial feature detection sensor to accurately identify key facial landmarks, an infrared face recognition sensor to ensure reliable detection in various lighting conditions, an X-ray baggage inspection unit 105 to inspect individuals and baggage, a metal detectors and image recognition sensors for identifying sharp tools, firearms, restricted items, a speaker to broadcast an alert upon detection of prohibited items on the individual or the baggage, a touch screen display screen 110 for multimodal verification, and a ticket providing unit 111 to facilitate smooth transactions.",,A,,,,A,,,,A,,,,A,,,,C,abstract,"A security system for adaptive stadium access, the system comprising a gate-like structure 101 on motorized tracked wheels 102 to enable horizontal movement to entry and exit of the stadium, sliding motorized gates 103 to enable controlled entry and exit to the stadium, an artificial intelligence (AI) camera 104 for identity verification during entry, a facial feature detection sensor to accurately identify key facial landmarks, an infrared face recognition sensor to ensure reliable detection in various lighting conditions, an X-ray baggage inspection unit 105 to inspect individuals and baggage, a metal detectors and image recognition sensors for identifying sharp tools, firearms, restricted items, a speaker to broadcast an alert upon detection of prohibited items on the individual or the baggage, a touch screen display screen 110 for multimodal verification, and a ticket providing unit 111 to facilitate smooth transactions.",,2 established; 2 explicit,False,100,0,36.0,36.0,M,0,2,39,[],{},{},10.0,12.0,0.0,0.0,10.0,4.0,0.0,0.0,0.0,0.0,0.0,0.0
BC001-052D30A4DBB9,Intelligent recognition gun,"The utility model belongs to the military project field, concretely relates to intelligent recognition gun. Gun include handle and actuating mechanism, actuating mechanism includes gun locking device, personnel recognition device, power and circuit, personnel recognition device with gun locking device passes through the circuit electricity federation, personnel recognition device includes RFID unit and fingerprint identification unit, the RFID unit includes that personnel information verifies end and personnel information record end. Intelligence handle system can realize the accurate management of gun, injects the administration authority of gun at littleer within range, has done abundant optimization simultaneously in the promptness that gun used, and the operation impression is like the same convenient and fast of traditional gun, intelligence handle system's adoption fingerprint and RFID technique, the user can relieve the gun insurance through fingerprint of oneself or the ID ring of wearing, just can lock automatically again when openhanded hold of handle gun, avoids gun to be used by other people.",firearm,title,Intelligent recognition gun,E,abstract,"Gun include handle and actuating mechanism, actuating mechanism includes gun locking device, personnel recognition device, power and circuit, personnel recognition device with gun locking device passes through the circuit electricity federation, personnel recognition device includes RFID unit and fingerprint identification unit, the RFID unit includes that personnel information verifies end and personnel information record end.",,A,,,,A,,,,E,abstract,"Gun include handle and actuating mechanism, actuating mechanism includes gun locking device, personnel recognition device, power and circuit, personnel recognition device with gun locking device passes through the circuit electricity federation, personnel recognition device includes RFID unit and fingerprint identification unit, the RFID unit includes that personnel information verifies end and personnel information record end.",,A,,,,A,,,,A,,,,A,,,,A,,,,A,,,,2 established; 2 explicit,False,100,0,32.0,32.0,M,0,2,40,[],{},{},10.0,12.0,0.0,0.0,10.0,0.0,0.0,0.0,0.0,0.0,0.0,0.0
BC001-47E0F9721A5C,Techniques for dynamically managing a gun component,"The present disclosure provides systems and techniques for dynamically operating a peripheral component of a gun, such as a flashlight, an electronic sight, or a haptic motor. The gun may perform an authentication procedure to identify a user operating the gun, retrieve a configuration file from memory housed in the gun in response to the authentication procedure, and perform a function at the peripheral component based on the configuration file indicating that the function is to be performed for the user. The gun may collect authentication data, such as biometric data or token data, and the gun may identify the user operating the gun based on the authentication data. The user operating the gun may be identified in response to matching the collected authentication data to authentication data stored in the memory, and the gun may determine the function based on the configuration file indicating the function for the user.",firearm,title,Techniques for dynamically managing a gun component,E,abstract,"The gun may collect authentication data, such as biometric data or token data, and the gun may identify the user operating the gun based on the authentication data.",,A,,,,A,,,,E,abstract,"The gun may collect authentication data, such as biometric data or token data, and the gun may identify the user operating the gun based on the authentication data.",,A,,,,A,,,,A,,,,A,,,,A,,,,A,,,,2 established; 2 explicit,False,100,0,32.0,32.0,M,0,2,41,[],{},{},10.0,12.0,0.0,0.0,10.0,0.0,0.0,0.0,0.0,0.0,0.0,0.0
BC001-62F8F4E8D123,System and method for monitoring and securing a military weapon,"A system (100) for monitoring and securing a military weapon is disclosed. A biometric sensing chip (102) senses fingerprint of a user. A biometric recognition module (110) receives user recognition data representative of sensed fingerprint of the user, matches the user recognition data with historical user recognition data, identifies authentication of the user using a neural network accelerator. An access control module (120) enables access to the user for using the military weapon. A data monitoring and securing module (130) tracks user handling data representative of usage of the military weapon by the user in real-time, encrypts the user handling data for security purpose using a physical unclonable function based key generation technique. An actuation module (140) determines pressure of a finger of the user when the access for using the military weapon is obtained, sends activation signal for triggering of the military weapon by based on the pressure determined.",firearm,title,System and method for monitoring and securing a military weapon,E,abstract,"A biometric recognition module (110) receives user recognition data representative of sensed fingerprint of the user, matches the user recognition data with historical user recognition data, identifies authentication of the user using a neural network accelerator.",,A,,,,A,,,,E,abstract,"A data monitoring and securing module (130) tracks user handling data representative of usage of the military weapon by the user in real-time, encrypts the user handling data for security purpose using a physical unclonable function based key generation technique.",,A,,,,A,,,,A,,,,A,,,,A,,,,A,,,,2 established; 2 explicit,False,100,0,32.0,32.0,M,0,2,42,[],{},{},10.0,12.0,0.0,0.0,10.0,0.0,0.0,0.0,0.0,0.0,0.0,0.0
BC001-7BA69A8AAAF4,Intelligent safety lock for gun,"The utility model discloses an intelligent safety lock for a gun. The intelligent safety lock for the gun comprises a left lock base and a right lock base which are locked to each other, wherein the right lock base comprises a lock frame, a spring, a plug pin, a positioning frame, an electromagnetic guiding head, an electromagnetic coil, an intelligent fingerprint processing module, a lock base shell and a fingerprint collecting plate, the lock frame is fixedly connected with the lock base shell, a containing cavity is formed in the lock frame, the positioning frame, the electromagnetic guiding head, the electromagnetic coil and the intelligent fingerprint processing module are arranged in the containing cavity, a protruding column is arranged outside the lock frame and provided with an infrared induction device, and the positioning frame is provided with a through hole for the plug pin to penetrate through; the left lock base is provided with a column groove matched with the protruding column, the column groove is provided with a metal inserting core, and the metal inserting pin is provided with an inserting hole matched with the plug pin; the fingerprint collecting plate, the infrared induction device, the intelligent fingerprint processing module and the electromagnetic coil are connected through electric signals. According to the intelligent safety lock for the gun, the safety lock is opened in a fingerprint recognition mode, safety performance is higher, locking and unlocking can be fast achieved, and the intelligent safety lock for the gun is easy and convenient to operate and more reliable in use.",firearm,title,Intelligent safety lock for gun,E,abstract,"The intelligent safety lock for the gun comprises a left lock base and a right lock base which are locked to each other, wherein the right lock base comprises a lock frame, a spring, a plug pin, a positioning frame, an electromagnetic guiding head, an electromagnetic coil, an intelligent fingerprint processing module, a lock base shell and a fingerprint collecting plate, the lock frame is fixedly connected with the lock base shell, a containing cavity is formed in the lock frame, the positioning frame, the electromagnetic guiding head, the electromagnetic coil and the intelligent fingerprint processing module are arranged in the containing cavity, a protruding column is arranged outside the lock frame and provided with an infrared induction device, and the positioning frame is provided with a through hole for the plug pin to penetrate through; the left lock base is provided with a column groove matched with the protruding column, the column groove is provided with a metal inserting core, and the metal inserting pin is provided with an inserting hole matched with the plug pin; the fingerprint collecting plate, the infrared induction device, the intelligent fingerprint processing module and the electromagnetic coil are connected through electric signals.",,A,,,,A,,,,E,abstract,"The intelligent safety lock for the gun comprises a left lock base and a right lock base which are locked to each other, wherein the right lock base comprises a lock frame, a spring, a plug pin, a positioning frame, an electromagnetic guiding head, an electromagnetic coil, an intelligent fingerprint processing module, a lock base shell and a fingerprint collecting plate, the lock frame is fixedly connected with the lock base shell, a containing cavity is formed in the lock frame, the positioning frame, the electromagnetic guiding head, the electromagnetic coil and the intelligent fingerprint processing module are arranged in the containing cavity, a protruding column is arranged outside the lock frame and provided with an infrared induction device, and the positioning frame is provided with a through hole for the plug pin to penetrate through; the left lock base is provided with a column groove matched with the protruding column, the column groove is provided with a metal inserting core, and the metal inserting pin is provided with an inserting hole matched with the plug pin; the fingerprint collecting plate, the infrared induction device, the intelligent fingerprint processing module and the electromagnetic coil are connected through electric signals.",,A,,,,A,,,,A,,,,A,,,,A,,,,A,,,,2 established; 2 explicit,True,100,0,32.0,32.0,M,0,2,43,[],{},{},10.0,12.0,0.0,0.0,10.0,0.0,0.0,0.0,0.0,0.0,0.0,0.0
BC001-A56EA635FDAC,Finger print identifying firearms,"The utility model discloses a firearm with fingerprint identification function comprising a power supply, a power supply switch which is connected with the power supply, a fingerprint sensor which is connected with the power supply switch and is used to collect fingerprint signal, a fingerprint identification module which is connected with the power supply switch and is used to receive the fingerprint signal collected by the fingerprint sensor and to judge whether the fingerprint signal is matched with a fingerprint sample which is pre-stored in the fingerprint identification module, an electrical control and mechanical bolt driving circuit is connected with the power supply switch and is used to drive an electrical control and mechanical bolt which is connected with the fingerprint identification module during the process of fingerprint matching and an electrical control and mechanical bolt, wherein the fingerprint sensor is arranged on the position where the finger is put when the firearm is held.",firearm,title,Finger print identifying firearms,E,title,Finger print identifying firearms,,A,,,,A,,,,E,abstract,"The utility model discloses a firearm with fingerprint identification function comprising a power supply, a power supply switch which is connected with the power supply, a fingerprint sensor which is connected with the power supply switch and is used to collect fingerprint signal, a fingerprint identification module which is connected with the power supply switch and is used to receive the fingerprint signal collected by the fingerprint sensor and to judge whether the fingerprint signal is matched with a fingerprint sample which is pre-stored in the fingerprint identification module, an electrical control and mechanical bolt driving circuit is connected with the power supply switch and is used to drive an electrical control and mechanical bolt which is connected with the fingerprint identification module during the process of fingerprint matching and an electrical control and mechanical bolt, wherein the fingerprint sensor is arranged on the position where the finger is put when the firearm is held.",,A,,,,A,,,,A,,,,A,,,,A,,,,A,,,,2 established; 2 explicit,False,100,0,32.0,32.0,M,0,2,44,[],{},{},10.0,12.0,0.0,0.0,10.0,0.0,0.0,0.0,0.0,0.0,0.0,0.0
BC001-D3923AE61E53,"Security covers for controls, handling, push-button or similar, in armament and transportation","Safety covers for controls, handle, push button or similar, in weapons and transport, characterized by the covers (1) having a delimiting design with a digital location, preferably with ergonomic relief, a material with at least one section that is transparent inwards and preferably in greater extent than outwards, in such a way that its possible internal elements are not distinguishable, and a compact final assembly, in such a way that its possible internal elements are not accessible, and preferably to include: a fingerprint reader (2) or plus each one, characterized by being located strategically inside a control (3) -handle, button or similar- and by having the fingerprint of the user or users on the recognition software card; a sensor (4) or more each, thermal or/and pulse, characterized by being located next to the previous piece; an electronic connection (5), from the mentioned pieces, characterized by preferably comprising an unlocking command in the event of a fingerprint in coincident contact and detected together with ""normal"" contacts, temperature or/and pulse, and a counter-order in the face of non-coincident fingerprint or no normal contacts, temperature or pulse or in the absence of energy; an internal locking/unlocking part (6) characterized by being connected to said electronic connection (5) and, mechanically, electrically or/and electronically, to any of the locks or drive feeders; an energy source (7); a complementary modem; a complementary timer connected to a permanent disable system; complementary ""placebo"" elements.",firearm,abstract,"Safety covers for controls, handle, push button or similar, in weapons and transport, characterized by the covers (1) having a delimiting design with a digital location, preferably with ergonomic relief, a material with at least one section that is transparent inwards and preferably in greater extent than outwards, in such a way that its possible internal elements are not distinguishable, and a compact final assembly, in such a way that its possible internal elements are not accessible, and preferably to include: a fingerprint reader (2) or plus each one, characterized by being located strategically inside a control (3) -handle, button or similar- and by having the fingerprint of the user or users on the recognition software card; a sensor (4) or more each, thermal or/and pulse, characterized by being located next to the previous piece; an electronic connection (5), from the mentioned pieces, characterized by preferably comprising an unlocking command in the event of a fingerprint in coincident contact and detected together with ""normal"" contacts, temperature or/and pulse, and a counter-order in the face of non-coincident fingerprint or no normal contacts, temperature or pulse or in the absence of energy; an internal locking/unlocking part (6) characterized by being connected to said electronic connection (5) and, mechanically, electrically or/and electronically, to any of the locks or drive feeders; an energy source (7); a complementary modem; a complementary timer connected to a permanent disable system; complementary ""placebo"" elements.",E,abstract,"Safety covers for controls, handle, push button or similar, in weapons and transport, characterized by the covers (1) having a delimiting design with a digital location, preferably with ergonomic relief, a material with at least one section that is transparent inwards and preferably in greater extent than outwards, in such a way that its possible internal elements are not distinguishable, and a compact final assembly, in such a way that its possible internal elements are not accessible, and preferably to include: a fingerprint reader (2) or plus each one, characterized by being located strategically inside a control (3) -handle, button or similar- and by having the fingerprint of the user or users on the recognition software card; a sensor (4) or more each, thermal or/and pulse, characterized by being located next to the previous piece; an electronic connection (5), from the mentioned pieces, characterized by preferably comprising an unlocking command in the event of a fingerprint in coincident contact and detected together with ""normal"" contacts, temperature or/and pulse, and a counter-order in the face of non-coincident fingerprint or no normal contacts, temperature or pulse or in the absence of energy; an internal locking/unlocking part (6) characterized by being connected to said electronic connection (5) and, mechanically, electrically or/and electronically, to any of the locks or drive feeders; an energy source (7); a complementary modem; a complementary timer connected to a permanent disable system; complementary ""placebo"" elements.",,A,,,,A,,,,E,abstract,"Safety covers for controls, handle, push button or similar, in weapons and transport, characterized by the covers (1) having a delimiting design with a digital location, preferably with ergonomic relief, a material with at least one section that is transparent inwards and preferably in greater extent than outwards, in such a way that its possible internal elements are not distinguishable, and a compact final assembly, in such a way that its possible internal elements are not accessible, and preferably to include: a fingerprint reader (2) or plus each one, characterized by being located strategically inside a control (3) -handle, button or similar- and by having the fingerprint of the user or users on the recognition software card; a sensor (4) or more each, thermal or/and pulse, characterized by being located next to the previous piece; an electronic connection (5), from the mentioned pieces, characterized by preferably comprising an unlocking command in the event of a fingerprint in coincident contact and detected together with ""normal"" contacts, temperature or/and pulse, and a counter-order in the face of non-coincident fingerprint or no normal contacts, temperature or pulse or in the absence of energy; an internal locking/unlocking part (6) characterized by being connected to said electronic connection (5) and, mechanically, electrically or/and electronically, to any of the locks or drive feeders; an energy source (7); a complementary modem; a complementary timer connected to a permanent disable system; complementary ""placebo"" elements.",,A,,,,A,,,,A,,,,A,,,,A,,,,A,,,,2 established; 2 explicit,True,100,0,32.0,32.0,M,0,2,45,[],{},{},10.0,12.0,0.0,0.0,10.0,0.0,0.0,0.0,0.0,0.0,0.0,0.0
BC001-D67AC2E0CFF6,Lightweight trigger mechanism-based instant threat early warning and active traceability deterrence method and system in power system network,"The invention discloses an instant threat early warning and active traceability deterrence method and system based on a lightweight trigger mechanism in a power system network, and relates to the field of power system network security. According to the method, a light load trip line is preset at a key node, a suspicious attack log is generated in combination with a hidden Markov model, and multi-channel instant early warning is triggered; extracting multi-dimensional fingerprints of a browser, hardware and a special network weapon to construct a warehouse, and generating three types of flight fragments of deep acquisition, remote control and vulnerability repair for precise delivery; and performing confusion packing processing on the control software, and realizing active traceability deterrence in a matching/non-matching mode. According to the invention, threat identification accuracy and response speed are improved, an active defense closed loop is formed, and the method is suitable for security protection of a power system network.",firearm,abstract,"According to the method, a light load trip line is preset at a key node, a suspicious attack log is generated in combination with a hidden Markov model, and multi-channel instant early warning is triggered; extracting multi-dimensional fingerprints of a browser, hardware and a special network weapon to construct a warehouse, and generating three types of flight fragments of deep acquisition, remote control and vulnerability repair for precise delivery; and performing confusion packing processing on the control software, and realizing active traceability deterrence in a matching/non-matching mode.",E,abstract,"According to the method, a light load trip line is preset at a key node, a suspicious attack log is generated in combination with a hidden Markov model, and multi-channel instant early warning is triggered; extracting multi-dimensional fingerprints of a browser, hardware and a special network weapon to construct a warehouse, and generating three types of flight fragments of deep acquisition, remote control and vulnerability repair for precise delivery; and performing confusion packing processing on the control software, and realizing active traceability deterrence in a matching/non-matching mode.",,A,,,,A,,,,E,title,Lightweight trigger mechanism-based instant threat early warning and active traceability deterrence method and system in power system network,,A,,,,A,,,,A,,,,A,,,,A,,,,A,,,,2 established; 2 explicit,False,100,0,32.0,32.0,M,0,2,46,[],{},{},10.0,12.0,0.0,0.0,10.0,0.0,0.0,0.0,0.0,0.0,0.0,0.0
BC001-2087999C36B0,Intelligent gun security lock,"The utility model discloses an intelligent gun security lock which comprises a left lock seat and a right lock seat which are interlocked. The left lock seat and the right lock seat can be fixed and clamped to the position of a trigger of a gun after being interlocked. The right lock seat comprises a lock rack and a lock seat shell. The lock seat shell is provided with a fingerprint collection board. The lock rack and the lock seat shell are fixedly connected into a whole, and a containing cavity is formed inside the space formed after the lock rack and the lock seat shell are connected into a whole. A locking mechanism, an intelligent fingerprint processing module and a motor are installed in the containing cavity. The left lock seat is provided with a spring bolt which can extend into the containing cavity of the right lock seat and is matched with the locking mechanism in a locking mode. The fingerprint collection board, the intelligent fingerprint processing module and the motor are in electrical signal connection. The intelligent gun security lock is unlocked in a fingerprint identification mode, the safety performance is higher, locking and unlocking can be achieved rapidly, operation is easy and convenient, and use is more reliable.",firearm,title,Intelligent gun security lock,E,abstract,"The intelligent gun security lock is unlocked in a fingerprint identification mode, the safety performance is higher, locking and unlocking can be achieved rapidly, operation is easy and convenient, and use is more reliable.",,I,abstract,The left lock seat and the right lock seat can be fixed and clamped to the position of a trigger of a gun after being interlocked.,"Firearm firing control is stated alongside user authorization in the title/abstract, but their dependency is not explicit in this excerpt.",A,,,,I,abstract,The lock seat shell is provided with a fingerprint collection board.,Data recording or positioning is described within this firearm system; firearm data collection is inferred from that context.,A,,,,A,,,,A,,,,C,abstract,The lock seat shell is provided with a fingerprint collection board.,,A,,,,A,,,,3 established; 1 explicit,False,100,0,31.1,31.1,M,0,1,47,[],{},{},10.0,12.0,5.6,0.0,3.5,0.0,0.0,0.0,0.0,0.0,0.0,0.0
BC001-22FF7561CA89,Electronic lock system of firearms trigger,"The Electronic Lock System of Firearms Trigger receives a long-distance command (remote control), via radio control, to lock the trigger of the weapon, verifies the database if this command is valid and sent by management team and, if so, keeps the trigger locked or locks it, and does not allow unauthorized people make use of the weapon. The Electronic Locking System of Firearms Trigger consists of a transceiver - transmitter / receiver (2), which will receive the command from long- distance lock. The received information will be analyzed by a microcontroller (3) that it will give the permission to make shots. The decision will be sent to a microdrive (4) that, if the user has authorization, or if there is no order of locked, release the trigger (6). If the user has been unauthorized remotely by management team, the trigger (6) will not be released. If the trigger (6) already released and a locked command is sent during use, a decision will be sent from the microcontroller (3) to the microdrive (4), that it will lock the trigger (6) and prevent the user from making new shots.",firearm,title,Electronic lock system of firearms trigger,A,,,,E,abstract,"The Electronic Lock System of Firearms Trigger receives a long-distance command (remote control), via radio control, to lock the trigger of the weapon, verifies the database if this command is valid and sent by management team and, if so, keeps the trigger locked or locks it, and does not allow unauthorized people make use of the weapon.",,A,,,,A,,,,E,abstract,"The Electronic Lock System of Firearms Trigger receives a long-distance command (remote control), via radio control, to lock the trigger of the weapon, verifies the database if this command is valid and sent by management team and, if so, keeps the trigger locked or locks it, and does not allow unauthorized people make use of the weapon.",,A,,,,A,,,,A,,,,A,,,,A,,,,1 established; 1 explicit,False,100,0,30.0,30.0,M,0,1,48,[],{},{},10.0,0.0,16.0,0.0,0.0,4.0,0.0,0.0,0.0,0.0,0.0,0.0
BC001-61AD482D45CE,Firearm with User Identification System,"A firearm system includes a firearm and a user identification system built-in with the firearm. The user identification system includes a locking module that releasably locks up a trigger-actuated firing mechanism of the firearm from being actuated, a camera module being activated for generating tangible evidence of operation incidents, and an activation module operatively linked to the locking module. The activation module pre-stores authorized user data and continuously collects user operation data not only to activate the camera module for capturing image but also to actuate the locking module to unlock the trigger-actuated firing mechanism when the authorized user data is matched with the user operation data. Once the authorized user data is not match with the user operation data, the trigger-actuated firing mechanism is instantaneously locked to prevent an unauthorized usage of the firearm.",firearm,title,Firearm with User Identification System,A,,,,E,abstract,The activation module pre-stores authorized user data and continuously collects user operation data not only to activate the camera module for capturing image but also to actuate the locking module to unlock the trigger-actuated firing mechanism when the authorized user data is matched with the user operation data.,,A,,,,I,abstract,The activation module pre-stores authorized user data and continuously collects user operation data not only to activate the camera module for capturing image but also to actuate the locking module to unlock the trigger-actuated firing mechanism when the authorized user data is matched with the user operation data.,Data recording or positioning is described within this firearm system; firearm data collection is inferred from that context.,A,,,,A,,,,A,,,,A,,,,A,,,,A,,,,2 established; 1 explicit,False,100,0,29.5,29.5,L,0,1,49,[],{},{},10.0,0.0,16.0,0.0,3.5,0.0,0.0,0.0,0.0,0.0,0.0,0.0
BC001-D2DCD7B49B2B,"Devices, systems and methods for firearms training, simulation and operations","Methods and apparatus for providing firearms training without using traditional firearms. Replicas of firearms have control systems in communication with magazines inserted into the replicas to control the number of rounds that can be fired for each magazine. The control systems can also monitor, record and communicate data relating to all use of the replica to centralized control units. Additionally, the control systems can include location sensors to monitor the location of the replicas and only authorize firing of the replicas in approved locations.",firearm,title,"Devices, systems and methods for firearms training, simulation and operations",A,,,,E,abstract,"Additionally, the control systems can include location sensors to monitor the location of the replicas and only authorize firing of the replicas in approved locations.",,A,,,,I,abstract,"The control systems can also monitor, record and communicate data relating to all use of the replica to centralized control units.",Data recording or positioning is described within this firearm system; firearm data collection is inferred from that context.,A,,,,A,,,,A,,,,A,,,,A,,,,A,,,,2 established; 1 explicit,True,100,0,29.5,29.5,L,0,1,50,[],{},{},10.0,0.0,16.0,0.0,3.5,0.0,0.0,0.0,0.0,0.0,0.0,0.0
BC001-20C82951D616,Safety control device for fire guns,"The invention discloses a safety control device for fire guns. A battery module, a motion sensing module, a remote communication module, an identity verifying module and an electronic unlocking moduleof the safety control device for the fire guns are separately connected to a controller mutually; the input end of a lock body is connected to the output end of the electronic unlocking module; the motion sensing module is used for obtaining a motion state of the controller, and outputting a motion state signal to the controller; the controller outputs the motion state signal, and outputs a firstcontrol signal for controlling on/off of the remote communication module; the remote communication module receives an authorized signal of a remote server, and outputs a first unlocking signal to thecontroller; the identify verifying module receives a biological identifying signal of a fire gun user to verify, and outputs a second unlocking signal to the controller after verification is passed;and the electronic unlocking module is used for controlling opening of the lock body according to the first unlocking signal and/or the second unlocking signal. The scheme improves use safety of the gun fires of a gun fire unit.",attached_firing_control,title,Safety control device for fire guns,A,,,,E,abstract,"A battery module, a motion sensing module, a remote communication module, an identity verifying module and an electronic unlocking moduleof the safety control device for the fire guns are separately connected to a controller mutually; the input end of a lock body is connected to the output end of the electronic unlocking module; the motion sensing module is used for obtaining a motion state of the controller, and outputting a motion state signal to the controller; the controller outputs the motion state signal, and outputs a firstcontrol signal for controlling on/off of the remote communication module; the remote communication module receives an authorized signal of a remote server, and outputs a first unlocking signal to thecontroller; the identify verifying module receives a biological identifying signal of a fire gun user to verify, and outputs a second unlocking signal to the controller after verification is passed;and the electronic unlocking module is used for controlling opening of the lock body according to the first unlocking signal and/or the second unlocking signal.",,A,,,,A,,,,E,abstract,"A battery module, a motion sensing module, a remote communication module, an identity verifying module and an electronic unlocking moduleof the safety control device for the fire guns are separately connected to a controller mutually; the input end of a lock body is connected to the output end of the electronic unlocking module; the motion sensing module is used for obtaining a motion state of the controller, and outputting a motion state signal to the controller; the controller outputs the motion state signal, and outputs a firstcontrol signal for controlling on/off of the remote communication module; the remote communication module receives an authorized signal of a remote server, and outputs a first unlocking signal to thecontroller; the identify verifying module receives a biological identifying signal of a fire gun user to verify, and outputs a second unlocking signal to the controller after verification is passed;and the electronic unlocking module is used for controlling opening of the lock body according to the first unlocking signal and/or the second unlocking signal.",,A,,,,A,,,,A,,,,A,,,,A,,,,1 established; 1 explicit,False,100,0,28.0,28.0,L,0,1,51,[],{},{},8.0,0.0,16.0,0.0,0.0,4.0,0.0,0.0,0.0,0.0,0.0,0.0
BC001-003BA51ACBFF,Institutional Weapons System,"A system of weapon oversight and control is revealed. One or more Authorized Weapon Operators are authenticated, and the weapons are authorized for use by a Remote Authority who is updated in real time by 360 by 360 video and sound as to who is wielding the weapon, the location of the weapon, and the current use of the weapon. The weapon is authorized and deauthorized to fire or not fire by the Remote Authority, giving oversite and operability of the weapon to the Remote Authority.",firearm,title,Institutional Weapons System,A,,,,A,,,,A,,,,E,abstract,"One or more Authorized Weapon Operators are authenticated, and the weapons are authorized for use by a Remote Authority who is updated in real time by 360 by 360 video and sound as to who is wielding the weapon, the location of the weapon, and the current use of the weapon.",,E,abstract,"One or more Authorized Weapon Operators are authenticated, and the weapons are authorized for use by a Remote Authority who is updated in real time by 360 by 360 video and sound as to who is wielding the weapon, the location of the weapon, and the current use of the weapon.",,A,,,,A,,,,A,,,,A,,,,E,abstract,"One or more Authorized Weapon Operators are authenticated, and the weapons are authorized for use by a Remote Authority who is updated in real time by 360 by 360 video and sound as to who is wielding the weapon, the location of the weapon, and the current use of the weapon.",,1 established; 1 explicit,True,100,0,28.0,28.0,L,0,1,52,[],{},{},10.0,0.0,0.0,0.0,10.0,4.0,0.0,0.0,0.0,0.0,4.0,0.0
BC001-213F680B77F0,Geolocation-reporting weapon-tracking device,"Provided is a method that includes determining a device geolocation based on a satellite signal received by a weapon-tracking device and receiving a sensor reading using a sensor attached to the weapon-tracking device, wherein the sensor is sensitive to a use of the weapon. The instructions include determining that a change in the sensor reading satisfies a change threshold and, in response to a determination that the change threshold is satisfied, transmitting device state data to a wireless signal receiver via a wireless signal, wherein the device state data comprises a device identifier and the device geolocation. The instructions further include storing the device identifier and the device geolocation in a data server in communication with the wireless signal receiver and transmitting a message based on the device identifier and device geolocation to a client from the data server.",firearm,title,Geolocation-reporting weapon-tracking device,A,,,,A,,,,A,,,,E,title,Geolocation-reporting weapon-tracking device,,E,abstract,The instructions further include storing the device identifier and the device geolocation in a data server in communication with the wireless signal receiver and transmitting a message based on the device identifier and device geolocation to a client from the data server.,,A,,,,A,,,,A,,,,A,,,,E,abstract,The instructions further include storing the device identifier and the device geolocation in a data server in communication with the wireless signal receiver and transmitting a message based on the device identifier and device geolocation to a client from the data server.,,1 established; 1 explicit,True,100,0,28.0,28.0,L,0,1,53,[],{},{},10.0,0.0,0.0,0.0,10.0,4.0,0.0,0.0,0.0,0.0,4.0,0.0
BC001-5A524A522344,System for automated respiratory medicine delivery,"A system for automated respiratory medicine delivery is comprising, an inhaler 101 is equipped with a gun barrel assembly 102 at its bottom periphery to dispense respiratory medicine to a user, multiple canisters 103 within the assembly 102 is paired with an actuator 104 for controlled dispensing of respective medicine, an AI (artificial intelligence)-enabled camera 105 with embedded optical character recognition (OCR) is positioned on the inhaler's outer surface to extract dosage information from medical prescriptions, a wristband 106, communicatively linked to the inhaler 101, is embedded with multiple health monitoring sensors, a GPS module for tracking the user's location, a microphone 107 to monitor voice and coughing patterns in real time, a database stores user respiratory health data, a mobile application on a computing device allows user interaction with system functions, a buzzer 109 and speaker 110 on the wristband 106 provide alerts.",firearm,abstract,"A system for automated respiratory medicine delivery is comprising, an inhaler 101 is equipped with a gun barrel assembly 102 at its bottom periphery to dispense respiratory medicine to a user, multiple canisters 103 within the assembly 102 is paired with an actuator 104 for controlled dispensing of respective medicine, an AI (artificial intelligence)-enabled camera 105 with embedded optical character recognition (OCR) is positioned on the inhaler's outer surface to extract dosage information from medical prescriptions, a wristband 106, communicatively linked to the inhaler 101, is embedded with multiple health monitoring sensors, a GPS module for tracking the user's location, a microphone 107 to monitor voice and coughing patterns in real time, a database stores user respiratory health data, a mobile application on a computing device allows user interaction with system functions, a buzzer 109 and speaker 110 on the wristband 106 provide alerts.",A,,,,A,,,,A,,,,E,abstract,"A system for automated respiratory medicine delivery is comprising, an inhaler 101 is equipped with a gun barrel assembly 102 at its bottom periphery to dispense respiratory medicine to a user, multiple canisters 103 within the assembly 102 is paired with an actuator 104 for controlled dispensing of respective medicine, an AI (artificial intelligence)-enabled camera 105 with embedded optical character recognition (OCR) is positioned on the inhaler's outer surface to extract dosage information from medical prescriptions, a wristband 106, communicatively linked to the inhaler 101, is embedded with multiple health monitoring sensors, a GPS module for tracking the user's location, a microphone 107 to monitor voice and coughing patterns in real time, a database stores user respiratory health data, a mobile application on a computing device allows user interaction with system functions, a buzzer 109 and speaker 110 on the wristband 106 provide alerts.",,E,abstract,"A system for automated respiratory medicine delivery is comprising, an inhaler 101 is equipped with a gun barrel assembly 102 at its bottom periphery to dispense respiratory medicine to a user, multiple canisters 103 within the assembly 102 is paired with an actuator 104 for controlled dispensing of respective medicine, an AI (artificial intelligence)-enabled camera 105 with embedded optical character recognition (OCR) is positioned on the inhaler's outer surface to extract dosage information from medical prescriptions, a wristband 106, communicatively linked to the inhaler 101, is embedded with multiple health monitoring sensors, a GPS module for tracking the user's location, a microphone 107 to monitor voice and coughing patterns in real time, a database stores user respiratory health data, a mobile application on a computing device allows user interaction with system functions, a buzzer 109 and speaker 110 on the wristband 106 provide alerts.",,A,,,,A,,,,A,,,,A,,,,E,abstract,"A system for automated respiratory medicine delivery is comprising, an inhaler 101 is equipped with a gun barrel assembly 102 at its bottom periphery to dispense respiratory medicine to a user, multiple canisters 103 within the assembly 102 is paired with an actuator 104 for controlled dispensing of respective medicine, an AI (artificial intelligence)-enabled camera 105 with embedded optical character recognition (OCR) is positioned on the inhaler's outer surface to extract dosage information from medical prescriptions, a wristband 106, communicatively linked to the inhaler 101, is embedded with multiple health monitoring sensors, a GPS module for tracking the user's location, a microphone 107 to monitor voice and coughing patterns in real time, a database stores user respiratory health data, a mobile application on a computing device allows user interaction with system functions, a buzzer 109 and speaker 110 on the wristband 106 provide alerts.",,1 established; 1 explicit,True,100,0,28.0,28.0,L,0,1,54,[],{},{},10.0,0.0,0.0,0.0,10.0,4.0,0.0,0.0,0.0,0.0,4.0,0.0
BC001-80B6B7BCAA12,Target range management system,"A target range management system disclosed by the present invention comprises an identity collector used for collecting the identity information of a shooting user at a target position; an identity verification server which is used for being in communication connection with the identity collector, obtaining the identity information sent by the identity collector and verifying the identity information; and a target range weapon control server which is used for being connected with the identity verification server and unlocking a weapon for the target position when the identity information passes the verification. Through the arrangement of the identity collector and the identity verification server, the purpose of verifying the collected identity of the shooting user is achieved, the effectof managing the shooting user is achieved, and the problems that in related shooting training management, due to dependence on manual management, the management efficiency is low, and the identity ofthe user cannot be distinguished are solved.",firearm,abstract,"A target range management system disclosed by the present invention comprises an identity collector used for collecting the identity information of a shooting user at a target position; an identity verification server which is used for being in communication connection with the identity collector, obtaining the identity information sent by the identity collector and verifying the identity information; and a target range weapon control server which is used for being connected with the identity verification server and unlocking a weapon for the target position when the identity information passes the verification.",A,,,,A,,,,A,,,,E,abstract,"A target range management system disclosed by the present invention comprises an identity collector used for collecting the identity information of a shooting user at a target position; an identity verification server which is used for being in communication connection with the identity collector, obtaining the identity information sent by the identity collector and verifying the identity information; and a target range weapon control server which is used for being connected with the identity verification server and unlocking a weapon for the target position when the identity information passes the verification.",,E,abstract,"A target range management system disclosed by the present invention comprises an identity collector used for collecting the identity information of a shooting user at a target position; an identity verification server which is used for being in communication connection with the identity collector, obtaining the identity information sent by the identity collector and verifying the identity information; and a target range weapon control server which is used for being connected with the identity verification server and unlocking a weapon for the target position when the identity information passes the verification.",,A,,,,A,,,,A,,,,A,,,,E,abstract,"A target range management system disclosed by the present invention comprises an identity collector used for collecting the identity information of a shooting user at a target position; an identity verification server which is used for being in communication connection with the identity collector, obtaining the identity information sent by the identity collector and verifying the identity information; and a target range weapon control server which is used for being connected with the identity verification server and unlocking a weapon for the target position when the identity information passes the verification.",,1 established; 1 explicit,False,100,0,28.0,28.0,L,0,1,55,[],{},{},10.0,0.0,0.0,0.0,10.0,4.0,0.0,0.0,0.0,0.0,4.0,0.0
BC001-B28BBFADE6F2,Gun lock and a firearm using the gun lock,"A gun lock of a firearm, the gun lock comprising: a plurality of sensors configured to collect profile information of a user of the firearm; a computing system coupled to the plurality of sensors, the computing system configured to determine whether the user of the firearm is authorized to operate the firearm based on the profile information of the user of the firearm and pre-stored authorized profile database; an actuator coupled to the computing system; a first connecting structure mechanically coupled to the actuator; a second connecting structure mechanically coupled to the first connecting structure; and a third connecting structuring mechanically coupled to the second connecting structure, wherein the computing system is configured to generate a control instruction following determining whether the user of the firearm is authorized to operate the firearm, and the computing system is further configured to transmit the control instruction to the actuator.",firearm,title,Gun lock and a firearm using the gun lock,A,,,,A,,,,A,,,,E,abstract,"A gun lock of a firearm, the gun lock comprising: a plurality of sensors configured to collect profile information of a user of the firearm; a computing system coupled to the plurality of sensors, the computing system configured to determine whether the user of the firearm is authorized to operate the firearm based on the profile information of the user of the firearm and pre-stored authorized profile database; an actuator coupled to the computing system; a first connecting structure mechanically coupled to the actuator; a second connecting structure mechanically coupled to the first connecting structure; and a third connecting structuring mechanically coupled to the second connecting structure, wherein the computing system is configured to generate a control instruction following determining whether the user of the firearm is authorized to operate the firearm, and the computing system is further configured to transmit the control instruction to the actuator.",,E,abstract,"A gun lock of a firearm, the gun lock comprising: a plurality of sensors configured to collect profile information of a user of the firearm; a computing system coupled to the plurality of sensors, the computing system configured to determine whether the user of the firearm is authorized to operate the firearm based on the profile information of the user of the firearm and pre-stored authorized profile database; an actuator coupled to the computing system; a first connecting structure mechanically coupled to the actuator; a second connecting structure mechanically coupled to the first connecting structure; and a third connecting structuring mechanically coupled to the second connecting structure, wherein the computing system is configured to generate a control instruction following determining whether the user of the firearm is authorized to operate the firearm, and the computing system is further configured to transmit the control instruction to the actuator.",,A,,,,A,,,,A,,,,A,,,,E,abstract,"A gun lock of a firearm, the gun lock comprising: a plurality of sensors configured to collect profile information of a user of the firearm; a computing system coupled to the plurality of sensors, the computing system configured to determine whether the user of the firearm is authorized to operate the firearm based on the profile information of the user of the firearm and pre-stored authorized profile database; an actuator coupled to the computing system; a first connecting structure mechanically coupled to the actuator; a second connecting structure mechanically coupled to the first connecting structure; and a third connecting structuring mechanically coupled to the second connecting structure, wherein the computing system is configured to generate a control instruction following determining whether the user of the firearm is authorized to operate the firearm, and the computing system is further configured to transmit the control instruction to the actuator.",,1 established; 1 explicit,False,100,0,28.0,28.0,L,0,1,56,[],{},{},10.0,0.0,0.0,0.0,10.0,4.0,0.0,0.0,0.0,0.0,4.0,0.0
BC001-B37733766ABE,Anti-dismounting device of gun law enforcement recorder,"The utility model relates to an anti-dismounting device, in particular to an anti-dismounting device of a gun law enforcement recorder. The device comprises a first shell and a second shell, the two parts are combined to form a cavity in which the law enforcement recorder is arranged; the device further comprises a first sealing box, a second sealing box, an unlocking device, a second fixing frame, a self-locking device, a second shell, a connecting piece and a fixing piece, the two ends of the second fixing frame and the two ends of the first fixing frame are connected and wrap the first shell and the second shell respectively, and the edges of the two shells are clamped in inner grooves of the first fixing frame and the second fixing frame; the self-locking device is mounted in the firstsealing box and the second sealing box; the law enforcement recorder protection device overcomes the defects that an existing law enforcement recorder is directly exposed and a single machine storesinformation, can prevent the law enforcement recorder from being damaged deliberately, can automatically identify risks, and can transmit law enforcement information to an information terminal in time.",firearm,title,Anti-dismounting device of gun law enforcement recorder,A,,,,A,,,,A,,,,E,title,Anti-dismounting device of gun law enforcement recorder,,E,title,Anti-dismounting device of gun law enforcement recorder,,A,,,,A,,,,A,,,,A,,,,E,abstract,"The device comprises a first shell and a second shell, the two parts are combined to form a cavity in which the law enforcement recorder is arranged; the device further comprises a first sealing box, a second sealing box, an unlocking device, a second fixing frame, a self-locking device, a second shell, a connecting piece and a fixing piece, the two ends of the second fixing frame and the two ends of the first fixing frame are connected and wrap the first shell and the second shell respectively, and the edges of the two shells are clamped in inner grooves of the first fixing frame and the second fixing frame; the self-locking device is mounted in the firstsealing box and the second sealing box; the law enforcement recorder protection device overcomes the defects that an existing law enforcement recorder is directly exposed and a single machine storesinformation, can prevent the law enforcement recorder from being damaged deliberately, can automatically identify risks, and can transmit law enforcement information to an information terminal in time.",,1 established; 1 explicit,False,100,0,28.0,28.0,L,0,1,57,[],{},{},10.0,0.0,0.0,0.0,10.0,4.0,0.0,0.0,0.0,0.0,4.0,0.0
BC001-C91DE21B43BA,An acoustic gunshot detection and alerting system using wireless rf communication networks,"An Acoustic Gunshot Detection and Alerting System Using Wireless RF Communication Networks comprises of Processing Unit (01), MEMS Microphone Sensor (02), Sound Pressure Level Sensor (03), Infrasound Detection Sensor (04), Real-Time Clock Module (05), nRF Wireless Communication Module (06), Power Supply Unit (07), Processing Unit (30), GPS Localization Module (31), Motion Detection Sensor (32), Image Capture Module (33), Vibration Detection Sensor (34), nRF Wireless Communication Module (35), Power Supply Unit (36), Processing Unit (60), Temperature and Humidity Sensor (61), Wind Speed Sensor (62), Ambient Light Sensor (63), Rain Detection Sensor (64), nRF Wireless Communication Module (65), Power Supply Unit (66), Processing Unit (80), nRF Coordinator Module (81), GSM Communication Module (82), Cloud Data Logging Module (83), Alert Display Unit (84), Cloud Server / Monitoring Dashboard (85), Power Supply Unit (86). The Acoustic Sensing and Detection Node (Node 1), equipped with a MEMS Microphone, SPL Meter, Infrasound Sensor, Real-Time Clock (RTC) Module, nRF Module, and Power Supply, enables continuous multilayered automated gunshot acoustic signature detection by simultaneously capturing high-sensitivity acoustic waveforms, measuring impulsive sound pressure events exceeding gunshot thresholds, and detecting low-frequency blast pressure waves uniquely characteristic of firearm discharges, ensuring real-time gunshot event detection with legally precise timestamped incident records wirelessly transmitted to the centralized incident management platform.",firearm,abstract,"The Acoustic Sensing and Detection Node (Node 1), equipped with a MEMS Microphone, SPL Meter, Infrasound Sensor, Real-Time Clock (RTC) Module, nRF Module, and Power Supply, enables continuous multilayered automated gunshot acoustic signature detection by simultaneously capturing high-sensitivity acoustic waveforms, measuring impulsive sound pressure events exceeding gunshot thresholds, and detecting low-frequency blast pressure waves uniquely characteristic of firearm discharges, ensuring real-time gunshot event detection with legally precise timestamped incident records wirelessly transmitted to the centralized incident management platform.",A,,,,A,,,,A,,,,E,abstract,"An Acoustic Gunshot Detection and Alerting System Using Wireless RF Communication Networks comprises of Processing Unit (01), MEMS Microphone Sensor (02), Sound Pressure Level Sensor (03), Infrasound Detection Sensor (04), Real-Time Clock Module (05), nRF Wireless Communication Module (06), Power Supply Unit (07), Processing Unit (30), GPS Localization Module (31), Motion Detection Sensor (32), Image Capture Module (33), Vibration Detection Sensor (34), nRF Wireless Communication Module (35), Power Supply Unit (36), Processing Unit (60), Temperature and Humidity Sensor (61), Wind Speed Sensor (62), Ambient Light Sensor (63), Rain Detection Sensor (64), nRF Wireless Communication Module (65), Power Supply Unit (66), Processing Unit (80), nRF Coordinator Module (81), GSM Communication Module (82), Cloud Data Logging Module (83), Alert Display Unit (84), Cloud Server / Monitoring Dashboard (85), Power Supply Unit (86).",,E,abstract,"An Acoustic Gunshot Detection and Alerting System Using Wireless RF Communication Networks comprises of Processing Unit (01), MEMS Microphone Sensor (02), Sound Pressure Level Sensor (03), Infrasound Detection Sensor (04), Real-Time Clock Module (05), nRF Wireless Communication Module (06), Power Supply Unit (07), Processing Unit (30), GPS Localization Module (31), Motion Detection Sensor (32), Image Capture Module (33), Vibration Detection Sensor (34), nRF Wireless Communication Module (35), Power Supply Unit (36), Processing Unit (60), Temperature and Humidity Sensor (61), Wind Speed Sensor (62), Ambient Light Sensor (63), Rain Detection Sensor (64), nRF Wireless Communication Module (65), Power Supply Unit (66), Processing Unit (80), nRF Coordinator Module (81), GSM Communication Module (82), Cloud Data Logging Module (83), Alert Display Unit (84), Cloud Server / Monitoring Dashboard (85), Power Supply Unit (86).",,A,,,,A,,,,A,,,,A,,,,E,abstract,"An Acoustic Gunshot Detection and Alerting System Using Wireless RF Communication Networks comprises of Processing Unit (01), MEMS Microphone Sensor (02), Sound Pressure Level Sensor (03), Infrasound Detection Sensor (04), Real-Time Clock Module (05), nRF Wireless Communication Module (06), Power Supply Unit (07), Processing Unit (30), GPS Localization Module (31), Motion Detection Sensor (32), Image Capture Module (33), Vibration Detection Sensor (34), nRF Wireless Communication Module (35), Power Supply Unit (36), Processing Unit (60), Temperature and Humidity Sensor (61), Wind Speed Sensor (62), Ambient Light Sensor (63), Rain Detection Sensor (64), nRF Wireless Communication Module (65), Power Supply Unit (66), Processing Unit (80), nRF Coordinator Module (81), GSM Communication Module (82), Cloud Data Logging Module (83), Alert Display Unit (84), Cloud Server / Monitoring Dashboard (85), Power Supply Unit (86).",,1 established; 1 explicit,True,100,0,28.0,28.0,L,0,1,58,[],{},{},10.0,0.0,0.0,0.0,10.0,4.0,0.0,0.0,0.0,0.0,4.0,0.0
BC001-008F3848BF54,Firearm holster lock with fingerprint identification means,"Disclosed is a retaining device for lockingly receiving a firearm wherein the firearm has a barrel, barrel sight, grip, hammer and trigger guard. The retaining device comprises a holster (34), having a closed forward portion and an open rearward portion. A guide channel is positioned within the holster for accepting the barrel (22) and trigger guard of the firearm. A fingerprint identification means has a fingerprint input device (54) positioned upon the external surface of the holster at an intermediate extent. Further provided is a comparison means for comparing an inputted fingerprint with a stored fingerprint image, and a signal generating means for generating a first signal when an inputted fingerprint matches a stored fingerprint and a second signal when an inputted fingerprint fails to match a stored fingerprint. The signal generating means is in electrical communication with and controls a firearm retaining means. The firearm retaining means has a first orientation securing the firearm within the holster and a second orientation allowing the firearm to be removed. The retaining means is in electrical communication with and responsive to signals from the signal generating means.",firearm,title,Firearm holster lock with fingerprint identification means,E,title,Firearm holster lock with fingerprint identification means,,I,abstract,"Disclosed is a retaining device for lockingly receiving a firearm wherein the firearm has a barrel, barrel sight, grip, hammer and trigger guard.","Firearm firing control is stated alongside user authorization in the title/abstract, but their dependency is not explicit in this excerpt.",A,,,,A,,,,A,,,,A,,,,A,,,,C,title,Firearm holster lock with fingerprint identification means,,A,,,,A,,,,2 established; 1 explicit,False,100,0,27.6,27.6,L,0,1,59,[],{},{},10.0,12.0,5.6,0.0,0.0,0.0,0.0,0.0,0.0,0.0,0.0,0.0
BC001-368F35E993DE,Automatic personal weapon with electronic management and caseless ammunition,"The invention relates to a personal weapon for automatic firing of caseless ammunition, provided with an electronic firing controller with biometric identification of the person firing. The weapon has a sealing device for the chamber based on using segments or petals for variation of bore size mechanically or with gas pressure. A delay in opening the breech/barrel unit my be introduced using spigots driven by propellant gases. A device for sequencing compartments in tandem in the magazine uses the reduction volume of ammunition to double the power of the firearm. A fixed lock permits the integral locking of breech, trigger, magazine and disassembly bolt. A telescopic extension device for the barrel increases the power of the ammunition and a gas bleed in the chamber permits the stabilization of the firing.",firearm,title,Automatic personal weapon with electronic management and caseless ammunition,E,abstract,"The invention relates to a personal weapon for automatic firing of caseless ammunition, provided with an electronic firing controller with biometric identification of the person firing.",,I,abstract,"The invention relates to a personal weapon for automatic firing of caseless ammunition, provided with an electronic firing controller with biometric identification of the person firing.","Firearm firing control is stated alongside user authorization in the title/abstract, but their dependency is not explicit in this excerpt.",A,,,,A,,,,A,,,,A,,,,A,,,,C,abstract,"The invention relates to a personal weapon for automatic firing of caseless ammunition, provided with an electronic firing controller with biometric identification of the person firing.",,A,,,,A,,,,2 established; 1 explicit,False,100,0,27.6,27.6,L,0,1,60,[],{},{},10.0,12.0,5.6,0.0,0.0,0.0,0.0,0.0,0.0,0.0,0.0,0.0
BC001-3A197A3B0C40,Firearm locking system,"A locking system for a firearm is disclosed. A lock has a set state and an unset state, and substantial movement of any one or more fire control group components is inhibited with in the set state. A biometric sensor attachable to a grip of the firearm is receptive to an input biometric feature data set corresponding to a physiological feature of a user. A biometric input controller stores biometric feature data sets corresponding to enrolled user identities in a memory, and compares it against the input biometric feature data set to generate a biometric input validation status indicator signal. A proximity sensor attachable to the grip detects possession of the firearm by the user and generates a corresponding grip detection indicator signal.",firearm,title,Firearm locking system,E,abstract,"A biometric input controller stores biometric feature data sets corresponding to enrolled user identities in a memory, and compares it against the input biometric feature data set to generate a biometric input validation status indicator signal.",,I,abstract,"A lock has a set state and an unset state, and substantial movement of any one or more fire control group components is inhibited with in the set state.","Firearm firing control is stated alongside user authorization in the title/abstract, but their dependency is not explicit in this excerpt.",A,,,,A,,,,A,,,,A,,,,A,,,,C,abstract,A biometric sensor attachable to a grip of the firearm is receptive to an input biometric feature data set corresponding to a physiological feature of a user.,,A,,,,A,,,,2 established; 1 explicit,False,100,0,27.6,27.6,L,0,1,61,[],{},{},10.0,12.0,5.6,0.0,0.0,0.0,0.0,0.0,0.0,0.0,0.0,0.0
BC001-5A5D802A6C72,Double-layer anti-explosion bullet cabinet,"The utility model provides a double-layer explosion-proof bullet cabinet which comprises an outer cabinet body and an inner cabinet body, the upper surface of the outer cabinet body is fixedly connected with a bright camera and a buzzer respectively, the edge inside the outer cabinet body is fixedly connected with a buffer layer, the surface of the inner cabinet body is fixedly connected with a main trigger switch, and the surface of an inner cabinet door hinged to the inner cabinet body is fixedly connected with a mounting plate. A sliding groove is formed in the side, close to the inner cabinet door, in the inner cabinet body, an anti-explosion plate is slidably connected into the sliding groove, an electromagnet fixedly connected with the inner cabinet body through a groove directly faces the sliding groove, the upper surface of the anti-explosion plate is slidably connected with a locking column through a containing groove, and meanwhile the side face of the ammunition cabinet is fixedly connected with a fingerprint identifier. Buffer grooves are formed in the positions, opposite to the hanging frames, in the inner cabinet body. Through the cooperation of the main trigger switch, the illuminating lamp, the bright camera and the dark camera, corresponding image data can be left when a thief pries up the bullet cabinet, then the identity of the thief can be conveniently and rapidly locked, and the difficulty of finding guns and ammunitions is reduced.",firearm,abstract,"Through the cooperation of the main trigger switch, the illuminating lamp, the bright camera and the dark camera, corresponding image data can be left when a thief pries up the bullet cabinet, then the identity of the thief can be conveniently and rapidly locked, and the difficulty of finding guns and ammunitions is reduced.",E,abstract,"A sliding groove is formed in the side, close to the inner cabinet door, in the inner cabinet body, an anti-explosion plate is slidably connected into the sliding groove, an electromagnet fixedly connected with the inner cabinet body through a groove directly faces the sliding groove, the upper surface of the anti-explosion plate is slidably connected with a locking column through a containing groove, and meanwhile the side face of the ammunition cabinet is fixedly connected with a fingerprint identifier.",,I,abstract,"Through the cooperation of the main trigger switch, the illuminating lamp, the bright camera and the dark camera, corresponding image data can be left when a thief pries up the bullet cabinet, then the identity of the thief can be conveniently and rapidly locked, and the difficulty of finding guns and ammunitions is reduced.","Firearm firing control is stated alongside user authorization in the title/abstract, but their dependency is not explicit in this excerpt.",A,,,,A,,,,A,,,,A,,,,A,,,,C,abstract,"A sliding groove is formed in the side, close to the inner cabinet door, in the inner cabinet body, an anti-explosion plate is slidably connected into the sliding groove, an electromagnet fixedly connected with the inner cabinet body through a groove directly faces the sliding groove, the upper surface of the anti-explosion plate is slidably connected with a locking column through a containing groove, and meanwhile the side face of the ammunition cabinet is fixedly connected with a fingerprint identifier.",,A,,,,A,,,,2 established; 1 explicit,False,100,0,27.6,27.6,L,0,1,62,[],{},{},10.0,12.0,5.6,0.0,0.0,0.0,0.0,0.0,0.0,0.0,0.0,0.0
BC001-857A5503180B,Safety holster for preventing access to a firearm by unauthorized users,"A safety holster (10) for a firearm (30), including a pivotally mounted retaining member (50) for engaging the trigger guard (36) of the firearm (30) and preventing withdrawal of the firearm (30) from the holster (10) by anyone other than an authorized user of the firearm (30). The holster (10) includes a fingerprint sensor (100) for scanning fingerprint information of a perspective user of the firearm (30), and a processor (112) for comparing the scanned fingerprint information with stored fingerprint information of an authorized user and releasing the retaining member (50) only if the scanned fingerpint information matches that of the authorized user.",firearm,title,Safety holster for preventing access to a firearm by unauthorized users,E,abstract,"The holster (10) includes a fingerprint sensor (100) for scanning fingerprint information of a perspective user of the firearm (30), and a processor (112) for comparing the scanned fingerprint information with stored fingerprint information of an authorized user and releasing the retaining member (50) only if the scanned fingerpint information matches that of the authorized user.",,I,abstract,"A safety holster (10) for a firearm (30), including a pivotally mounted retaining member (50) for engaging the trigger guard (36) of the firearm (30) and preventing withdrawal of the firearm (30) from the holster (10) by anyone other than an authorized user of the firearm (30).","Firearm firing control is stated alongside user authorization in the title/abstract, but their dependency is not explicit in this excerpt.",A,,,,A,,,,A,,,,A,,,,A,,,,C,abstract,"The holster (10) includes a fingerprint sensor (100) for scanning fingerprint information of a perspective user of the firearm (30), and a processor (112) for comparing the scanned fingerprint information with stored fingerprint information of an authorized user and releasing the retaining member (50) only if the scanned fingerpint information matches that of the authorized user.",,A,,,,A,,,,2 established; 1 explicit,False,100,0,27.6,27.6,L,0,1,63,[],{},{},10.0,12.0,5.6,0.0,0.0,0.0,0.0,0.0,0.0,0.0,0.0,0.0
BC001-A2A50F75BB2B,System and method incorporating ai and human capabilities in a gun,"An AI device, attached to or in a firearm, a processor, camera, front and rear lens, laser to assist sighting. AI identifies “friend” or “foe” images on camera screen. Trademarked: AI GUN™. “Friend” or “foe” images are framed on camera's screen. “Friends” are child heads, family members, 2+people, police uniforms & badges, military uniforms with American Flag patches etc., AI un-blocks trigger for non-friends-“foes”. Pressed trigger authorizes firing. AI fires the gun at framed target. Shooter aims laser to target. AI locks trigger if “friends” are in view. With military use side camera screen shooter sees what the gun is aimed at while protected behind cover. When laser beam crosses framed “foe”, gun fires accurately, additional firing is possible with more framed targets. AI approves or denies user. Unauthorized use triggers alarm and flashing light. Facial recognition, fingerprint image or PIN code lock is used.",firearm,title,System and method incorporating ai and human capabilities in a gun,E,abstract,"Facial recognition, fingerprint image or PIN code lock is used.",,I,abstract,", AI un-blocks trigger for non-friends-“foes”.","Firearm firing control is stated alongside user authorization in the title/abstract, but their dependency is not explicit in this excerpt.",A,,,,A,,,,A,,,,A,,,,A,,,,C,abstract,"Facial recognition, fingerprint image or PIN code lock is used.",,A,,,,A,,,,2 established; 1 explicit,False,100,0,27.6,27.6,L,0,1,64,[],{},{},10.0,12.0,5.6,0.0,0.0,0.0,0.0,0.0,0.0,0.0,0.0,0.0
BC001-A8AF9CB44A3A,Biometric Method activated Locking and Authorization Systems,"[Resolution Means] a system 100 for locking, storing, enabling, and disabling devices such as normal firearms and electronic firearms. System 100 uses a control system 126,134,136 that is responsive to biometric data input by biometric data input device 134,136. A single input of the authorized biometric data permits release of the lock box 100 or trigger locking device and actuation and foaming of an electronically controlled firearm equipped with an electronic locking system or electronic foaming system.",firearm,abstract,"[Resolution Means] a system 100 for locking, storing, enabling, and disabling devices such as normal firearms and electronic firearms.",E,title,Biometric Method activated Locking and Authorization Systems,,I,abstract,A single input of the authorized biometric data permits release of the lock box 100 or trigger locking device and actuation and foaming of an electronically controlled firearm equipped with an electronic locking system or electronic foaming system.,"Firearm firing control is stated alongside user authorization in the title/abstract, but their dependency is not explicit in this excerpt.",A,,,,A,,,,A,,,,A,,,,A,,,,C,title,Biometric Method activated Locking and Authorization Systems,,A,,,,A,,,,2 established; 1 explicit,False,100,0,27.6,27.6,L,0,1,65,[],{},{},10.0,12.0,5.6,0.0,0.0,0.0,0.0,0.0,0.0,0.0,0.0,0.0
BC001-ACD688880E04,Firearm safety systems,"A firearm safety system is described herein which may be configured to be personalized for use by one or more individuals who are authorized to use that firearm. The firearm may have the one or more authorized individuals pre-authorized such that one or more of their biometric identifying information becomes associated with the weapon. During use, the firearm may readily identify whether the user is an authorized individual in which case the firearm may be used normally. In the event that the biometric feature of the detected user is an unauthorized individual, the firearm may become rendered unusable by automatically disengaging or inhibiting the firing mechanism.",firearm,title,Firearm safety systems,E,abstract,The firearm may have the one or more authorized individuals pre-authorized such that one or more of their biometric identifying information becomes associated with the weapon.,,I,abstract,"In the event that the biometric feature of the detected user is an unauthorized individual, the firearm may become rendered unusable by automatically disengaging or inhibiting the firing mechanism.","Firearm firing control is stated alongside user authorization in the title/abstract, but their dependency is not explicit in this excerpt.",A,,,,A,,,,A,,,,A,,,,A,,,,C,abstract,The firearm may have the one or more authorized individuals pre-authorized such that one or more of their biometric identifying information becomes associated with the weapon.,,A,,,,A,,,,2 established; 1 explicit,False,100,0,27.6,27.6,L,0,1,66,[],{},{},10.0,12.0,5.6,0.0,0.0,0.0,0.0,0.0,0.0,0.0,0.0,0.0
BC001-BE28DE42DE7B,Secured firearm,"The present invention describes a secured firearm, including semi-automatic pistols and revolvers, which has a permanently mounted locking device 1 in front of a trigger guard 3 and under a barrel 4. The locking device 1 locks a locking bar 7 which restricts the movement of a slide 5 or a cylinder 30, thereby disabling the secured firearm. The locking device 1 is attached to the outside of the secured firearm. Therefor, the impact on the inside of the secured firearm can be minimized. Any kind of lock can be used as the locking device 1 as long as it is compact enough to be installed in the housing of the locking device 1. For example, a key lock, a combination lock, an electric lock, and a biometric lock such as fingerprint authentication are all applicable to the locking device 1. The locking device 1 is fixed to the secured firearm firmly with screws from inside of the frame, whereby unauthorized dismantling of the locking device 1 is prevented. There is no possibility that the locking device 1 is lost during the secured firearm is used. It does not contact a trigger nor a hammer. Therefore, there is no possibility of accidental firing of the secured firearm due to mishandling of the locking device 1. The locking device 1 is applicable to both current handguns and newly designed handguns.",firearm,title,Secured firearm,E,abstract,"For example, a key lock, a combination lock, an electric lock, and a biometric lock such as fingerprint authentication are all applicable to the locking device 1.",,I,abstract,"The present invention describes a secured firearm, including semi-automatic pistols and revolvers, which has a permanently mounted locking device 1 in front of a trigger guard 3 and under a barrel 4.","Firearm firing control is stated alongside user authorization in the title/abstract, but their dependency is not explicit in this excerpt.",A,,,,A,,,,A,,,,A,,,,A,,,,C,abstract,"For example, a key lock, a combination lock, an electric lock, and a biometric lock such as fingerprint authentication are all applicable to the locking device 1.",,A,,,,A,,,,2 established; 1 explicit,False,100,0,27.6,27.6,L,0,1,67,[],{},{},10.0,12.0,5.6,0.0,0.0,0.0,0.0,0.0,0.0,0.0,0.0,0.0
BC001-C75809888466,Biometric Firearms Safety System,"A biometric firearms safety system includes a firearm that has a grip and an action. A fingerprint unit is coupled to the firearm. The fingerprint unit is positioned on the grip to read fingerprints from a user. The fingerprint unit stores fingerprints from an authorized user. A locking unit is coupled to the firearm. The locking unit engages the action such that the locking unit inhibits the action from is manipulated. Thus, the locking unit inhibits the firearm from is loaded and fired. The locking unit is electrically coupled to the fingerprint unit. The locking unit disengages from the action when the user's fingerprints match the authorized user's fingerprints. Thus, the locking unit facilitates the user to load and fire the firearm.",firearm,title,Biometric Firearms Safety System,E,abstract,The fingerprint unit stores fingerprints from an authorized user.,,I,abstract,"Thus, the locking unit facilitates the user to load and fire the firearm.","Firearm firing control is stated alongside user authorization in the title/abstract, but their dependency is not explicit in this excerpt.",A,,,,A,,,,A,,,,A,,,,A,,,,C,title,Biometric Firearms Safety System,,A,,,,A,,,,2 established; 1 explicit,False,100,0,27.6,27.6,L,0,1,68,[],{},{},10.0,12.0,5.6,0.0,0.0,0.0,0.0,0.0,0.0,0.0,0.0,0.0
BC001-D3083503FD85,Intelligent safety lock for gun,"The invention discloses an intelligent safety lock for a gun. The intelligent safety lock comprises a left lock seat and a right lock seat which are locked with each other. The left lock seat and the right lock seat can be fixedly clamped at a trigger position of the gun after being locked with each other, the right lock seat comprises a lock frame and a lock seat shell, a fingerprint acquisition plate is arranged on the lock seat shell, the lock frame and the lock seat shell are fixedly integrally connected with each other, an accommodating cavity is formed inside the lock frame and the lock seat shell, and a locking mechanism, an intelligent fingerprint processing module and a motor are arranged in the accommodating cavity; the left lock seat is provided with a spring bolt which can extends into the accommodating cavity of the right lock seat and can be fittingly locked with the locking mechanism; the fingerprint acquisition plate, the intelligent fingerprint processing module and the motor are connected with one another by electric signals. The intelligent safety lock has the advantages that the safety lock can be unlocked in a fingerprint recognition mode and accordingly is high in safety performance; the intelligent safety lock can be quickly locked and unlocked, can be operated easily and conveniently and is reliable in use.",firearm,title,Intelligent safety lock for gun,E,abstract,"The intelligent safety lock has the advantages that the safety lock can be unlocked in a fingerprint recognition mode and accordingly is high in safety performance; the intelligent safety lock can be quickly locked and unlocked, can be operated easily and conveniently and is reliable in use.",,I,abstract,"The left lock seat and the right lock seat can be fixedly clamped at a trigger position of the gun after being locked with each other, the right lock seat comprises a lock frame and a lock seat shell, a fingerprint acquisition plate is arranged on the lock seat shell, the lock frame and the lock seat shell are fixedly integrally connected with each other, an accommodating cavity is formed inside the lock frame and the lock seat shell, and a locking mechanism, an intelligent fingerprint processing module and a motor are arranged in the accommodating cavity; the left lock seat is provided with a spring bolt which can extends into the accommodating cavity of the right lock seat and can be fittingly locked with the locking mechanism; the fingerprint acquisition plate, the intelligent fingerprint processing module and the motor are connected with one another by electric signals.","Firearm firing control is stated alongside user authorization in the title/abstract, but their dependency is not explicit in this excerpt.",A,,,,A,,,,A,,,,A,,,,A,,,,C,abstract,"The left lock seat and the right lock seat can be fixedly clamped at a trigger position of the gun after being locked with each other, the right lock seat comprises a lock frame and a lock seat shell, a fingerprint acquisition plate is arranged on the lock seat shell, the lock frame and the lock seat shell are fixedly integrally connected with each other, an accommodating cavity is formed inside the lock frame and the lock seat shell, and a locking mechanism, an intelligent fingerprint processing module and a motor are arranged in the accommodating cavity; the left lock seat is provided with a spring bolt which can extends into the accommodating cavity of the right lock seat and can be fittingly locked with the locking mechanism; the fingerprint acquisition plate, the intelligent fingerprint processing module and the motor are connected with one another by electric signals.",,A,,,,A,,,,2 established; 1 explicit,False,100,0,27.6,27.6,L,0,1,69,[],{},{},10.0,12.0,5.6,0.0,0.0,0.0,0.0,0.0,0.0,0.0,0.0,0.0
BC001-EC8A2D98ADF7,Fingerprint safety lock for firearms,"A locking system for firearms that utilizes an owner's fingerprint to lock and unlock it is disclosed. Upon initial observation of the invention, it appears like a conventional fire arm lock that goes around the trigger and immobilizes it. Fingerprint sensors are provided that will only acknowledge the fingerprint and thumb print of the gun owner. When the owner touches the sensors once, the present invention will unlock, and when they are touched again, it will lock. A small computerized chip, in conjunction with a lithium battery and an advancement mechanism such as a stepper motor perform the actual locking duties. The housing of the invention is made of titanium to prevent tampering.",firearm,title,Fingerprint safety lock for firearms,E,abstract,A locking system for firearms that utilizes an owner's fingerprint to lock and unlock it is disclosed.,,I,abstract,"Upon initial observation of the invention, it appears like a conventional fire arm lock that goes around the trigger and immobilizes it.","Firearm firing control is stated alongside user authorization in the title/abstract, but their dependency is not explicit in this excerpt.",A,,,,A,,,,A,,,,A,,,,A,,,,C,title,Fingerprint safety lock for firearms,,A,,,,A,,,,2 established; 1 explicit,False,100,0,27.6,27.6,L,0,1,70,[],{},{},10.0,12.0,5.6,0.0,0.0,0.0,0.0,0.0,0.0,0.0,0.0,0.0
BC001-184DC4300721,It's a firearm with security,"The invention relates to a firearm (10) that can only be used by the owner of the gun, which does not allow firing by sensing people in firearms, particularly hunting rifles.",firearm,title,It's a firearm with security,A,,,,E,abstract,"The invention relates to a firearm (10) that can only be used by the owner of the gun, which does not allow firing by sensing people in firearms, particularly hunting rifles.",,A,,,,A,,,,A,,,,A,,,,A,,,,A,,,,A,,,,A,,,,1 established; 1 explicit,False,100,0,26.0,26.0,L,0,1,71,[],{},{},10.0,0.0,16.0,0.0,0.0,0.0,0.0,0.0,0.0,0.0,0.0,0.0
BC001-31F957E97F0F,"Vehicle starting reminding control method, vehicle control unit, system and vehicle","The embodiment of the invention provides a vehicle starting reminding control method, a vehicle control unit, a system and a vehicle. The method comprises the steps that a power anti-theft authentication request transmitted by a one-key starting controller is received; the connection state of a charging and discharging port and a charging and discharging gun is detected according to the power anti-theft authentication request; and when it is determined that the charging and discharging port is connected with the charging and discharging gun, the vehicle is kept in a non-driving state, and first warning information is sent to an instrument. According to the technical scheme, when the user starts the vehicle, the vehicle control unit acquires the vehicle state, when it is determined that thevehicle cannot be started, the prompt information is displayed through the instrument so that the user can conveniently know the reason why the vehicle cannot be in the drivable state, the confusionof the user when the vehicle cannot be started to enter the drivable state is avoided, and meanwhile the user can conveniently take corresponding measures according to the first warning information soas to carry out normal driving operation.",firearm,abstract,"The method comprises the steps that a power anti-theft authentication request transmitted by a one-key starting controller is received; the connection state of a charging and discharging port and a charging and discharging gun is detected according to the power anti-theft authentication request; and when it is determined that the charging and discharging port is connected with the charging and discharging gun, the vehicle is kept in a non-driving state, and first warning information is sent to an instrument.",A,,,,E,abstract,"The method comprises the steps that a power anti-theft authentication request transmitted by a one-key starting controller is received; the connection state of a charging and discharging port and a charging and discharging gun is detected according to the power anti-theft authentication request; and when it is determined that the charging and discharging port is connected with the charging and discharging gun, the vehicle is kept in a non-driving state, and first warning information is sent to an instrument.",,A,,,,A,,,,A,,,,A,,,,A,,,,A,,,,A,,,,A,,,,1 established; 1 explicit,False,100,0,26.0,26.0,L,0,1,72,[],{},{},10.0,0.0,16.0,0.0,0.0,0.0,0.0,0.0,0.0,0.0,0.0,0.0
BC001-330834BF046B,Systems and methods for preventing friendly fire through infrared recognition and authentication,"Systems and methods prevent friendly fire using infrared object recognition. An IR projector projects a beam of IR radiation at a first wavelength onto the object and an IR detector, having a field of view of the object, detects IR fluorescence from the object, where a wavelength of the fluorescence is a function of the first wavelength. The system includes a memory for storing software having machine readable instructions that, when executed by a processor, perform the steps of: (a) controlling the IR projector to generate IR at the first wavelength; (b) controlling the IR detector to capture the object fluorescence; and (c) identifying the object as friendly or non-friendly based upon the object fluorescence. The system further includes an inhibitor for preventing firing of a gun or missile when the object is identified as friendly.",firearm,abstract,The system further includes an inhibitor for preventing firing of a gun or missile when the object is identified as friendly.,A,,,,E,title,Systems and methods for preventing friendly fire through infrared recognition and authentication,,A,,,,A,,,,A,,,,A,,,,A,,,,A,,,,A,,,,A,,,,1 established; 1 explicit,False,100,0,26.0,26.0,L,0,1,73,[],{},{},10.0,0.0,16.0,0.0,0.0,0.0,0.0,0.0,0.0,0.0,0.0,0.0
BC001-537A57AAAB15,System and method for protecting items stored in a cargo area of a vehicle,"The present disclosure provides a system and method for protecting items stored in a cargo area of a vehicle. The present disclosure generally relates to systems and methods for securing items in a vehicle. An exemplary method may include a processor receiving a primary trigger to unlock a door of the vehicle, and then unlocking the door to allow access to a cargo hold. An auxiliary trigger for unlocking a safety lock that is part of a cargo item holder located in the cargo hold may then be received. The processor may perform an authentication procedure on the secondary trigger and unlock the security lock based on successful authentication of the secondary trigger. In an exemplary embodiment, the cargo item holder is a gun rack including a safety lock, the primary trigger may be a signal generated by activating a button switch, and the secondary trigger may be a verbal command, a signal generated by a smart tag, or an image of an individual.",firearm,abstract,"In an exemplary embodiment, the cargo item holder is a gun rack including a safety lock, the primary trigger may be a signal generated by activating a button switch, and the secondary trigger may be a verbal command, a signal generated by a smart tag, or an image of an individual.",A,,,,E,abstract,The processor may perform an authentication procedure on the secondary trigger and unlock the security lock based on successful authentication of the secondary trigger.,,A,,,,A,,,,A,,,,A,,,,A,,,,A,,,,A,,,,A,,,,1 established; 1 explicit,False,100,0,26.0,26.0,L,0,1,74,[],{},{},10.0,0.0,16.0,0.0,0.0,0.0,0.0,0.0,0.0,0.0,0.0,0.0
BC001-5DEA83D743EB,Applicator gun products by extrusion.,"Gun applicator product by extrusion, particularly of products provided in cartridges (3) fitted with a piston (3a) and a nozzle (3b) applicator, characterized in that its body (1) cylindrical recess is configured by a stretch front formed on top severable (1a) and a branch rear (1b) attached to the handle (2), in which there is a control valve (5) actuated by the trigger (4), and a duct (6) fluid pressure to the camera ( 7) exists in the branch back (1b) of the body (1), which is susceptible to receive longitudinally of the cartridge (3) which is fixed by the cap (1a), verifying that the nozzle (3b) of said cartridge (3 ) asomada is abroad and piston (3a) faced with camera (7) in a position to receive the action fluid to be pressed the trigger (4).",firearm,title,Applicator gun products by extrusion.,A,,,,E,abstract,"Gun applicator product by extrusion, particularly of products provided in cartridges (3) fitted with a piston (3a) and a nozzle (3b) applicator, characterized in that its body (1) cylindrical recess is configured by a stretch front formed on top severable (1a) and a branch rear (1b) attached to the handle (2), in which there is a control valve (5) actuated by the trigger (4), and a duct (6) fluid pressure to the camera ( 7) exists in the branch back (1b) of the body (1), which is susceptible to receive longitudinally of the cartridge (3) which is fixed by the cap (1a), verifying that the nozzle (3b) of said cartridge (3 ) asomada is abroad and piston (3a) faced with camera (7) in a position to receive the action fluid to be pressed the trigger (4).",,A,,,,A,,,,A,,,,A,,,,A,,,,A,,,,A,,,,A,,,,1 established; 1 explicit,False,100,0,26.0,26.0,L,0,1,75,[],{},{},10.0,0.0,16.0,0.0,0.0,0.0,0.0,0.0,0.0,0.0,0.0,0.0
BC001-629B10042E54,"Firearm safety mechanisms, visual safety indicators, and related techniques","The techniques described herein relate to methods and apparatus for firearm safety mechanisms, visual safety indicators, and related techniques. A firearm includes a handle comprising one or more buttons disposed at least partially within a surface of the handle, such that the one or more buttons can be in contact with an operator's hand when the operator grasps the handle; a safety mechanism in mechanical communication with the trigger. The safety mechanism comprises: a first position that blocks actuation of the trigger; and a second position that does not block actuation of the trigger; and at least one processor configured to: upon determining an input code matches a stored code, transmits a signal to the safety mechanism to change the safety mechanism from the first position to the second position so that the firearm can be fired by the operator.",firearm,title,"Firearm safety mechanisms, visual safety indicators, and related techniques",A,,,,E,abstract,"The safety mechanism comprises: a first position that blocks actuation of the trigger; and a second position that does not block actuation of the trigger; and at least one processor configured to: upon determining an input code matches a stored code, transmits a signal to the safety mechanism to change the safety mechanism from the first position to the second position so that the firearm can be fired by the operator.",,A,,,,A,,,,A,,,,A,,,,A,,,,A,,,,A,,,,A,,,,1 established; 1 explicit,False,100,0,26.0,26.0,L,0,1,76,[],{},{},10.0,0.0,16.0,0.0,0.0,0.0,0.0,0.0,0.0,0.0,0.0,0.0
BC001-62D89165C01D,"Firearm safety mechanisms, visual safety indicators, and related techniques","The techniques described herein relate to methods and apparatus for firearm safety mechanisms, visual safety indicators, and related techniques. A firearm includes a handle comprising one or more buttons disposed at least partially within a surface of the handle, such that the one or more buttons can be in contact with an operator's hand when the operator grasps the handle; a safety mechanism in mechanical communication with the trigger. The safety mechanism comprises: a first position that blocks actuation of the trigger; and a second position that does not block actuation of the trigger; and at least one processor configured to: upon determining an input code matches a stored code, transmits a signal to the safety mechanism to change the safety mechanism from the first position to the second position so that the firearm can be fired by the operator.",firearm,title,"Firearm safety mechanisms, visual safety indicators, and related techniques",A,,,,E,abstract,"The safety mechanism comprises: a first position that blocks actuation of the trigger; and a second position that does not block actuation of the trigger; and at least one processor configured to: upon determining an input code matches a stored code, transmits a signal to the safety mechanism to change the safety mechanism from the first position to the second position so that the firearm can be fired by the operator.",,A,,,,A,,,,A,,,,A,,,,A,,,,A,,,,A,,,,A,,,,1 established; 1 explicit,False,100,0,26.0,26.0,L,0,1,77,[],{},{},10.0,0.0,16.0,0.0,0.0,0.0,0.0,0.0,0.0,0.0,0.0,0.0
BC001-69A5CDD5CDC5,Direct-current vehicle-to-vehicle charging and discharging system and control guide circuit and charging and discharging interaction method thereof,"The invention provides a direct-current vehicle-to-vehicle charging and discharging system and a control guide circuit and a charging and discharging interaction method thereof, and the system comprises a discharging vehicle, a charging vehicle, and a gun line connected between the discharging vehicle and the charging vehicle. The control guide circuit comprises a first identification module and a second confirmation module which are arranged at one end of the discharge vehicle, the first identification module is configured to generate a first identification signal based on the connection state of the gun wire, and the first identification signal is used for representing the current-carrying capacity of the gun wire and whether the gun wire is successfully connected or not; the second confirmation module is configured to provide a target power supply for the gun line by closing a switch component arranged in the second confirmation module so as to control closing of the electromagnetic lock in the communication loop, and the communication loop between the discharging vehicle and the charging vehicle is established. Therefore, by arranging the first identification module and the second confirmation module, it can be ensured that charging and discharging are started only when gun line connection is normal and locking is normal, and the safety and reliability of the system are improved.",firearm,abstract,"The invention provides a direct-current vehicle-to-vehicle charging and discharging system and a control guide circuit and a charging and discharging interaction method thereof, and the system comprises a discharging vehicle, a charging vehicle, and a gun line connected between the discharging vehicle and the charging vehicle.",A,,,,E,abstract,"The control guide circuit comprises a first identification module and a second confirmation module which are arranged at one end of the discharge vehicle, the first identification module is configured to generate a first identification signal based on the connection state of the gun wire, and the first identification signal is used for representing the current-carrying capacity of the gun wire and whether the gun wire is successfully connected or not; the second confirmation module is configured to provide a target power supply for the gun line by closing a switch component arranged in the second confirmation module so as to control closing of the electromagnetic lock in the communication loop, and the communication loop between the discharging vehicle and the charging vehicle is established.",,A,,,,A,,,,A,,,,A,,,,A,,,,A,,,,A,,,,A,,,,1 established; 1 explicit,False,100,0,26.0,26.0,L,0,1,78,[],{},{},10.0,0.0,16.0,0.0,0.0,0.0,0.0,0.0,0.0,0.0,0.0,0.0
BC001-7551E82963CA,Electromagnetic gun open safe,"An electromagnetic gun-locking safe, substantially harder to defeat than mere mechanical-system trigger locks, wherein the safe allows visibility of the gun at all times, wherein the safe utilizes over 1000 lbs. of electromagnetic force, and wherein said magnetic force, along with the shape of the safe's enclosure, along with an integrated trigger lock, together prevent the pistol from being removed, moved or slid, and wherein the trigger and other gun mechanisms can not be operated unless the gun owner activates a unique lock configuration system to deactivate said electromagnet to access the gun and its trigger mechanism.",firearm,title,Electromagnetic gun open safe,A,,,,E,abstract,"of electromagnetic force, and wherein said magnetic force, along with the shape of the safe's enclosure, along with an integrated trigger lock, together prevent the pistol from being removed, moved or slid, and wherein the trigger and other gun mechanisms can not be operated unless the gun owner activates a unique lock configuration system to deactivate said electromagnet to access the gun and its trigger mechanism.",,A,,,,A,,,,A,,,,A,,,,A,,,,A,,,,A,,,,A,,,,1 established; 1 explicit,False,100,0,26.0,26.0,L,0,1,79,[],{},{},10.0,0.0,16.0,0.0,0.0,0.0,0.0,0.0,0.0,0.0,0.0,0.0
BC001-7BE21B2DBAEA,Firearm with automatic target acquiring and shooting,"A firearm that automatically controls the release of bullets, including one or more sensors that provide real-time sensor data of the view in front of the firearm, a computer that identifies legitimate targets in the real-time sensor data, without user intervention, a trigger sensor that determines directly or indirectly if the trigger is engaged, wherein as long as the trigger is engaged, the firearm is configured to continuously acquire real-time sensor data, identify legitimate targets and automatically release bullets when the firearm is directed toward the identified targets.(From [publication reference] A1)",firearm,title,Firearm with automatic target acquiring and shooting,A,,,,E,abstract,"A firearm that automatically controls the release of bullets, including one or more sensors that provide real-time sensor data of the view in front of the firearm, a computer that identifies legitimate targets in the real-time sensor data, without user intervention, a trigger sensor that determines directly or indirectly if the trigger is engaged, wherein as long as the trigger is engaged, the firearm is configured to continuously acquire real-time sensor data, identify legitimate targets and automatically release bullets when the firearm is directed toward the identified targets.",,A,,,,A,,,,A,,,,A,,,,A,,,,A,,,,A,,,,A,,,,1 established; 1 explicit,False,100,0,26.0,26.0,L,0,1,80,[],{},{},10.0,0.0,16.0,0.0,0.0,0.0,0.0,0.0,0.0,0.0,0.0,0.0
BC001-7E12BAA2B444,Hit indicator apparatus,"Apparatus for indicating that a weapon having a trigger is pointed at a target when the trigger is actuated, comprising: a first transmitter for sending signals, means to cause said first transmitter to send an interrogation signal when the trigger is actuated, receiver means to detect all signals sent by said first transmitter, code circuit means responsive to the detected signal corresponding to said interrogation signal for initiating a train of code signals, a second transmitter for sending answer signals in response to and coincident with certain of the code signals in said train, said code circuit means producing a corresponding companion signal for each of said certain code pulses, each companion signal having a predetermined time relationship to the code signal to which it correiponds, detector means for detecting answer signals, means to prevent said detector for detecting answer signals at all positions of the weapon except where it is pointed at the target, the detected signal corresponding to an answer signal, causing said first transmitter to send a verification signal, the time relationship between an answer signal detected by said detector means and the resulting verification signal being the same as the time relationship between the code signal responsible for the last-mentioned answer signal and the companion signal which corresponds to the last-mentioned code signal, indicating means operable by a coincidence signal for indicating that the weapon is pointed at the target when the trigger is actuated, and means to produce said coincidence signal only if said receiver detects verification signals from said first transmitter in coincidence with said companion signals.",firearm,abstract,"Apparatus for indicating that a weapon having a trigger is pointed at a target when the trigger is actuated, comprising: a first transmitter for sending signals, means to cause said first transmitter to send an interrogation signal when the trigger is actuated, receiver means to detect all signals sent by said first transmitter, code circuit means responsive to the detected signal corresponding to said interrogation signal for initiating a train of code signals, a second transmitter for sending answer signals in response to and coincident with certain of the code signals in said train, said code circuit means producing a corresponding companion signal for each of said certain code pulses, each companion signal having a predetermined time relationship to the code signal to which it correiponds, detector means for detecting answer signals, means to prevent said detector for detecting answer signals at all positions of the weapon except where it is pointed at the target, the detected signal corresponding to an answer signal, causing said first transmitter to send a verification signal, the time relationship between an answer signal detected by said detector means and the resulting verification signal being the same as the time relationship between the code signal responsible for the last-mentioned answer signal and the companion signal which corresponds to the last-mentioned code signal, indicating means operable by a coincidence signal for indicating that the weapon is pointed at the target when the trigger is actuated, and means to produce said coincidence signal only if said receiver detects verification signals from said first transmitter in coincidence with said companion signals.",A,,,,E,abstract,"Apparatus for indicating that a weapon having a trigger is pointed at a target when the trigger is actuated, comprising: a first transmitter for sending signals, means to cause said first transmitter to send an interrogation signal when the trigger is actuated, receiver means to detect all signals sent by said first transmitter, code circuit means responsive to the detected signal corresponding to said interrogation signal for initiating a train of code signals, a second transmitter for sending answer signals in response to and coincident with certain of the code signals in said train, said code circuit means producing a corresponding companion signal for each of said certain code pulses, each companion signal having a predetermined time relationship to the code signal to which it correiponds, detector means for detecting answer signals, means to prevent said detector for detecting answer signals at all positions of the weapon except where it is pointed at the target, the detected signal corresponding to an answer signal, causing said first transmitter to send a verification signal, the time relationship between an answer signal detected by said detector means and the resulting verification signal being the same as the time relationship between the code signal responsible for the last-mentioned answer signal and the companion signal which corresponds to the last-mentioned code signal, indicating means operable by a coincidence signal for indicating that the weapon is pointed at the target when the trigger is actuated, and means to produce said coincidence signal only if said receiver detects verification signals from said first transmitter in coincidence with said companion signals.",,A,,,,A,,,,A,,,,A,,,,A,,,,A,,,,A,,,,A,,,,1 established; 1 explicit,False,100,0,26.0,26.0,L,0,1,81,[],{},{},10.0,0.0,16.0,0.0,0.0,0.0,0.0,0.0,0.0,0.0,0.0,0.0
BC001-9284F324E789,On -vehicle big gun fire control system checks and accepts rack,"The utility model discloses an on -vehicle big gun fire control system checks and accepts rack belongs to heavy -calibre cannon device testing system technical field. This rack comprises baffle board,barrel, breech, cradle, the platform of putting on the shelf, overturn, high flat -bed machine, orientation machine, march fixer, simulation rammer, seat circle, toolbox and instrument. Transfer biggun with control system's mating reaction in order to realize height, orientation through high flat -bed machine and orientation machine, give rack firing angle and directive. This rack keeps has eachfree installation interface of fire control system, and mounted position and size keep the unanimity with on -vehicle big gun, and the subtotal return portion inertia that rises and falls keeps the unanimity with on -vehicle big gun, after hydraulic system provides power for the rack, and the rack instruction that sent at the gun commander terminal in through fire control system, big gun to assigned position is transferred in the automation. This rack verifies mainly the automation of fire control system under the heel angle of difference transfers the big gun precision whether to meet the demands to save the time of debugging and the manpower of consumption, guaranteed product quality.",firearm,title,On -vehicle big gun fire control system checks and accepts rack,A,,,,E,abstract,"This rack verifies mainly the automation of fire control system under the heel angle of difference transfers the big gun precision whether to meet the demands to save the time of debugging and the manpower of consumption, guaranteed product quality.",,A,,,,A,,,,A,,,,A,,,,A,,,,A,,,,A,,,,A,,,,1 established; 1 explicit,False,100,0,26.0,26.0,L,0,1,82,[],{},{},10.0,0.0,16.0,0.0,0.0,0.0,0.0,0.0,0.0,0.0,0.0,0.0
BC001-A21BBF9BA93F,Security devices and methods for regulating access to items secured within,"Security holsters and methods for securing a firearm are provided. In one example, the security holster includes: a body including a cavity for receiving the firearm; a locking mechanism extending at least partially into the cavity for selectively securing at least a portion of the firearm within the cavity; an access authentication assembly configured to receive/provide authentication data for determining if a requesting user requesting access to the firearm is an authorized user; a device condition sensor configured to provide device condition data associated with at least one of the security holster and an environment in proximity to the security holster; and a computing device operably coupled to the locking mechanism, the access authentication assembly, and the device condition sensor, and configured to regulate the security holster between a locked configuration where access to the firearm is denied and an unlocked configuration where the firearm is accessible.",firearm,abstract,Security holsters and methods for securing a firearm are provided.,A,,,,E,abstract,"In one example, the security holster includes: a body including a cavity for receiving the firearm; a locking mechanism extending at least partially into the cavity for selectively securing at least a portion of the firearm within the cavity; an access authentication assembly configured to receive/provide authentication data for determining if a requesting user requesting access to the firearm is an authorized user; a device condition sensor configured to provide device condition data associated with at least one of the security holster and an environment in proximity to the security holster; and a computing device operably coupled to the locking mechanism, the access authentication assembly, and the device condition sensor, and configured to regulate the security holster between a locked configuration where access to the firearm is denied and an unlocked configuration where the firearm is accessible.",,A,,,,A,,,,A,,,,A,,,,A,,,,A,,,,A,,,,A,,,,1 established; 1 explicit,False,100,0,26.0,26.0,L,0,1,83,[],{},{},10.0,0.0,16.0,0.0,0.0,0.0,0.0,0.0,0.0,0.0,0.0,0.0
BC001-A7E44742E60B,Charging and discharging integrated gun identity recognition control module and control circuit applying same,"The invention discloses a charging and discharging integrated gun identity recognition control module which comprises a first identity recognition chip, and a chip control pin electrically connected with the first identity recognition chip is arranged on an MCU module. The first identity recognition chip is arranged in the plug end, and at least first identity recognition information and charging and discharging parameter information are pre-stored in the first identity recognition chip; the first identity recognition information is bidirectional authentication information of a vehicle or a butt joint accessory matched with the charging and discharging integrated gun; when a gun head body of the charging and discharging integrated gun is connected to a vehicle and a plug end enters a charging mode or a discharging mode, the MCU module reads identity recognition information on the first identity recognition chip and judges whether the first identity recognition information is matched or not, if yes, charging is started in the charging mode, and discharging waiting is started in the discharging mode; and if not, charging or discharging is not carried out. The invention further discloses a charging and discharging integrated gun control circuit comprising the identity recognition control module. Through identity recognition, intelligent service can be realized, and meanwhile, potential safety hazards caused by misoperation are avoided.",firearm,title,Charging and discharging integrated gun identity recognition control module and control circuit applying same,A,,,,E,title,Charging and discharging integrated gun identity recognition control module and control circuit applying same,,A,,,,A,,,,A,,,,A,,,,A,,,,A,,,,A,,,,A,,,,1 established; 1 explicit,False,100,0,26.0,26.0,L,0,1,84,[],{},{},10.0,0.0,16.0,0.0,0.0,0.0,0.0,0.0,0.0,0.0,0.0,0.0
BC001-B00F71093F2B,"Apparatus, system, and method for restrictive or selective firearm and smart gun weapon control","A firearm, the firearm comprising: a grip; a transparent window located on the rear of the grip; at least one electromagnetic sensor located within the grip, and configured to receive electromagnetic radiation from outside of the grip through the transparent window; a computing device located in the grip and in communication with the LED and the electromagnetic sensor; where the electromagnetic sensor is configured to detect incoming electromagnetic radiation traveling through the transparent window from outside of the grip; and the computing device is configured to allow the firearm to fire if the computing device determines that the incoming electromagnetic radiation corresponds to an authorized user for the firearm. A firearm system, the firearm comprising: an external charging circuit, the external charging circuit comprising: a resonant inductive coil; a power supply in operable communication with the coil; a rechargeable power storage device in operable communication with the coil; a firearm configured to removably connect to the external charging circuit, the firearm comprising: a resonant inductive coil; a power supply in operable communication with the coil; a rechargeable storage device in operable communication with the coil; firearm electronics in operable communication with the power supply; mechanical controls in operable communication with the power supply; a mechanical squeeze generator in operable communication with the power supply.",firearm,title,"Apparatus, system, and method for restrictive or selective firearm and smart gun weapon control",A,,,,E,abstract,"A firearm, the firearm comprising: a grip; a transparent window located on the rear of the grip; at least one electromagnetic sensor located within the grip, and configured to receive electromagnetic radiation from outside of the grip through the transparent window; a computing device located in the grip and in communication with the LED and the electromagnetic sensor; where the electromagnetic sensor is configured to detect incoming electromagnetic radiation traveling through the transparent window from outside of the grip; and the computing device is configured to allow the firearm to fire if the computing device determines that the incoming electromagnetic radiation corresponds to an authorized user for the firearm.",,A,,,,A,,,,A,,,,A,,,,A,,,,A,,,,A,,,,A,,,,1 established; 1 explicit,False,100,0,26.0,26.0,L,0,1,85,[],{},{},10.0,0.0,16.0,0.0,0.0,0.0,0.0,0.0,0.0,0.0,0.0,0.0
BC001-B870E5C8C781,Electronic arms security system and method for securing a firearm,"The invention relates to an arms security system, comprising a first touch-sensitive user interface for receiving user data characterising a user. This first touch-sensitive user interface is located in a contact area of an arm that is touched by the user in order to shoot. The arms security system also has a control device comprising an input unit for receiving user data, a computer unit for checking user data and an output unit. If the user data check is successful, indicating that the user is authorised to use the arm, the output unit emits a release signal in order to release the trigger mechanism of the arm. The arms security system comprises a user terminal for providing the touch-sensitive user interface with the user data, said terminal having the user data and a body transmission device which is connected to the user for transmitting user data to the first touch-sensitive user interface when the latter is touched.",firearm,title,Electronic arms security system and method for securing a firearm,A,,,,E,abstract,"If the user data check is successful, indicating that the user is authorised to use the arm, the output unit emits a release signal in order to release the trigger mechanism of the arm.",,A,,,,A,,,,A,,,,A,,,,A,,,,A,,,,A,,,,A,,,,1 established; 1 explicit,False,100,0,26.0,26.0,L,0,1,86,[],{},{},10.0,0.0,16.0,0.0,0.0,0.0,0.0,0.0,0.0,0.0,0.0,0.0
BC001-C6D35D126D1F,Weapon control system,"A firearm control system for a firearm authorized for use by a person having a validated identity comprises a firearm having a frame, barrel, firing mechanism and trigger. An interlock system is provided for enabling and disabling operation of the firearm, the interlock system being disposed on the frame and including a communications/control module, a trigger module operatively connected to the communication/control module, and operatively connected to the trigger to sense attempted operation of the trigger by a user and send signals to the communications/control module, and a firing mechanism module operatively connected to the communication/control module, and to the firing mechanism to enable or disable operation of the firing mechanism. The interlock system operates to enable and disable operation of the firearm based on signals sent to, and received from, the communications/control module.",firearm,title,Weapon control system,A,,,,E,abstract,"A firearm control system for a firearm authorized for use by a person having a validated identity comprises a firearm having a frame, barrel, firing mechanism and trigger.",,A,,,,A,,,,A,,,,A,,,,A,,,,A,,,,A,,,,A,,,,1 established; 1 explicit,False,100,0,26.0,26.0,L,0,1,87,[],{},{},10.0,0.0,16.0,0.0,0.0,0.0,0.0,0.0,0.0,0.0,0.0,0.0
BC001-D2A8B4E5B6A1,System for automated verification and configuration of parameters of the fire control system of a heavy robotic system,"FIELD: controlling.SUBSTANCE: invention is intended for fire control systems (FCS) for conventional (non-guided) weapons of heavy ground-based robotic strike systems (HGRSS) based on serial armoured vehicles (AV). The fire control system of a combat vehicle comprises an information-computing sighting system composed of optoelectronic instruments for observation and aiming, for measuring the range to the target and firing, automatic firing condition sensors, and a ballistic computer, as well as a weapon stabilisation and guidance system. The system therein includes an electronic hardware and software unit, supplied at the inputs with electrical signals from the computing apparatus and the control unit of the weapon stabiliser, corresponding to the current values of the controlled parameters, and at the outputs, forming signals providing configuration and display of data on the technical condition of the system for members of the crew or the operator in case of non-crewed application of the object.EFFECT: increase in the efficiency of preparation for combat application of the fire control system of heavy ground-based robotic strike systems based on serial AV.1 cl, 2 dwg, 1 tbl",firearm,abstract,SUBSTANCE: invention is intended for fire control systems (FCS) for conventional (non-guided) weapons of heavy ground-based robotic strike systems (HGRSS) based on serial armoured vehicles (AV).,A,,,,E,title,System for automated verification and configuration of parameters of the fire control system of a heavy robotic system,,A,,,,A,,,,A,,,,A,,,,A,,,,A,,,,A,,,,A,,,,1 established; 1 explicit,False,100,0,26.0,26.0,L,0,1,88,[],{},{},10.0,0.0,16.0,0.0,0.0,0.0,0.0,0.0,0.0,0.0,0.0,0.0
BC001-E75A46118923,A firearm having an intelligent controller,"A firearm having a programmable electronic control (28) for firing electrically ignitable ammunition (17) has a user authorization apparatus (34) and the capability to receive inputs from a plurality of sensors including a magazine presence sensor, a Round-In-Chamber sensor, grip sensors, and a battery status sensor. The electronic control (28) of the present invention has a programmable microcontroller (30), a power supply system using batteries (24), an ignition system that converts low level voltage from the batteries (24) to the required voltage to fire the electrically ignitable ammunition (17), a user authorization apparatus, and an options interface adaptable to receive inputs from system sensors. The firearm of the present invention is programmed to enable firing only if safe and authorized firing conditions are determined. The electronic control (28) can be implemented in either a pistol (1) having an ammunition magazine (23), a multichambered handgun or a revolver.",firearm,title,A firearm having an intelligent controller,A,,,,E,abstract,"A firearm having a programmable electronic control (28) for firing electrically ignitable ammunition (17) has a user authorization apparatus (34) and the capability to receive inputs from a plurality of sensors including a magazine presence sensor, a Round-In-Chamber sensor, grip sensors, and a battery status sensor.",,A,,,,A,,,,A,,,,A,,,,A,,,,A,,,,A,,,,A,,,,1 established; 1 explicit,False,100,0,26.0,26.0,L,0,1,89,[],{},{},10.0,0.0,16.0,0.0,0.0,0.0,0.0,0.0,0.0,0.0,0.0,0.0
BC001-EF849ED5E48A,Firearm,"A firearm (01), characterized by an identity card recognition device (02) which performs the release or blocking for a firing of a shot if a release identity card (03) has been detected.",firearm,title,Firearm,A,,,,E,abstract,"A firearm (01), characterized by an identity card recognition device (02) which performs the release or blocking for a firing of a shot if a release identity card (03) has been detected.",,A,,,,A,,,,A,,,,A,,,,A,,,,A,,,,A,,,,A,,,,1 established; 1 explicit,False,100,0,26.0,26.0,L,0,1,90,[],{},{},10.0,0.0,16.0,0.0,0.0,0.0,0.0,0.0,0.0,0.0,0.0,0.0
BC001-F55191A156EA,Electromechanical sear and methods of operating a gun using the same,"The present disclosure provides systems and techniques for an electromechanical sear that is implementable in a gun. The gun may include a fire control manager, and the fire control manager may identify a trigger break based on a trigger sensor, transmit, based on the trigger break, a first signal to a first actuator located in a displacement path of a sear, so as to cause the first actuator to be displaced in a first direction, and transmit, based on the trigger break, a second signal to a second actuator located in the displacement path of the sear, so as to cause the second actuator to be displaced in a second direction. The transmitting the first signal to the first actuator and the transmitting the second signal to the second actuator may cause displacement of the sear and firing of the gun.",firearm,title,Electromechanical sear and methods of operating a gun using the same,A,,,,E,abstract,"The gun may include a fire control manager, and the fire control manager may identify a trigger break based on a trigger sensor, transmit, based on the trigger break, a first signal to a first actuator located in a displacement path of a sear, so as to cause the first actuator to be displaced in a first direction, and transmit, based on the trigger break, a second signal to a second actuator located in the displacement path of the sear, so as to cause the second actuator to be displaced in a second direction.",,A,,,,A,,,,A,,,,A,,,,A,,,,A,,,,A,,,,A,,,,1 established; 1 explicit,False,100,0,26.0,26.0,L,0,1,91,[],{},{},10.0,0.0,16.0,0.0,0.0,0.0,0.0,0.0,0.0,0.0,0.0,0.0
BC001-F60C366D12B6,Firearm cubbyhole having a finger vein recognition system,"The present invention related to a firearm cubbyhole having a finger vein recognition system comprises: a firearm holder allowing a firearm to be held in an inner space of a case member having a box-shape and including a plurality of movable firearm slots; a shock absorbing part installed at a lower end of the firearm holder to allow each firearm slot of the firearm holder to be turned frontwards and backwards at a predetermined angle; firearm locking device parts installed at positions corresponding to the upper end of gun barrels of firearms held by the firearm slots of the firearm holder and allowing the upper end of the gun barrels of the firearms to be hooked thereon to be fixed or to be released therefrom; a firearm cubbyhole controller processing a locking/unlocking function of the firearm locking device parts in accordance with whether to authenticate a finger vein of an individual user or manager and controlling an electric circuit function of the firearm cubbyhole; and a finger vein authentication part installed on one side of an exterior of the case member and detecting a finger vein signal of the user or manager in accordance with a control signal of the firearm cubbyhole to perform an authentication procedure. According to the present invention, the lock device parts are installed on the holder inside the firearm cubbyhole, and the slots of the firearm holder are individually controlled by a finger vein authentication method to discharge a firearm. Thus, after confirming the authority of a user through finger vein authentication, each firearm slot corresponding to the user is unlocked through the lock device part to discharge only the corresponding firearm, thereby maximizing safety and security in the management of firearms.",firearm,title,Firearm cubbyhole having a finger vein recognition system,A,,,,E,abstract,"According to the present invention, the lock device parts are installed on the holder inside the firearm cubbyhole, and the slots of the firearm holder are individually controlled by a finger vein authentication method to discharge a firearm.",,A,,,,A,,,,A,,,,A,,,,A,,,,A,,,,A,,,,A,,,,1 established; 1 explicit,False,100,0,26.0,26.0,L,0,1,92,[],{},{},10.0,0.0,16.0,0.0,0.0,0.0,0.0,0.0,0.0,0.0,0.0,0.0
BC001-6A4BB74FAED2,Method and apparatus for secure issuance of secure firearm identification credentials,"The invention brings together the components of digital image capture and digital fingerprint capture to both speed up and make more secure the process of applying for a firearm permit and the process of issuing a firearm permit. Biometric data captured, such as face and finger, is used in both verifying the applicant's asserted identity (biometric verification) and in ensuring the applicant is not a member of a group (or database) of individuals who should not be granted a permit (biometric identification). Furthermore, the invention discusses issuing a credential that is inherently more secure than printed and laminated credentials that are ubiquitous today. The invention simultaneously improves service to residents via reduced credential issuance timelines, improves the security of who is issued a firearm credential, and improves the integrity of the firearm credential.",firearm,title,Method and apparatus for secure issuance of secure firearm identification credentials,E,abstract,"Biometric data captured, such as face and finger, is used in both verifying the applicant's asserted identity (biometric verification) and in ensuring the applicant is not a member of a group (or database) of individuals who should not be granted a permit (biometric identification).",,A,,,,A,,,,A,,,,E,abstract,"Biometric data captured, such as face and finger, is used in both verifying the applicant's asserted identity (biometric verification) and in ensuring the applicant is not a member of a group (or database) of individuals who should not be granted a permit (biometric identification).",,A,,,,A,,,,A,,,,A,,,,A,,,,1 established; 1 explicit,False,100,0,26.0,26.0,L,0,1,93,[],{},{},10.0,12.0,0.0,0.0,0.0,4.0,0.0,0.0,0.0,0.0,0.0,0.0
BC001-159575C8AED2,Gun lock,"A gun lock, for blocking the trigger of a gun, comprising a first and second armored part. The armored parts are locked to each other covering the trigger and is connected to a power source and contains switching means for switching between a locked and an unlocked state. Furthermore a biometric sensor and a processor are positioned inside one of the armored parts for processing the data from the biometric sensor and allowing unlocking if the data match data from allowed users. The locking beam and the at least one support beam is configured to be positioned on either side of the trigger inside the trigger guard when in a locked state. The two armored parts covers at least the trigger and trigger guard.",attached_firing_control,abstract,"A gun lock, for blocking the trigger of a gun, comprising a first and second armored part.",E,abstract,Furthermore a biometric sensor and a processor are positioned inside one of the armored parts for processing the data from the biometric sensor and allowing unlocking if the data match data from allowed users.,,I,abstract,"A gun lock, for blocking the trigger of a gun, comprising a first and second armored part.","Firearm firing control is stated alongside user authorization in the title/abstract, but their dependency is not explicit in this excerpt.",A,,,,A,,,,A,,,,A,,,,A,,,,C,abstract,Furthermore a biometric sensor and a processor are positioned inside one of the armored parts for processing the data from the biometric sensor and allowing unlocking if the data match data from allowed users.,,A,,,,A,,,,2 established; 1 explicit,False,100,0,25.6,25.6,L,0,1,94,[],{},{},8.0,12.0,5.6,0.0,0.0,0.0,0.0,0.0,0.0,0.0,0.0,0.0
BC001-173CD304C1C5,Gun trigger lock,"The invention discloses a gun trigger lock which comprises a lock body and a locking cover capable of being turned over relative to the lock body. The lock body is provided with an identity recognition device, a control circuit board, a drive device, a locking mechanism and a power source module. The identity recognition device is used for acquiring user identity information and sending the user identity information to the control circuit board. The control circuit board controls the drive device to act according to the comparison result of the identity information. The drive device drives the locking mechanism to act. The power module supplies power to the identity recognition device, the control circuit board and the drive device. The lock cover is provided with a buckle plate bucked to the locking mechanism. The gun trigger lock drops out when opened and is convenient to operate. A miniature worm and gear motor is adopted to drive the locking mechanism and is small in size, low in output power and beneficial to lightweight and miniaturization of the gun trigger lock. The gun trigger lock is further provided with a mechanical emergency unlocking mechanism. The gun trigger lock can be unlocked through the mechanical emergency unlocking mechanism under the emergency condition. A fingerprint unlocking manner, a sound unlocking manner, an RFID unlocking manner, a Bluetooth unlocking manner and the like can be selected and used for the identity recognition device.",attached_firing_control,title,Gun trigger lock,E,abstract,"A fingerprint unlocking manner, a sound unlocking manner, an RFID unlocking manner, a Bluetooth unlocking manner and the like can be selected and used for the identity recognition device.",,I,title,Gun trigger lock,"Firearm firing control is stated alongside user authorization in the title/abstract, but their dependency is not explicit in this excerpt.",A,,,,A,,,,A,,,,A,,,,A,,,,C,abstract,"A fingerprint unlocking manner, a sound unlocking manner, an RFID unlocking manner, a Bluetooth unlocking manner and the like can be selected and used for the identity recognition device.",,A,,,,A,,,,2 established; 1 explicit,False,100,0,25.6,25.6,L,0,1,95,[],{},{},8.0,12.0,5.6,0.0,0.0,0.0,0.0,0.0,0.0,0.0,0.0,0.0
BC001-520777B362B1,Firearm safety device and system for uniquely and individually enabling firearm discharge,"The present invention relates to smart gun technology, i.e., devices, systems, and methods, designed to ensure that the individual who is attempting to fire a weapon has been authorized to use the in-use weapon. In some embodiments, we disclose a firearm safety device having a spring-type, hammerless firing pin coupled to a logic circuit configured to uniquely identify an individual. Some embodiments employ RFID technology, which is much more reliable than most consumer-grade biometric identification mechanisms.",attached_firing_control,title,Firearm safety device and system for uniquely and individually enabling firearm discharge,E,abstract,"Some embodiments employ RFID technology, which is much more reliable than most consumer-grade biometric identification mechanisms.",,I,title,Firearm safety device and system for uniquely and individually enabling firearm discharge,"Firearm firing control is stated alongside user authorization in the title/abstract, but their dependency is not explicit in this excerpt.",A,,,,A,,,,A,,,,A,,,,A,,,,C,abstract,"Some embodiments employ RFID technology, which is much more reliable than most consumer-grade biometric identification mechanisms.",,A,,,,A,,,,2 established; 1 explicit,False,100,0,25.6,25.6,L,0,1,96,[],{},{},8.0,12.0,5.6,0.0,0.0,0.0,0.0,0.0,0.0,0.0,0.0,0.0
BC001-77C7BB6F48C9,Fingerprint gun lock apparatus,"A fingerprint gun lock apparatus for quickly and safely locking and unlocking a trigger of a gun includes a frontside body having a frontside inner face with an extended portion and a recessed portion. A screw gear is coupled to a motor within a frontside inner cavity. A pair of locking pins each has a threaded end coupled to the screw gear, extends through a pair of pin apertures, and has a hooked distal end. The pair of locking pins secures a backside body to the frontside body around the trigger of the gun. A fingerprint scanner activates the motor to turn the screw gear and separate the pair of locking pins when an authorized fingerprint is touched to the scan side to allow the frontside body and the backside body to separate.",attached_firing_control,abstract,A fingerprint gun lock apparatus for quickly and safely locking and unlocking a trigger of a gun includes a frontside body having a frontside inner face with an extended portion and a recessed portion.,E,abstract,A fingerprint scanner activates the motor to turn the screw gear and separate the pair of locking pins when an authorized fingerprint is touched to the scan side to allow the frontside body and the backside body to separate.,,I,abstract,A fingerprint gun lock apparatus for quickly and safely locking and unlocking a trigger of a gun includes a frontside body having a frontside inner face with an extended portion and a recessed portion.,"Firearm firing control is stated alongside user authorization in the title/abstract, but their dependency is not explicit in this excerpt.",A,,,,A,,,,A,,,,A,,,,A,,,,C,title,Fingerprint gun lock apparatus,,A,,,,A,,,,2 established; 1 explicit,False,100,0,25.6,25.6,L,0,1,97,[],{},{},8.0,12.0,5.6,0.0,0.0,0.0,0.0,0.0,0.0,0.0,0.0,0.0
BC001-52D06C91C911,Electronic scale with face recognition function,"The invention discloses an electronic scale with a face recognition function, and relates to the field of electronic scales with face recognition functions. The system comprises an electronic canning pile and a weighing platform, a liquid crystal operation screen and an NFC card reader are fixedly installed at the top of the front end of the electronic canning pile, a face recognition instrument is fixedly installed at the top end of the electronic canning pile, a filling gun is installed at the front end of the electronic canning pile, and a control switch is fixedly installed at the side end of the electronic canning pile. The weighing platform is in signal connection with the electronic canning pile, a weighing sensor and an instrument are installed in the weighing platform, the weighing platform is used for collecting weight data in the filling process, the liquid crystal operation screen is used for displaying a login state, a verification result and filling information, the face recognition instrument is used for collecting a face image of an operator, matching recognition is conducted according to the face image, and the electronic canning pile is connected with the liquid crystal operation screen. Whether an operator meets the requirement or not is judged, the control switch is controlled to be locked or opened according to the judgment result, face recognition can be carried out, and whether the filling certificate of the filling worker can actively communicate with the supervision system within the period of validity or not is checked.",firearm,abstract,"The system comprises an electronic canning pile and a weighing platform, a liquid crystal operation screen and an NFC card reader are fixedly installed at the top of the front end of the electronic canning pile, a face recognition instrument is fixedly installed at the top end of the electronic canning pile, a filling gun is installed at the front end of the electronic canning pile, and a control switch is fixedly installed at the side end of the electronic canning pile.",E,title,Electronic scale with face recognition function,,A,,,,A,,,,I,abstract,"The weighing platform is in signal connection with the electronic canning pile, a weighing sensor and an instrument are installed in the weighing platform, the weighing platform is used for collecting weight data in the filling process, the liquid crystal operation screen is used for displaying a login state, a verification result and filling information, the face recognition instrument is used for collecting a face image of an operator, matching recognition is conducted according to the face image, and the electronic canning pile is connected with the liquid crystal operation screen.",Data recording or positioning is described within this firearm system; firearm data collection is inferred from that context.,A,,,,A,,,,A,,,,A,,,,A,,,,A,,,,2 established; 1 explicit,False,100,0,25.5,25.5,L,0,1,98,[],{},{},10.0,12.0,0.0,0.0,3.5,0.0,0.0,0.0,0.0,0.0,0.0,0.0
BC001-7D63E1C50FD6,Intelligent identification gun,"The invention belongs to the field of military industry and particularly relates to an intelligent identification gun. The gun comprises a grip and an actuating mechanism. The actuating mechanism comprises a gun locking device, a personnel identification device, a power source and a circuit. The personnel identification device is electrically connected with the gun locking device through the circuit and comprises an RFID unit and a fingerprint identification unit. The RFID unit comprises a personnel information verification end and a personnel information record end. The gun can be precisely managed through an intelligent grip system, and the management authority of the gun is limited within a smaller range; meanwhile, the using timeliness of the gun is fully optimized, and operation is convenient and efficient like a traditional gun; and the intelligent grip system adopts fingerprints and the RFID technology, the gun insurance can be removed through fingerprints of a user or an ID ring worn by the user, and the gun is automatically locked again when the grip is out of a hand, so that the situation that the gun is used by others is avoided.",firearm,title,Intelligent identification gun,E,abstract,The personnel identification device is electrically connected with the gun locking device through the circuit and comprises an RFID unit and a fingerprint identification unit.,,A,,,,A,,,,I,abstract,The RFID unit comprises a personnel information verification end and a personnel information record end.,Data recording or positioning is described within this firearm system; firearm data collection is inferred from that context.,A,,,,A,,,,A,,,,A,,,,A,,,,A,,,,2 established; 1 explicit,False,100,0,25.5,25.5,L,0,1,99,[],{},{},10.0,12.0,0.0,0.0,3.5,0.0,0.0,0.0,0.0,0.0,0.0,0.0
BC001-9CB577B9544A,Smart safety lock for guns,"The invention discloses a smart safety lock for guns. The smart safety lock comprises a left lock seat and a right lock seat which are locked with each other. The right lock seat comprises a lock frame, a spring, a bolt, a positioning frame, an electromagnetic guide head, an electromagnetic coil, a smart fingerprint processing module, a lock seat shell and a fingerprint collecting plate, wherein the lock frame is fixedly connected with the lock seat shell, an accommodating cavity is formed inside the lock seat shell, the positioning frame, the electromagnetic guide head electromagnetic coil and the smart fingerprint processing module are disposed in the accommodating cavity, a protruding column is disposed on the outer side of the lock frame and provided with an infrared sensing device, and the positioning frame is provided with a through hole allowing the bolt to penetrate. The left lock seat is provided with a column groove matched with the protruding column. The column groove is provided with a metal insertion core. The metal insertion core is provided with an insertion hole matched with the bolt. The finger collecting plate, the infrared sensing device, the smart fingerprint processing module and the electromagnetic coil are in electric signal connection. The smart safety lock has the advantages that the safety lock is unlocked by fingerprint identification, locking and unlocking can be achieved fast, and the safety lock is high in safety performance, simple to operate and reliable.",firearm,title,Smart safety lock for guns,E,abstract,"The smart safety lock has the advantages that the safety lock is unlocked by fingerprint identification, locking and unlocking can be achieved fast, and the safety lock is high in safety performance, simple to operate and reliable.",,A,,,,A,,,,I,abstract,"The right lock seat comprises a lock frame, a spring, a bolt, a positioning frame, an electromagnetic guide head, an electromagnetic coil, a smart fingerprint processing module, a lock seat shell and a fingerprint collecting plate, wherein the lock frame is fixedly connected with the lock seat shell, an accommodating cavity is formed inside the lock seat shell, the positioning frame, the electromagnetic guide head electromagnetic coil and the smart fingerprint processing module are disposed in the accommodating cavity, a protruding column is disposed on the outer side of the lock frame and provided with an infrared sensing device, and the positioning frame is provided with a through hole allowing the bolt to penetrate.",Data recording or positioning is described within this firearm system; firearm data collection is inferred from that context.,A,,,,A,,,,A,,,,A,,,,A,,,,A,,,,2 established; 1 explicit,True,100,0,25.5,25.5,L,0,1,100,[],{},{},10.0,12.0,0.0,0.0,3.5,0.0,0.0,0.0,0.0,0.0,0.0,0.0
