Record ID,title,abstract,domain_category,domain_source,domain_excerpt,F2_status,F2_source,F2_excerpt,F2_reasoning,F3_status,F3_source,F3_excerpt,F3_reasoning,F4_status,F4_source,F4_excerpt,F4_reasoning,F5_status,F5_source,F5_excerpt,F5_reasoning,F6_status,F6_source,F6_excerpt,F6_reasoning,F7_status,F7_source,F7_excerpt,F7_reasoning,F8_status,F8_source,F8_excerpt,F8_reasoning,F2_to_F3_status,F2_to_F3_source,F2_to_F3_excerpt,F2_to_F3_reasoning,F4_to_F3_status,F4_to_F3_source,F4_to_F3_excerpt,F4_to_F3_reasoning,F5_to_F6_status,F5_to_F6_source,F5_to_F6_excerpt,F5_to_F6_reasoning,multi_primary_status,tracking_only,hard_cap,penalty_points,raw_score,final_score,predicted_relevance,explicit_primary_relationships,explicit_primary_features,rank,noise_flags,gate_evidence,penalty_evidence,domain_points,F2_points,F3_points,F4_points,F5_points,F6_points,F7_points,F8_points,F2_to_F3_points,F4_to_F3_points,F5_to_F6_points,multi_primary_points
BC001-7B265B30DE83,Method of monitoring and trigger-locking a firearm,"A method of monitoring and trigger-locking a firearm prevents unauthorized persons from firing the firearm. When a person picks up the firearm, a biometric scanner retrieves an unidentified biometric reading off of the person. The biometric scanner can be a palm-print reader and/or a fingerprint reader. If the unidentified biometric reading does not match an authorized user signature stored on a chipset of the firearm, and if the firearm has unlocked its trigger, then the firearm automatically locks its trigger. In addition, the firearm generates and broadcasts an unauthorized-use notification with a wireless communication module. If the unidentified biometric reading does match an authorized user signature stored on the chipset, and if the firearm has locked its trigger, then firearm automatically unlocks its trigger. The firearm also collects situational data from environmental sensors when the firearm discharges a round.",firearm,title,Method of monitoring and trigger-locking a firearm,E,abstract,"If the unidentified biometric reading does not match an authorized user signature stored on a chipset of the firearm, and if the firearm has unlocked its trigger, then the firearm automatically locks its trigger.",,E,abstract,"If the unidentified biometric reading does not match an authorized user signature stored on a chipset of the firearm, and if the firearm has unlocked its trigger, then the firearm automatically locks its trigger.",,A,,,,E,abstract,The firearm also collects situational data from environmental sensors when the firearm discharges a round.,,E,abstract,"In addition, the firearm generates and broadcasts an unauthorized-use notification with a wireless communication module.",,A,,,,A,,,,E,abstract,"If the unidentified biometric reading does not match an authorized user signature stored on a chipset of the firearm, and if the firearm has unlocked its trigger, then the firearm automatically locks its trigger.",,A,,,,I,abstract,"In addition, the firearm generates and broadcasts an unauthorized-use notification with a wireless communication module.",The system transmits to an external destination and separately collects firearm data; transmission of that data is inferred.,3 established; 3 explicit,False,100,0,69.0,69.0,M+,1,3,1,[],{},{},10.0,12.0,16.0,0.0,10.0,4.0,0.0,0.0,14.0,0.0,1.0,2.0
BC001-915BDE3552D6,Intelligent weapon,"A system for monitoring use of a weapon. The system includes a monitoring station and at least one weapon in which the weapon fires a projectile. The weapon includes a tracking device, in which the tracking device receives navigational data, and a transceiver. The transceiver transmits at least the navigational data to the monitoring station. The weapon can further include a biometric identifier for identifying a user and a trigger mechanism in which the biometric identifier can enable the trigger mechanism only when the biometric identifier identifies an authorized user. In one arrangement, the tracking device can be a global positioning system receiver that can receive navigational data from a plurality of global positioning system satellites.",firearm,title,Intelligent weapon,E,abstract,The weapon can further include a biometric identifier for identifying a user and a trigger mechanism in which the biometric identifier can enable the trigger mechanism only when the biometric identifier identifies an authorized user.,,E,abstract,The weapon can further include a biometric identifier for identifying a user and a trigger mechanism in which the biometric identifier can enable the trigger mechanism only when the biometric identifier identifies an authorized user.,,A,,,,E,abstract,"The weapon includes a tracking device, in which the tracking device receives navigational data, and a transceiver.",,E,abstract,The system includes a monitoring station and at least one weapon in which the weapon fires a projectile.,,A,,,,A,,,,E,abstract,The weapon can further include a biometric identifier for identifying a user and a trigger mechanism in which the biometric identifier can enable the trigger mechanism only when the biometric identifier identifies an authorized user.,,A,,,,I,abstract,The transceiver transmits at least the navigational data to the monitoring station.,The system transmits to an external destination and separately collects firearm data; transmission of that data is inferred.,3 established; 3 explicit,True,100,0,69.0,69.0,M+,1,3,2,[],{},{},10.0,12.0,16.0,0.0,10.0,4.0,0.0,0.0,14.0,0.0,1.0,2.0
BC001-0031124B24F1,Fingerprint operating gun case,"This invention relates to the case of a weapon that works by fingerprint, which has a security mechanism that allows only the use of a firearm within an authorized person; a microcontroller that identifies if data retrieved by at least one capacitive fingerprint sensor (2), fingerprint sensor (2) on the weapon case and whether there is any fingerprint data from individuals previously identified by the system, microcontroller(3) validates with personalized fingerprint match, releasing the gun safety latch, and allowing the use of the weapon, electromagnetic lock (4), which extracts data from the satellite for location, timing and positioning, GPS (5), configured to provide mobile connectivity (6) battery module, battery or rechargeable battery for use in feeding mechanical disorders located in the weapons case (1). is to include one power supply",firearm,title,Fingerprint operating gun case,E,abstract,"This invention relates to the case of a weapon that works by fingerprint, which has a security mechanism that allows only the use of a firearm within an authorized person; a microcontroller that identifies if data retrieved by at least one capacitive fingerprint sensor (2), fingerprint sensor (2) on the weapon case and whether there is any fingerprint data from individuals previously identified by the system, microcontroller(3) validates with personalized fingerprint match, releasing the gun safety latch, and allowing the use of the weapon, electromagnetic lock (4), which extracts data from the satellite for location, timing and positioning, GPS (5), configured to provide mobile connectivity (6) battery module, battery or rechargeable battery for use in feeding mechanical disorders located in the weapons case (1).",,E,abstract,"This invention relates to the case of a weapon that works by fingerprint, which has a security mechanism that allows only the use of a firearm within an authorized person; a microcontroller that identifies if data retrieved by at least one capacitive fingerprint sensor (2), fingerprint sensor (2) on the weapon case and whether there is any fingerprint data from individuals previously identified by the system, microcontroller(3) validates with personalized fingerprint match, releasing the gun safety latch, and allowing the use of the weapon, electromagnetic lock (4), which extracts data from the satellite for location, timing and positioning, GPS (5), configured to provide mobile connectivity (6) battery module, battery or rechargeable battery for use in feeding mechanical disorders located in the weapons case (1).",,A,,,,E,abstract,"This invention relates to the case of a weapon that works by fingerprint, which has a security mechanism that allows only the use of a firearm within an authorized person; a microcontroller that identifies if data retrieved by at least one capacitive fingerprint sensor (2), fingerprint sensor (2) on the weapon case and whether there is any fingerprint data from individuals previously identified by the system, microcontroller(3) validates with personalized fingerprint match, releasing the gun safety latch, and allowing the use of the weapon, electromagnetic lock (4), which extracts data from the satellite for location, timing and positioning, GPS (5), configured to provide mobile connectivity (6) battery module, battery or rechargeable battery for use in feeding mechanical disorders located in the weapons case (1).",,A,,,,A,,,,A,,,,E,abstract,"This invention relates to the case of a weapon that works by fingerprint, which has a security mechanism that allows only the use of a firearm within an authorized person; a microcontroller that identifies if data retrieved by at least one capacitive fingerprint sensor (2), fingerprint sensor (2) on the weapon case and whether there is any fingerprint data from individuals previously identified by the system, microcontroller(3) validates with personalized fingerprint match, releasing the gun safety latch, and allowing the use of the weapon, electromagnetic lock (4), which extracts data from the satellite for location, timing and positioning, GPS (5), configured to provide mobile connectivity (6) battery module, battery or rechargeable battery for use in feeding mechanical disorders located in the weapons case (1).",,A,,,,A,,,,3 established; 3 explicit,True,100,0,64.0,64.0,M+,1,3,3,[],{},{},10.0,12.0,16.0,0.0,10.0,0.0,0.0,0.0,14.0,0.0,0.0,2.0
BC001-B5BE2EF6266D,Firearm Safety Assembly,A firearm safety assembly for preventing the firearm from being discharged by an unauthorized user includes a processor coupled to a firearm. A fingerprint scanner is coupled to the firearm. The fingerprint scanner may read an authorized user's fingerprint. The fingerprint scanner is operationally coupled to the processor. A thumbprint scanner is coupled to the firearm. The thumbprint scanner may read the authorized user's thumbprint. The thumbprint scanner is operationally coupled to the processor. A trigger lock is coupled to the firearm. The trigger lock is operationally coupled to the processor. The trigger lock allows the firearm to be fired when the processor receives the authorized user's fingerprint and thumbprint. A GPS is coupled to the firearm. The GPS is operationally coupled to the processor. The GPS determining a location of the firearm.,firearm,title,Firearm Safety Assembly,E,abstract,The fingerprint scanner may read an authorized user's fingerprint.,,E,abstract,The trigger lock allows the firearm to be fired when the processor receives the authorized user's fingerprint and thumbprint.,,A,,,,E,abstract,A GPS is coupled to the firearm.,,A,,,,A,,,,A,,,,E,abstract,The trigger lock allows the firearm to be fired when the processor receives the authorized user's fingerprint and thumbprint.,,A,,,,A,,,,3 established; 3 explicit,True,100,0,64.0,64.0,M+,1,3,4,[],{},{},10.0,12.0,16.0,0.0,10.0,0.0,0.0,0.0,14.0,0.0,0.0,2.0
BC001-5E0CE61B9F95,Personalized intelligent identification police-used gun management device and system,"The embodiment of the invention provides a personalized intelligent identification police-used gun management device and system. The device comprises a single chip microcomputer, a lock body unit, anintelligent identification unit, a positioning unit, a communication unit and a power supply unit, wherein the single chip microcomputer is arranged in a gun and connected with the other five units, the lock body unit comprises a trigger lock and a gun sleeve lock, the intelligent identification unit adopts fingerprint identification, the positioning unit adopts a GPS unit, and the communication unit comprises a Bluetooth unit and a GPRS unit; and the intelligent identification unit collects user fingerprints and compares the user fingerprints with fingerprint data typed in the single chip microcomputer in advance, the single chip microcomputer controls opening and closing of the trigger lock according to a comparison result, the gun geographic position information transmitted by the GPS unit through the GPRS unit can be inquired on a mobile terminal in real time, and the power supply unit supplies power to a gun-end power supply through wireless charging. According to the personalizedintelligent identification police-used gun management device and system, personalization of a police-used gun can be achieved, the gun is locked as soon as the gun is separated from the hand, an opponent can not use the gun after the gun is snatched, and the gun can be found through a real-time positioning function after being lost.",attached_firing_control,abstract,"The device comprises a single chip microcomputer, a lock body unit, anintelligent identification unit, a positioning unit, a communication unit and a power supply unit, wherein the single chip microcomputer is arranged in a gun and connected with the other five units, the lock body unit comprises a trigger lock and a gun sleeve lock, the intelligent identification unit adopts fingerprint identification, the positioning unit adopts a GPS unit, and the communication unit comprises a Bluetooth unit and a GPRS unit; and the intelligent identification unit collects user fingerprints and compares the user fingerprints with fingerprint data typed in the single chip microcomputer in advance, the single chip microcomputer controls opening and closing of the trigger lock according to a comparison result, the gun geographic position information transmitted by the GPS unit through the GPRS unit can be inquired on a mobile terminal in real time, and the power supply unit supplies power to a gun-end power supply through wireless charging.",E,abstract,"The device comprises a single chip microcomputer, a lock body unit, anintelligent identification unit, a positioning unit, a communication unit and a power supply unit, wherein the single chip microcomputer is arranged in a gun and connected with the other five units, the lock body unit comprises a trigger lock and a gun sleeve lock, the intelligent identification unit adopts fingerprint identification, the positioning unit adopts a GPS unit, and the communication unit comprises a Bluetooth unit and a GPRS unit; and the intelligent identification unit collects user fingerprints and compares the user fingerprints with fingerprint data typed in the single chip microcomputer in advance, the single chip microcomputer controls opening and closing of the trigger lock according to a comparison result, the gun geographic position information transmitted by the GPS unit through the GPRS unit can be inquired on a mobile terminal in real time, and the power supply unit supplies power to a gun-end power supply through wireless charging.",,E,abstract,"The device comprises a single chip microcomputer, a lock body unit, anintelligent identification unit, a positioning unit, a communication unit and a power supply unit, wherein the single chip microcomputer is arranged in a gun and connected with the other five units, the lock body unit comprises a trigger lock and a gun sleeve lock, the intelligent identification unit adopts fingerprint identification, the positioning unit adopts a GPS unit, and the communication unit comprises a Bluetooth unit and a GPRS unit; and the intelligent identification unit collects user fingerprints and compares the user fingerprints with fingerprint data typed in the single chip microcomputer in advance, the single chip microcomputer controls opening and closing of the trigger lock according to a comparison result, the gun geographic position information transmitted by the GPS unit through the GPRS unit can be inquired on a mobile terminal in real time, and the power supply unit supplies power to a gun-end power supply through wireless charging.",,A,,,,E,abstract,"The device comprises a single chip microcomputer, a lock body unit, anintelligent identification unit, a positioning unit, a communication unit and a power supply unit, wherein the single chip microcomputer is arranged in a gun and connected with the other five units, the lock body unit comprises a trigger lock and a gun sleeve lock, the intelligent identification unit adopts fingerprint identification, the positioning unit adopts a GPS unit, and the communication unit comprises a Bluetooth unit and a GPRS unit; and the intelligent identification unit collects user fingerprints and compares the user fingerprints with fingerprint data typed in the single chip microcomputer in advance, the single chip microcomputer controls opening and closing of the trigger lock according to a comparison result, the gun geographic position information transmitted by the GPS unit through the GPRS unit can be inquired on a mobile terminal in real time, and the power supply unit supplies power to a gun-end power supply through wireless charging.",,A,,,,A,,,,A,,,,E,abstract,"The device comprises a single chip microcomputer, a lock body unit, anintelligent identification unit, a positioning unit, a communication unit and a power supply unit, wherein the single chip microcomputer is arranged in a gun and connected with the other five units, the lock body unit comprises a trigger lock and a gun sleeve lock, the intelligent identification unit adopts fingerprint identification, the positioning unit adopts a GPS unit, and the communication unit comprises a Bluetooth unit and a GPRS unit; and the intelligent identification unit collects user fingerprints and compares the user fingerprints with fingerprint data typed in the single chip microcomputer in advance, the single chip microcomputer controls opening and closing of the trigger lock according to a comparison result, the gun geographic position information transmitted by the GPS unit through the GPRS unit can be inquired on a mobile terminal in real time, and the power supply unit supplies power to a gun-end power supply through wireless charging.",,A,,,,A,,,,3 established; 3 explicit,True,100,0,62.0,62.0,M+,1,3,5,[],{},{},8.0,12.0,16.0,0.0,10.0,0.0,0.0,0.0,14.0,0.0,0.0,2.0
BC001-91D38DDF387D,Firearm with biometric safety mechanism,A firearm has a battery-operated biometric scanning device secured along an interior side edge of the firearm grip. The biometric scanning device is configured with a microprocessor which disables the trigger mechanism of the firearm when an invalid fingerprint is scanned. The device has an integrated positioning tracking system.,attached_firing_control,abstract,The biometric scanning device is configured with a microprocessor which disables the trigger mechanism of the firearm when an invalid fingerprint is scanned.,E,abstract,The biometric scanning device is configured with a microprocessor which disables the trigger mechanism of the firearm when an invalid fingerprint is scanned.,,E,abstract,The biometric scanning device is configured with a microprocessor which disables the trigger mechanism of the firearm when an invalid fingerprint is scanned.,,A,,,,E,abstract,The device has an integrated positioning tracking system.,,A,,,,A,,,,A,,,,E,abstract,The biometric scanning device is configured with a microprocessor which disables the trigger mechanism of the firearm when an invalid fingerprint is scanned.,,A,,,,A,,,,3 established; 3 explicit,True,100,0,62.0,62.0,M+,1,3,6,[],{},{},8.0,12.0,16.0,0.0,10.0,0.0,0.0,0.0,14.0,0.0,0.0,2.0
BC001-C3791D5EE3E9,"Molded plastic cartridge with extended flash tube, sub-sonic cartridges, and user identification for firearms and site sensing fire control","Cartridges for firearms are created with extended flash tubes to ignite the propellant efficiently from base of the projectile to the interior rear of the cartridge case. Some firearms include a specially designed trigger and microphone capable of verifying a user's identity so that only an authorized user can discharge the firearm. Some firearms include a GPS sensor, World Time RF sensor, and stored updatable list of times, GPS coordinates, distances from the GPS coordinates such that the firearm is disabled for use in these restricted areas.",firearm,title,"Molded plastic cartridge with extended flash tube, sub-sonic cartridges, and user identification for firearms and site sensing fire control",A,,,,E,title,"Molded plastic cartridge with extended flash tube, sub-sonic cartridges, and user identification for firearms and site sensing fire control",,E,abstract,"Some firearms include a GPS sensor, World Time RF sensor, and stored updatable list of times, GPS coordinates, distances from the GPS coordinates such that the firearm is disabled for use in these restricted areas.",,E,abstract,"Some firearms include a GPS sensor, World Time RF sensor, and stored updatable list of times, GPS coordinates, distances from the GPS coordinates such that the firearm is disabled for use in these restricted areas.",,A,,,,A,,,,A,,,,A,,,,E,abstract,"Some firearms include a GPS sensor, World Time RF sensor, and stored updatable list of times, GPS coordinates, distances from the GPS coordinates such that the firearm is disabled for use in these restricted areas.",,A,,,,3 established; 3 explicit,False,100,0,62.0,62.0,M+,1,3,7,[],{},{},10.0,0.0,16.0,14.0,10.0,0.0,0.0,0.0,0.0,10.0,0.0,2.0
BC001-D3C36118E9E6,"Molded plastic cartridge with extended flash tube, sub-sonic cartridges, and user identification for firearms and site sensing fire control","Cartridges for firearms are created with extended flash tubes to ignite the propellant efficiently from base of the projectile to the interior rear of the cartridge case. Some firearms include a specially designed trigger and microphone capable of verifying a user's identity so that only an authorized user can discharge the firearm. Some firearms include a GPS sensor, World Time RF sensor, and stored updatable list of times, GPS coordinates, distances from the GPS coordinates such that the firearm is disabled for use in these restricted areas.",firearm,title,"Molded plastic cartridge with extended flash tube, sub-sonic cartridges, and user identification for firearms and site sensing fire control",A,,,,E,title,"Molded plastic cartridge with extended flash tube, sub-sonic cartridges, and user identification for firearms and site sensing fire control",,E,abstract,"Some firearms include a GPS sensor, World Time RF sensor, and stored updatable list of times, GPS coordinates, distances from the GPS coordinates such that the firearm is disabled for use in these restricted areas.",,E,abstract,"Some firearms include a GPS sensor, World Time RF sensor, and stored updatable list of times, GPS coordinates, distances from the GPS coordinates such that the firearm is disabled for use in these restricted areas.",,A,,,,A,,,,A,,,,A,,,,E,abstract,"Some firearms include a GPS sensor, World Time RF sensor, and stored updatable list of times, GPS coordinates, distances from the GPS coordinates such that the firearm is disabled for use in these restricted areas.",,A,,,,3 established; 3 explicit,False,100,0,62.0,62.0,M+,1,3,8,[],{},{},10.0,0.0,16.0,14.0,10.0,0.0,0.0,0.0,0.0,10.0,0.0,2.0
BC001-2ED97E01F6A5,Bullet cabinet intelligent alarm system,"The invention discloses a bullet cabinet intelligent alarm system. The system comprises an electronic gun lock, a fingerprint identification apparatus and a camera, wherein the electronic gun lock, the fingerprint identification apparatus and a cipher lock are electrically connected with a signal server, the signal server is electrically connected with a processor, the processor is electrically connected with an alarm, the processor is in bidirectional electrical connection with a monitoring center, and the camera is respectively connected electrically with the monitoring center and a memory. According to the invention, unlocking signal monitoring is carried out on the electronic gun lock, the fingerprint identification apparatus and the cipher lock through the signal server, once an abnormal unlocking situation is monitored, signals are immediately transmitted to the processor, the processor controls the alarm to give an alarm, at the same time, the processor transmits the signals to the monitoring center, and the monitoring center, after receiving alarm signals, immediately sends out correlation personnel to figure out the situation. Compared to a conventional bullet cabinet alarm system, the bullet cabinet intelligent alarm system responds more timely and rapidly, and can better facilitate management of a bullet cabinet.",firearm,abstract,"The system comprises an electronic gun lock, a fingerprint identification apparatus and a camera, wherein the electronic gun lock, the fingerprint identification apparatus and a cipher lock are electrically connected with a signal server, the signal server is electrically connected with a processor, the processor is electrically connected with an alarm, the processor is in bidirectional electrical connection with a monitoring center, and the camera is respectively connected electrically with the monitoring center and a memory.",E,abstract,"The system comprises an electronic gun lock, a fingerprint identification apparatus and a camera, wherein the electronic gun lock, the fingerprint identification apparatus and a cipher lock are electrically connected with a signal server, the signal server is electrically connected with a processor, the processor is electrically connected with an alarm, the processor is in bidirectional electrical connection with a monitoring center, and the camera is respectively connected electrically with the monitoring center and a memory.",,E,abstract,"According to the invention, unlocking signal monitoring is carried out on the electronic gun lock, the fingerprint identification apparatus and the cipher lock through the signal server, once an abnormal unlocking situation is monitored, signals are immediately transmitted to the processor, the processor controls the alarm to give an alarm, at the same time, the processor transmits the signals to the monitoring center, and the monitoring center, after receiving alarm signals, immediately sends out correlation personnel to figure out the situation.",,A,,,,A,,,,E,abstract,"The system comprises an electronic gun lock, a fingerprint identification apparatus and a camera, wherein the electronic gun lock, the fingerprint identification apparatus and a cipher lock are electrically connected with a signal server, the signal server is electrically connected with a processor, the processor is electrically connected with an alarm, the processor is in bidirectional electrical connection with a monitoring center, and the camera is respectively connected electrically with the monitoring center and a memory.",,A,,,,A,,,,E,abstract,"According to the invention, unlocking signal monitoring is carried out on the electronic gun lock, the fingerprint identification apparatus and the cipher lock through the signal server, once an abnormal unlocking situation is monitored, signals are immediately transmitted to the processor, the processor controls the alarm to give an alarm, at the same time, the processor transmits the signals to the monitoring center, and the monitoring center, after receiving alarm signals, immediately sends out correlation personnel to figure out the situation.",,A,,,,A,,,,2 established; 2 explicit,False,100,0,56.0,56.0,M+,1,2,9,[],{},{},10.0,12.0,16.0,0.0,0.0,4.0,0.0,0.0,14.0,0.0,0.0,0.0
BC001-F3A3A67D5AA3,Gun safe,"The invention provides a gun safe. The gun safe comprises a processor module, a communication module, an alcohol detecting module, a fingerprint identification module, a display module, a touch control module, a safe door module, a gun lock module and a power module. The processor module is connected with all the other modules and controls all the other modules to work. The communication module is used for conducting data communication with an external server. The alcohol detecting module is used for detecting the alcohol concentrations in the bodies of the personnel getting firearms and ammunition. The fingerprint identification module is used for identifying the identities of the personnel. The display module is used for displaying an operation interface, the work condition of a safe body and an operation result. The touch control module is used for human-machine interaction. The safe door module is used for controlling a safe door of the gun safe to be opened and detecting the state of the safe door. The gun lock module is used for controlling a gun lock to be opened and detecting the open state of the gun lock. The power module is used for supplying power to the whole system. The gun safe is beneficial for the improvement of work efficiency and the reduction of cost and improves the use safety of the firearms and ammunition.",firearm,title,Gun safe,E,abstract,"The gun safe comprises a processor module, a communication module, an alcohol detecting module, a fingerprint identification module, a display module, a touch control module, a safe door module, a gun lock module and a power module.",,E,abstract,"The gun safe comprises a processor module, a communication module, an alcohol detecting module, a fingerprint identification module, a display module, a touch control module, a safe door module, a gun lock module and a power module.",,A,,,,A,,,,E,abstract,The communication module is used for conducting data communication with an external server.,,A,,,,A,,,,E,abstract,"The gun safe comprises a processor module, a communication module, an alcohol detecting module, a fingerprint identification module, a display module, a touch control module, a safe door module, a gun lock module and a power module.",,A,,,,A,,,,2 established; 2 explicit,False,100,0,56.0,56.0,M+,1,2,10,[],{},{},10.0,12.0,16.0,0.0,0.0,4.0,0.0,0.0,14.0,0.0,0.0,0.0
BC001-F9425593B165,Gun and bullet getting and returning and vein self-service authentication management system,"The invention relates to a gun and bullet getting and returning and vein self-service authentication management system. The system is characterized by comprising a computer arranged in a gun cabinet, wherein the computer is connected with a palm vein acquisition instrument; the computer is further connected with a database server through a network line; the computer is further connected with a cabinet door control board of the gun cabinet, a cartridge clip lock and a gun lock through serial ports; and when personnel are authenticated, palm vein information is read through the palm vein acquisition instrument and sent to the database server to perform identity comparison, a cabinet door opening command is sent through a serial port when the identity is legal, a gun cabinet door is opened, and the corresponding cartridge clip lock and gun lock are opened. The system has the beneficial effects of simple structure, convenient use, high accuracy and strict management; and automatic control and vein authentication technologies are adopted, so that the problems of slow getting and returning, low authentication efficiency and the like of existing bullets are solved and the efficiency of gun and bullet getting and returning process and personnel identity authentication is improved.",firearm,title,Gun and bullet getting and returning and vein self-service authentication management system,E,abstract,"The system is characterized by comprising a computer arranged in a gun cabinet, wherein the computer is connected with a palm vein acquisition instrument; the computer is further connected with a database server through a network line; the computer is further connected with a cabinet door control board of the gun cabinet, a cartridge clip lock and a gun lock through serial ports; and when personnel are authenticated, palm vein information is read through the palm vein acquisition instrument and sent to the database server to perform identity comparison, a cabinet door opening command is sent through a serial port when the identity is legal, a gun cabinet door is opened, and the corresponding cartridge clip lock and gun lock are opened.",,E,abstract,"The system is characterized by comprising a computer arranged in a gun cabinet, wherein the computer is connected with a palm vein acquisition instrument; the computer is further connected with a database server through a network line; the computer is further connected with a cabinet door control board of the gun cabinet, a cartridge clip lock and a gun lock through serial ports; and when personnel are authenticated, palm vein information is read through the palm vein acquisition instrument and sent to the database server to perform identity comparison, a cabinet door opening command is sent through a serial port when the identity is legal, a gun cabinet door is opened, and the corresponding cartridge clip lock and gun lock are opened.",,A,,,,A,,,,E,abstract,"The system is characterized by comprising a computer arranged in a gun cabinet, wherein the computer is connected with a palm vein acquisition instrument; the computer is further connected with a database server through a network line; the computer is further connected with a cabinet door control board of the gun cabinet, a cartridge clip lock and a gun lock through serial ports; and when personnel are authenticated, palm vein information is read through the palm vein acquisition instrument and sent to the database server to perform identity comparison, a cabinet door opening command is sent through a serial port when the identity is legal, a gun cabinet door is opened, and the corresponding cartridge clip lock and gun lock are opened.",,A,,,,A,,,,E,abstract,"The system is characterized by comprising a computer arranged in a gun cabinet, wherein the computer is connected with a palm vein acquisition instrument; the computer is further connected with a database server through a network line; the computer is further connected with a cabinet door control board of the gun cabinet, a cartridge clip lock and a gun lock through serial ports; and when personnel are authenticated, palm vein information is read through the palm vein acquisition instrument and sent to the database server to perform identity comparison, a cabinet door opening command is sent through a serial port when the identity is legal, a gun cabinet door is opened, and the corresponding cartridge clip lock and gun lock are opened.",,A,,,,A,,,,2 established; 2 explicit,False,100,0,56.0,56.0,M+,1,2,11,[],{},{},10.0,12.0,16.0,0.0,0.0,4.0,0.0,0.0,14.0,0.0,0.0,0.0
BC001-773578E9B424,Biometric firearm trigger lock with alarm,"This disclosure provides a trigger lock system that includes a trigger lock that collects a fingerprint and unlocks when the fingerprint matches a stored fingerprint. The trigger lock in-cludes a wireless communication module, for example, Bluetooth module and a Thread module, such that it can connect to a user device by Bluetooth or internet through a Thread router. The trigger lock may be unlocked remotely by sending a command from the user device. The trigger lock may send information of each attempt to unlock the trigger lock by fingerprint to the user device. The trigger lock may send alerts to the user device. The trigger lock also includes an alarm that produces alert when unauthorized personnel attempts to unlock the trigger lock.",attached_firing_control,title,Biometric firearm trigger lock with alarm,E,abstract,This disclosure provides a trigger lock system that includes a trigger lock that collects a fingerprint and unlocks when the fingerprint matches a stored fingerprint.,,E,abstract,This disclosure provides a trigger lock system that includes a trigger lock that collects a fingerprint and unlocks when the fingerprint matches a stored fingerprint.,,A,,,,I,abstract,This disclosure provides a trigger lock system that includes a trigger lock that collects a fingerprint and unlocks when the fingerprint matches a stored fingerprint.,Data recording or positioning is described within this firearm system; firearm data collection is inferred from that context.,A,,,,A,,,,A,,,,E,abstract,This disclosure provides a trigger lock system that includes a trigger lock that collects a fingerprint and unlocks when the fingerprint matches a stored fingerprint.,,A,,,,A,,,,3 established; 2 explicit,False,100,0,55.5,55.5,M+,1,2,12,[],{},{},8.0,12.0,16.0,0.0,3.5,0.0,0.0,0.0,14.0,0.0,0.0,2.0
BC001-0C8AE860070D,Digital fingerprint gun cabinet,"The utility model discloses a digital fingerprint gun cabinet which comprises a vertical equipment cabinet, and an embedded field management computer, a gun cabinet controller, a hard disk video and a power supply, which are arranged on the vertical equipment cabinet. The gun cabinet controller, the hard disk video and the embedded field management computer are connected together through a network switch, a fingerprint identification module, an electronic gun lock module, an electric control lock module, a video monitoring module, an anti-theft alarm module and other functional modules are integrated together, the problem that a previous weapon cabinet is poor in anti-theft performance is solved through double mechanical locks and double electric control locks, the problem in the prior art that a mechanical key is difficultly managed and controlled is solved by adopting a fingerprint identification technology, the problem in the prior art that the actual in-place condition of guns cannot be remotely checked at any time is solved by adopting video monitoring and infrared night vision technologies, and the problem in the prior art that use of the guns cannot be controlled in real time is solved by adopting an electronic gun lock.",firearm,title,Digital fingerprint gun cabinet,E,abstract,"The gun cabinet controller, the hard disk video and the embedded field management computer are connected together through a network switch, a fingerprint identification module, an electronic gun lock module, an electric control lock module, a video monitoring module, an anti-theft alarm module and other functional modules are integrated together, the problem that a previous weapon cabinet is poor in anti-theft performance is solved through double mechanical locks and double electric control locks, the problem in the prior art that a mechanical key is difficultly managed and controlled is solved by adopting a fingerprint identification technology, the problem in the prior art that the actual in-place condition of guns cannot be remotely checked at any time is solved by adopting video monitoring and infrared night vision technologies, and the problem in the prior art that use of the guns cannot be controlled in real time is solved by adopting an electronic gun lock.",,E,abstract,"The gun cabinet controller, the hard disk video and the embedded field management computer are connected together through a network switch, a fingerprint identification module, an electronic gun lock module, an electric control lock module, a video monitoring module, an anti-theft alarm module and other functional modules are integrated together, the problem that a previous weapon cabinet is poor in anti-theft performance is solved through double mechanical locks and double electric control locks, the problem in the prior art that a mechanical key is difficultly managed and controlled is solved by adopting a fingerprint identification technology, the problem in the prior art that the actual in-place condition of guns cannot be remotely checked at any time is solved by adopting video monitoring and infrared night vision technologies, and the problem in the prior art that use of the guns cannot be controlled in real time is solved by adopting an electronic gun lock.",,A,,,,A,,,,A,,,,A,,,,A,,,,E,abstract,"The gun cabinet controller, the hard disk video and the embedded field management computer are connected together through a network switch, a fingerprint identification module, an electronic gun lock module, an electric control lock module, a video monitoring module, an anti-theft alarm module and other functional modules are integrated together, the problem that a previous weapon cabinet is poor in anti-theft performance is solved through double mechanical locks and double electric control locks, the problem in the prior art that a mechanical key is difficultly managed and controlled is solved by adopting a fingerprint identification technology, the problem in the prior art that the actual in-place condition of guns cannot be remotely checked at any time is solved by adopting video monitoring and infrared night vision technologies, and the problem in the prior art that use of the guns cannot be controlled in real time is solved by adopting an electronic gun lock.",,A,,,,A,,,,2 established; 2 explicit,False,100,0,52.0,52.0,M,1,2,13,[],{},{},10.0,12.0,16.0,0.0,0.0,0.0,0.0,0.0,14.0,0.0,0.0,0.0
BC001-1C9E919E0980,Lock with fingerprint identification,"The invention discloses a lock with fingerprint identification, and belongs to the technical field of fingerprint identification. The lock comprises a left lock body and a right lock body, a fingerprint identification chip is embedded in the center of the surface of the left lock body, a buzzer is embedded in the top of the right side of the left lock body, an indicator lamp is embedded in the center of the right side of the left lock body, a storage chip is arranged at the bottom of the right side of the left lock body, a mainboard is screwed at the bottom of an inner cavity of the left lockbody, and input ports of the fingerprint identification chip, the buzzer, the indicator lamp and the storage chip are welded with the bottom of the mainboard through an electric soldering iron. The fingerprint identification chip is adopted to identify the fingerprint of a user for unlocking, a gun lock adopting the fingerprint identification technology does not need a key and passwords, use is convenient, safety is good, the storage safety of a gun is improved, the gun is prevented from being used by children or people who do not reach the using age of the gun, mistaken injuries and other dangerous behaviors caused by playing the gun by the children are prevented, and other people can be prevented from robbing and stealing the gun to threaten the safety of themselves or other people.",firearm,abstract,"The fingerprint identification chip is adopted to identify the fingerprint of a user for unlocking, a gun lock adopting the fingerprint identification technology does not need a key and passwords, use is convenient, safety is good, the storage safety of a gun is improved, the gun is prevented from being used by children or people who do not reach the using age of the gun, mistaken injuries and other dangerous behaviors caused by playing the gun by the children are prevented, and other people can be prevented from robbing and stealing the gun to threaten the safety of themselves or other people.",E,title,Lock with fingerprint identification,,E,abstract,"The fingerprint identification chip is adopted to identify the fingerprint of a user for unlocking, a gun lock adopting the fingerprint identification technology does not need a key and passwords, use is convenient, safety is good, the storage safety of a gun is improved, the gun is prevented from being used by children or people who do not reach the using age of the gun, mistaken injuries and other dangerous behaviors caused by playing the gun by the children are prevented, and other people can be prevented from robbing and stealing the gun to threaten the safety of themselves or other people.",,A,,,,A,,,,A,,,,A,,,,A,,,,E,abstract,"The fingerprint identification chip is adopted to identify the fingerprint of a user for unlocking, a gun lock adopting the fingerprint identification technology does not need a key and passwords, use is convenient, safety is good, the storage safety of a gun is improved, the gun is prevented from being used by children or people who do not reach the using age of the gun, mistaken injuries and other dangerous behaviors caused by playing the gun by the children are prevented, and other people can be prevented from robbing and stealing the gun to threaten the safety of themselves or other people.",,A,,,,A,,,,2 established; 2 explicit,False,100,0,52.0,52.0,M,1,2,14,[],{},{},10.0,12.0,16.0,0.0,0.0,0.0,0.0,0.0,14.0,0.0,0.0,0.0
BC001-1EB69221CE7A,An intelligent fingerprint & voice operated firearm,"The present invention relates to the locking device preventing the unauthorized utilization of firearms.The invention provides the trigger locking rod operated on the biometric finger print sensor placed at the trigger or voice recognition module with microphone which can be signal conditioned by the controller board to unlock the trigger only by transmitting relevant biometric data or approved voice to the said block, said data Corresponding with biometric data and voice data digitally stored in the block memory.",firearm,title,An intelligent fingerprint & voice operated firearm,E,abstract,"The invention provides the trigger locking rod operated on the biometric finger print sensor placed at the trigger or voice recognition module with microphone which can be signal conditioned by the controller board to unlock the trigger only by transmitting relevant biometric data or approved voice to the said block, said data Corresponding with biometric data and voice data digitally stored in the block memory.",,E,abstract,"The invention provides the trigger locking rod operated on the biometric finger print sensor placed at the trigger or voice recognition module with microphone which can be signal conditioned by the controller board to unlock the trigger only by transmitting relevant biometric data or approved voice to the said block, said data Corresponding with biometric data and voice data digitally stored in the block memory.",,A,,,,A,,,,A,,,,A,,,,A,,,,E,abstract,"The invention provides the trigger locking rod operated on the biometric finger print sensor placed at the trigger or voice recognition module with microphone which can be signal conditioned by the controller board to unlock the trigger only by transmitting relevant biometric data or approved voice to the said block, said data Corresponding with biometric data and voice data digitally stored in the block memory.",,A,,,,A,,,,2 established; 2 explicit,False,100,0,52.0,52.0,M,1,2,15,[],{},{},10.0,12.0,16.0,0.0,0.0,0.0,0.0,0.0,14.0,0.0,0.0,0.0
BC001-3DD58E31397D,Gun trigger unlocked through biological fingerprint identification,"The invention discloses a gun trigger unlocked through biological fingerprint identification. The gun trigger comprises a gun trigger shell body, a gun trigger shell cover and a machine shell; a control board is mounted at the top in the gun trigger shell body through screws; a fingerprint identifying module is mounted at the top of the control plate through a limiting groove; a fingerprint setting key is mounted on one side of the bottom end of the control plate through screws; the machine shell is arranged at the bottom end of the control plate; a motor is mounted in the machine shell through a mounting base; a rotating wheel is arranged on an output shaft of the motor through a fixing piece; an elliptic limiting plate is mounted at the bottom of the machine shell through bolts; an L-shaped rack lock tongue capable of sliding is arranged in the elliptic limiting plate; the gun trigger shell cover is mounted at the bottom of the gun trigger shell body through bolts; and a return spring is connected to the top of the gun trigger shell cover through a limiting clamping groove. The gun trigger unlocked through biological fingerprint identification is simple in structure, convenient to produce, high in unlocking efficiency, high in practicability and suitable for wide popularization and application.",firearm,title,Gun trigger unlocked through biological fingerprint identification,E,title,Gun trigger unlocked through biological fingerprint identification,,E,title,Gun trigger unlocked through biological fingerprint identification,,A,,,,A,,,,A,,,,A,,,,A,,,,E,title,Gun trigger unlocked through biological fingerprint identification,,A,,,,A,,,,2 established; 2 explicit,False,100,0,52.0,52.0,M,1,2,16,[],{},{},10.0,12.0,16.0,0.0,0.0,0.0,0.0,0.0,14.0,0.0,0.0,0.0
BC001-5946DA63E67B,Weapon with safety system,"Weapon with a security system, characterized in that it comprises an identification device for the user carrying the weapon, connected to a control module that controls a trigger locking system (2) of the weapon, configured to unlock the weapon if the user is correctly identified, or to block the trigger (2) if the user is not correctly identified, where the user identification device comprises a fingerprint reader (1) and the locking system is formed by a pin moved by a motor, configured so that the pin (3) is inserted through a through hole (4) made in the trigger (2) blocking its movement, the motor being powered by a battery.",firearm,title,Weapon with safety system,E,abstract,"Weapon with a security system, characterized in that it comprises an identification device for the user carrying the weapon, connected to a control module that controls a trigger locking system (2) of the weapon, configured to unlock the weapon if the user is correctly identified, or to block the trigger (2) if the user is not correctly identified, where the user identification device comprises a fingerprint reader (1) and the locking system is formed by a pin moved by a motor, configured so that the pin (3) is inserted through a through hole (4) made in the trigger (2) blocking its movement, the motor being powered by a battery.",,E,abstract,"Weapon with a security system, characterized in that it comprises an identification device for the user carrying the weapon, connected to a control module that controls a trigger locking system (2) of the weapon, configured to unlock the weapon if the user is correctly identified, or to block the trigger (2) if the user is not correctly identified, where the user identification device comprises a fingerprint reader (1) and the locking system is formed by a pin moved by a motor, configured so that the pin (3) is inserted through a through hole (4) made in the trigger (2) blocking its movement, the motor being powered by a battery.",,A,,,,A,,,,A,,,,A,,,,A,,,,E,abstract,"Weapon with a security system, characterized in that it comprises an identification device for the user carrying the weapon, connected to a control module that controls a trigger locking system (2) of the weapon, configured to unlock the weapon if the user is correctly identified, or to block the trigger (2) if the user is not correctly identified, where the user identification device comprises a fingerprint reader (1) and the locking system is formed by a pin moved by a motor, configured so that the pin (3) is inserted through a through hole (4) made in the trigger (2) blocking its movement, the motor being powered by a battery.",,A,,,,A,,,,2 established; 2 explicit,False,100,0,52.0,52.0,M,1,2,17,[],{},{},10.0,12.0,16.0,0.0,0.0,0.0,0.0,0.0,14.0,0.0,0.0,0.0
BC001-6197DE78098F,Biological fingerprint identification unlocking gun trigger,"The utility model discloses a trigger for unlocking a gun through biological fingerprint identification. The gun trigger comprises a gun trigger shell, a gun trigger shell cover and a machine shell. Acontrol panel is mounted at the top in the gun trigger shell through screws; a fingerprint identification module is mounted at the top of the control panel through a limiting groove; a fingerprint setting key is mounted on one side of the bottom end of the control panel through a screw; a machine shell is arranged at the bottom end of the control panel. A motor is installed in the machine shell through an installation base. An output shaft of the motor is provided with a rotating wheel through a fixing piece; an oval limiting plate is installed at the bottom of the machine shell through bolts, a slidable L-shaped rack spring bolt is arranged in the oval limiting plate, a gun trigger shell cover is installed at the bottom of the gun trigger shell through bolts, and a reset spring is connected to the top of the gun trigger shell cover through a limiting clamping groove. The biological fingerprint recognition unlocking gun trigger is simple in structure, convenient to produce, high in unlocking efficiency, high in practicability and suitable for wide application and popularization.",firearm,title,Biological fingerprint identification unlocking gun trigger,E,title,Biological fingerprint identification unlocking gun trigger,,E,abstract,The utility model discloses a trigger for unlocking a gun through biological fingerprint identification.,,A,,,,A,,,,A,,,,A,,,,A,,,,E,abstract,The utility model discloses a trigger for unlocking a gun through biological fingerprint identification.,,A,,,,A,,,,2 established; 2 explicit,False,100,0,52.0,52.0,M,1,2,18,[],{},{},10.0,12.0,16.0,0.0,0.0,0.0,0.0,0.0,14.0,0.0,0.0,0.0
BC001-7A2C56F84041,Fingerprint recognition safety systems,"A universal fingerprint recognition system for firearms that greatly reduces misuse and accidental discharge of a firearm. The fingerprint recognition assembly is completely embedded within the firearm to prevent tampering. A chip embedded in the trigger scans the firearm owner's fingerprint, and when recognized releases a safety pin, allowing the trigger to be pulled. A charging port embedded in the firearm's grip allows a USB-type connector to be attached and charge the battery chip in the CPU.",firearm,abstract,A universal fingerprint recognition system for firearms that greatly reduces misuse and accidental discharge of a firearm.,E,title,Fingerprint recognition safety systems,,E,abstract,"A chip embedded in the trigger scans the firearm owner's fingerprint, and when recognized releases a safety pin, allowing the trigger to be pulled.",,A,,,,A,,,,A,,,,A,,,,A,,,,E,abstract,"A chip embedded in the trigger scans the firearm owner's fingerprint, and when recognized releases a safety pin, allowing the trigger to be pulled.",,A,,,,A,,,,2 established; 2 explicit,False,100,0,52.0,52.0,M,1,2,19,[],{},{},10.0,12.0,16.0,0.0,0.0,0.0,0.0,0.0,14.0,0.0,0.0,0.0
BC001-BD407DA6A5FB,Three-level networking bullet dynamic management system,"The invention discloses a three-level networking bullet dynamic management system which comprises a fingerprint recognition device, an electronic tag and a timing module. The fingerprint recognition device and a human face scanning device are electrically connected with a digitalized bullet cabinet and a data storage device, the timing module is electrically connected with an electronic gun lock and a management monitoring center, the management monitoring center is connected with the digitalized bullet cabinet and a city-level monitoring center through broadband, and the city-level monitoring center is connected with a province-level monitoring center through broadband. The bullet cabinet is opened in a verification mode through the fingerprint recognition device and the human face scanning device and cannot be opened unless correct verification is achieved, the electronic gun lock cannot be opened unless a unique RFID code on the electronic tag on a gun is scanned and input, the digitalized bullet cabinet transmits all information of gun taking to the management monitoring center through the broadband, three-level supervision is achieved due to three-level networking of the province-level monitoring center, the city-level monitoring center and the management monitoring center, and safety and normalization are greatly improved.",firearm,abstract,"The fingerprint recognition device and a human face scanning device are electrically connected with a digitalized bullet cabinet and a data storage device, the timing module is electrically connected with an electronic gun lock and a management monitoring center, the management monitoring center is connected with the digitalized bullet cabinet and a city-level monitoring center through broadband, and the city-level monitoring center is connected with a province-level monitoring center through broadband.",E,abstract,"The invention discloses a three-level networking bullet dynamic management system which comprises a fingerprint recognition device, an electronic tag and a timing module.",,E,abstract,"The fingerprint recognition device and a human face scanning device are electrically connected with a digitalized bullet cabinet and a data storage device, the timing module is electrically connected with an electronic gun lock and a management monitoring center, the management monitoring center is connected with the digitalized bullet cabinet and a city-level monitoring center through broadband, and the city-level monitoring center is connected with a province-level monitoring center through broadband.",,A,,,,A,,,,A,,,,A,,,,A,,,,E,abstract,"The fingerprint recognition device and a human face scanning device are electrically connected with a digitalized bullet cabinet and a data storage device, the timing module is electrically connected with an electronic gun lock and a management monitoring center, the management monitoring center is connected with the digitalized bullet cabinet and a city-level monitoring center through broadband, and the city-level monitoring center is connected with a province-level monitoring center through broadband.",,A,,,,A,,,,2 established; 2 explicit,False,100,0,52.0,52.0,M,1,2,20,[],{},{},10.0,12.0,16.0,0.0,0.0,0.0,0.0,0.0,14.0,0.0,0.0,0.0
BC001-C047EC90B27A,Firearm with fingerprint recognition and electronic-control percussion function,"The invention discloses a firearm with fingerprint recognition and electronic-control percussion functions. The firearm has the advantages that a fingerprint recognition device is arranged on the front surface of a trigger of the firearm, bullets can be percussed under electronic control of the firearm, fingerprints of a firearm holder are read by the fingerprint recognition device on the front surface of the trigger when the firearm holder pulls the trigger, a control circuit can be connected with an electronic-control coil if the firearm holder is authorized to use the firearm, accordingly, the bullets can be impacted by a firing pin of an armature and can be discharged under the electronic control of the firearm, and problems of unauthorized use of existing firearms and accidental discharge of the existing firearms can be solved.",firearm,title,Firearm with fingerprint recognition and electronic-control percussion function,E,title,Firearm with fingerprint recognition and electronic-control percussion function,,E,abstract,"The firearm has the advantages that a fingerprint recognition device is arranged on the front surface of a trigger of the firearm, bullets can be percussed under electronic control of the firearm, fingerprints of a firearm holder are read by the fingerprint recognition device on the front surface of the trigger when the firearm holder pulls the trigger, a control circuit can be connected with an electronic-control coil if the firearm holder is authorized to use the firearm, accordingly, the bullets can be impacted by a firing pin of an armature and can be discharged under the electronic control of the firearm, and problems of unauthorized use of existing firearms and accidental discharge of the existing firearms can be solved.",,A,,,,A,,,,A,,,,A,,,,A,,,,E,abstract,"The firearm has the advantages that a fingerprint recognition device is arranged on the front surface of a trigger of the firearm, bullets can be percussed under electronic control of the firearm, fingerprints of a firearm holder are read by the fingerprint recognition device on the front surface of the trigger when the firearm holder pulls the trigger, a control circuit can be connected with an electronic-control coil if the firearm holder is authorized to use the firearm, accordingly, the bullets can be impacted by a firing pin of an armature and can be discharged under the electronic control of the firearm, and problems of unauthorized use of existing firearms and accidental discharge of the existing firearms can be solved.",,A,,,,A,,,,2 established; 2 explicit,False,100,0,52.0,52.0,M,1,2,21,[],{},{},10.0,12.0,16.0,0.0,0.0,0.0,0.0,0.0,14.0,0.0,0.0,0.0
BC001-DA1021F1705A,Gun trigger locking fingerprint lock and control method,"The invention belongs to the technical field of firearm safety devices, in particular to a gun trigger locking fingerprint lock and a control method thereof, the fingerprint lock comprises an upper lock body, a lower lock body, a fingerprint identification module, a motor driving mechanism, a locking mechanism, a mechanical key unlocking mechanism and a control circuit, wherein the upper lock body and the lower lock body can be separated from each other. The invention ensures physical safety through the mechanical engagement structure of the ratchet wheel-lock cylinder, ensures the reliability of action through the transmission mode of the cam-push rod, combines the control logic of the delayed automatic reset, realizes the intelligent control of the one-touch instant opening and the automatic reset, simultaneously reserves an extremely simple mechanical emergency unlocking means and perfectly balances convenience and safety.",firearm,title,Gun trigger locking fingerprint lock and control method,E,abstract,"The invention belongs to the technical field of firearm safety devices, in particular to a gun trigger locking fingerprint lock and a control method thereof, the fingerprint lock comprises an upper lock body, a lower lock body, a fingerprint identification module, a motor driving mechanism, a locking mechanism, a mechanical key unlocking mechanism and a control circuit, wherein the upper lock body and the lower lock body can be separated from each other.",,E,abstract,"The invention belongs to the technical field of firearm safety devices, in particular to a gun trigger locking fingerprint lock and a control method thereof, the fingerprint lock comprises an upper lock body, a lower lock body, a fingerprint identification module, a motor driving mechanism, a locking mechanism, a mechanical key unlocking mechanism and a control circuit, wherein the upper lock body and the lower lock body can be separated from each other.",,A,,,,A,,,,A,,,,A,,,,A,,,,E,abstract,"The invention belongs to the technical field of firearm safety devices, in particular to a gun trigger locking fingerprint lock and a control method thereof, the fingerprint lock comprises an upper lock body, a lower lock body, a fingerprint identification module, a motor driving mechanism, a locking mechanism, a mechanical key unlocking mechanism and a control circuit, wherein the upper lock body and the lower lock body can be separated from each other.",,A,,,,A,,,,2 established; 2 explicit,False,100,0,52.0,52.0,M,1,2,22,[],{},{},10.0,12.0,16.0,0.0,0.0,0.0,0.0,0.0,14.0,0.0,0.0,0.0
BC001-E28BE74AE279,Novel intelligence bullet cabinet,"The utility model discloses a novel intelligence bullet cabinet, the positive upper right corner of rifle cabinet body is equipped with the touch machine, touch machine next door is equipped with fingerprint identification module, be provided with the trick lock on the cabinet door of the right side, the trick lock next door is equipped with the cabinet door handle, be provided with the key lock on the cabinet door of a left side, the inside upper left side of rifle cabinet body is provided with two sub - magazines and a plurality of trench of placing gun, all be provided with the gun lock in the middle of the trench, gravity sensor is equipped with to the trench bottom, the inside lower right corner of rifle cabinet body is equipped with the UPS power, UPS power top is equipped with the control mainboard, the control mainboard upper right corner is provided with two ethernet interfaces, the lower right corner is provided with a plurality of signal output interfaces on the control mainboard, control mainboard left side is provided with a plurality of signal input interfaces, the control mainboard passes through the ethernet interface and is connected with the touch -control machine, the utility model discloses simple structure, the stable performance is reliable, reasonable in design, warehouse management safety is high -efficient, electronic information ization degree height, easy operation is swift, can reduce worker labor intensity.",firearm,abstract,"The utility model discloses a novel intelligence bullet cabinet, the positive upper right corner of rifle cabinet body is equipped with the touch machine, touch machine next door is equipped with fingerprint identification module, be provided with the trick lock on the cabinet door of the right side, the trick lock next door is equipped with the cabinet door handle, be provided with the key lock on the cabinet door of a left side, the inside upper left side of rifle cabinet body is provided with two sub - magazines and a plurality of trench of placing gun, all be provided with the gun lock in the middle of the trench, gravity sensor is equipped with to the trench bottom, the inside lower right corner of rifle cabinet body is equipped with the UPS power, UPS power top is equipped with the control mainboard, the control mainboard upper right corner is provided with two ethernet interfaces, the lower right corner is provided with a plurality of signal output interfaces on the control mainboard, control mainboard left side is provided with a plurality of signal input interfaces, the control mainboard passes through the ethernet interface and is connected with the touch -control machine, the utility model discloses simple structure, the stable performance is reliable, reasonable in design, warehouse management safety is high -efficient, electronic information ization degree height, easy operation is swift, can reduce worker labor intensity.",E,abstract,"The utility model discloses a novel intelligence bullet cabinet, the positive upper right corner of rifle cabinet body is equipped with the touch machine, touch machine next door is equipped with fingerprint identification module, be provided with the trick lock on the cabinet door of the right side, the trick lock next door is equipped with the cabinet door handle, be provided with the key lock on the cabinet door of a left side, the inside upper left side of rifle cabinet body is provided with two sub - magazines and a plurality of trench of placing gun, all be provided with the gun lock in the middle of the trench, gravity sensor is equipped with to the trench bottom, the inside lower right corner of rifle cabinet body is equipped with the UPS power, UPS power top is equipped with the control mainboard, the control mainboard upper right corner is provided with two ethernet interfaces, the lower right corner is provided with a plurality of signal output interfaces on the control mainboard, control mainboard left side is provided with a plurality of signal input interfaces, the control mainboard passes through the ethernet interface and is connected with the touch -control machine, the utility model discloses simple structure, the stable performance is reliable, reasonable in design, warehouse management safety is high -efficient, electronic information ization degree height, easy operation is swift, can reduce worker labor intensity.",,E,abstract,"The utility model discloses a novel intelligence bullet cabinet, the positive upper right corner of rifle cabinet body is equipped with the touch machine, touch machine next door is equipped with fingerprint identification module, be provided with the trick lock on the cabinet door of the right side, the trick lock next door is equipped with the cabinet door handle, be provided with the key lock on the cabinet door of a left side, the inside upper left side of rifle cabinet body is provided with two sub - magazines and a plurality of trench of placing gun, all be provided with the gun lock in the middle of the trench, gravity sensor is equipped with to the trench bottom, the inside lower right corner of rifle cabinet body is equipped with the UPS power, UPS power top is equipped with the control mainboard, the control mainboard upper right corner is provided with two ethernet interfaces, the lower right corner is provided with a plurality of signal output interfaces on the control mainboard, control mainboard left side is provided with a plurality of signal input interfaces, the control mainboard passes through the ethernet interface and is connected with the touch -control machine, the utility model discloses simple structure, the stable performance is reliable, reasonable in design, warehouse management safety is high -efficient, electronic information ization degree height, easy operation is swift, can reduce worker labor intensity.",,A,,,,A,,,,A,,,,A,,,,A,,,,E,abstract,"The utility model discloses a novel intelligence bullet cabinet, the positive upper right corner of rifle cabinet body is equipped with the touch machine, touch machine next door is equipped with fingerprint identification module, be provided with the trick lock on the cabinet door of the right side, the trick lock next door is equipped with the cabinet door handle, be provided with the key lock on the cabinet door of a left side, the inside upper left side of rifle cabinet body is provided with two sub - magazines and a plurality of trench of placing gun, all be provided with the gun lock in the middle of the trench, gravity sensor is equipped with to the trench bottom, the inside lower right corner of rifle cabinet body is equipped with the UPS power, UPS power top is equipped with the control mainboard, the control mainboard upper right corner is provided with two ethernet interfaces, the lower right corner is provided with a plurality of signal output interfaces on the control mainboard, control mainboard left side is provided with a plurality of signal input interfaces, the control mainboard passes through the ethernet interface and is connected with the touch -control machine, the utility model discloses simple structure, the stable performance is reliable, reasonable in design, warehouse management safety is high -efficient, electronic information ization degree height, easy operation is swift, can reduce worker labor intensity.",,A,,,,A,,,,2 established; 2 explicit,False,100,0,52.0,52.0,M,1,2,23,[],{},{},10.0,12.0,16.0,0.0,0.0,0.0,0.0,0.0,14.0,0.0,0.0,0.0
BC001-2CA9E9E96AE1,Biometric trigger lock,"A biometric trigger lock to be removably installed on a pistol, the biometric trigger lock including a first body, including a biometric sensor disposed on a surface of the first body, and a latching mechanism disposed within the first body and electrically connected to the biometric sensor to move from a latched position to an unlatched position in response to a finger of an authorized user touching the biometric sensor, and a second body, including a pin extending from a side portion of the second body and including a latching tip to detachably connect to the latching mechanism.",attached_firing_control,title,Biometric trigger lock,E,abstract,"A biometric trigger lock to be removably installed on a pistol, the biometric trigger lock including a first body, including a biometric sensor disposed on a surface of the first body, and a latching mechanism disposed within the first body and electrically connected to the biometric sensor to move from a latched position to an unlatched position in response to a finger of an authorized user touching the biometric sensor, and a second body, including a pin extending from a side portion of the second body and including a latching tip to detachably connect to the latching mechanism.",,E,abstract,"A biometric trigger lock to be removably installed on a pistol, the biometric trigger lock including a first body, including a biometric sensor disposed on a surface of the first body, and a latching mechanism disposed within the first body and electrically connected to the biometric sensor to move from a latched position to an unlatched position in response to a finger of an authorized user touching the biometric sensor, and a second body, including a pin extending from a side portion of the second body and including a latching tip to detachably connect to the latching mechanism.",,A,,,,A,,,,A,,,,A,,,,A,,,,E,abstract,"A biometric trigger lock to be removably installed on a pistol, the biometric trigger lock including a first body, including a biometric sensor disposed on a surface of the first body, and a latching mechanism disposed within the first body and electrically connected to the biometric sensor to move from a latched position to an unlatched position in response to a finger of an authorized user touching the biometric sensor, and a second body, including a pin extending from a side portion of the second body and including a latching tip to detachably connect to the latching mechanism.",,A,,,,A,,,,2 established; 2 explicit,False,100,0,50.0,50.0,M,1,2,24,[],{},{},8.0,12.0,16.0,0.0,0.0,0.0,0.0,0.0,14.0,0.0,0.0,0.0
BC001-5580B4755680,Pistol anti-robbery protection device,"A handgun tamper-evident device comprising an integral sensing fingerprint identification device electrically linking more than one locking device to form a protective device mounted on a barrel, a waistband, or a gun strap, the locking device of which may be provided at one end of the barrel and the buckle strap, or at a corresponding gun bow within the barrel, or at a waistband buckle, or at a strap buckle, The body sensing fingerprint identification device is mounted on the surface of the barrel, or at the waistband buckle, or at the strap buckle, and is unlocked by pressing the first power source for activation, and then the fingerprint identification mechanism is activated to identify the person who is correct by simultaneously firing a lock at the bow and a lock at one end of the buckle, thereby removing the gun from service immediately, not only safely controlling the use of the gun branch, but also effectively preventing the use of the gun branch.",attached_firing_control,abstract,"A handgun tamper-evident device comprising an integral sensing fingerprint identification device electrically linking more than one locking device to form a protective device mounted on a barrel, a waistband, or a gun strap, the locking device of which may be provided at one end of the barrel and the buckle strap, or at a corresponding gun bow within the barrel, or at a waistband buckle, or at a strap buckle, The body sensing fingerprint identification device is mounted on the surface of the barrel, or at the waistband buckle, or at the strap buckle, and is unlocked by pressing the first power source for activation, and then the fingerprint identification mechanism is activated to identify the person who is correct by simultaneously firing a lock at the bow and a lock at one end of the buckle, thereby removing the gun from service immediately, not only safely controlling the use of the gun branch, but also effectively preventing the use of the gun branch.",E,abstract,"A handgun tamper-evident device comprising an integral sensing fingerprint identification device electrically linking more than one locking device to form a protective device mounted on a barrel, a waistband, or a gun strap, the locking device of which may be provided at one end of the barrel and the buckle strap, or at a corresponding gun bow within the barrel, or at a waistband buckle, or at a strap buckle, The body sensing fingerprint identification device is mounted on the surface of the barrel, or at the waistband buckle, or at the strap buckle, and is unlocked by pressing the first power source for activation, and then the fingerprint identification mechanism is activated to identify the person who is correct by simultaneously firing a lock at the bow and a lock at one end of the buckle, thereby removing the gun from service immediately, not only safely controlling the use of the gun branch, but also effectively preventing the use of the gun branch.",,E,abstract,"A handgun tamper-evident device comprising an integral sensing fingerprint identification device electrically linking more than one locking device to form a protective device mounted on a barrel, a waistband, or a gun strap, the locking device of which may be provided at one end of the barrel and the buckle strap, or at a corresponding gun bow within the barrel, or at a waistband buckle, or at a strap buckle, The body sensing fingerprint identification device is mounted on the surface of the barrel, or at the waistband buckle, or at the strap buckle, and is unlocked by pressing the first power source for activation, and then the fingerprint identification mechanism is activated to identify the person who is correct by simultaneously firing a lock at the bow and a lock at one end of the buckle, thereby removing the gun from service immediately, not only safely controlling the use of the gun branch, but also effectively preventing the use of the gun branch.",,A,,,,A,,,,A,,,,A,,,,A,,,,E,abstract,"A handgun tamper-evident device comprising an integral sensing fingerprint identification device electrically linking more than one locking device to form a protective device mounted on a barrel, a waistband, or a gun strap, the locking device of which may be provided at one end of the barrel and the buckle strap, or at a corresponding gun bow within the barrel, or at a waistband buckle, or at a strap buckle, The body sensing fingerprint identification device is mounted on the surface of the barrel, or at the waistband buckle, or at the strap buckle, and is unlocked by pressing the first power source for activation, and then the fingerprint identification mechanism is activated to identify the person who is correct by simultaneously firing a lock at the bow and a lock at one end of the buckle, thereby removing the gun from service immediately, not only safely controlling the use of the gun branch, but also effectively preventing the use of the gun branch.",,A,,,,A,,,,2 established; 2 explicit,False,100,0,50.0,50.0,M,1,2,25,[],{},{},8.0,12.0,16.0,0.0,0.0,0.0,0.0,0.0,14.0,0.0,0.0,0.0
BC001-94BCFC96EEDF,Intelligent trigger lock,An intelligent trigger lock employs biometric authentication for securely locking a firearm by blocking access to a trigger. The intelligent trigger lock includes: a housing formed to the contours of the firearm; a cavity within the housing configured to receive the trigger; a locking pin inserted through the housing; a contact point; electronic circuitry operable to release the locking pin upon receiving biometric authentication; and a power source.,attached_firing_control,title,Intelligent trigger lock,E,abstract,An intelligent trigger lock employs biometric authentication for securely locking a firearm by blocking access to a trigger.,,E,abstract,The intelligent trigger lock includes: a housing formed to the contours of the firearm; a cavity within the housing configured to receive the trigger; a locking pin inserted through the housing; a contact point; electronic circuitry operable to release the locking pin upon receiving biometric authentication; and a power source.,,A,,,,A,,,,A,,,,A,,,,A,,,,E,abstract,The intelligent trigger lock includes: a housing formed to the contours of the firearm; a cavity within the housing configured to receive the trigger; a locking pin inserted through the housing; a contact point; electronic circuitry operable to release the locking pin upon receiving biometric authentication; and a power source.,,A,,,,A,,,,2 established; 2 explicit,False,100,0,50.0,50.0,M,1,2,26,[],{},{},8.0,12.0,16.0,0.0,0.0,0.0,0.0,0.0,14.0,0.0,0.0,0.0
BC001-B01A4A11D21B,Gun trigger lock,"The invention relates to the technical field of gun trigger locks, in particular to a gun trigger lock, in a locking state, a user uses fingerprints set in a fingerprint module on a circuit board by himself to unlock the lock, in the locking state, a supporting rod of a cam faces downwards and is not in contact with a spring bolt piece, and in the locking state, the supporting rod of the cam is not in contact with the spring bolt piece. The lock tongue head of the lock tongue piece extends into the lock hook side clamping groove of the lock hook piece, so that the lock hook piece cannot be pulled out, connection of the upper shell and the lower shell of the lock is achieved, a locked object located between the upper shell and the lower shell cannot be separated out, and the locking function is achieved. In the unlocking state, after fingerprint recognition succeeds, the motor is started, the cam is driven to rotate, the first matching inclined face on the cam abuts against the second matching inclined face on the vertical push plate, the spring bolt piece is driven to be away from the lock hook side clamping groove, the spring bolt is made to be separated from the lock hook side clamping groove, separation of the upper shell and the lower shell is achieved, and the gun trigger lock is opened.",attached_firing_control,title,Gun trigger lock,E,abstract,"In the unlocking state, after fingerprint recognition succeeds, the motor is started, the cam is driven to rotate, the first matching inclined face on the cam abuts against the second matching inclined face on the vertical push plate, the spring bolt piece is driven to be away from the lock hook side clamping groove, the spring bolt is made to be separated from the lock hook side clamping groove, separation of the upper shell and the lower shell is achieved, and the gun trigger lock is opened.",,E,abstract,"In the unlocking state, after fingerprint recognition succeeds, the motor is started, the cam is driven to rotate, the first matching inclined face on the cam abuts against the second matching inclined face on the vertical push plate, the spring bolt piece is driven to be away from the lock hook side clamping groove, the spring bolt is made to be separated from the lock hook side clamping groove, separation of the upper shell and the lower shell is achieved, and the gun trigger lock is opened.",,A,,,,A,,,,A,,,,A,,,,A,,,,E,abstract,"In the unlocking state, after fingerprint recognition succeeds, the motor is started, the cam is driven to rotate, the first matching inclined face on the cam abuts against the second matching inclined face on the vertical push plate, the spring bolt piece is driven to be away from the lock hook side clamping groove, the spring bolt is made to be separated from the lock hook side clamping groove, separation of the upper shell and the lower shell is achieved, and the gun trigger lock is opened.",,A,,,,A,,,,2 established; 2 explicit,False,100,0,50.0,50.0,M,1,2,27,[],{},{},8.0,12.0,16.0,0.0,0.0,0.0,0.0,0.0,14.0,0.0,0.0,0.0
BC001-CA7B0B221CD0,Firearm security device,"A firearm security device removably connected to at least a portion of a firearm, the firearm security device including a biometric sensor to scan a physical characteristic of a user and send biometric data therefrom, a control unit running a program thereon and connected to the biometric sensor to compare the biometric data received from the biometric sensor to user data to determine whether the user is an authorized user of the firearm, and a locking pin disposed on a trigger bar of the firearm and connected to the control unit to prevent use of the firearm until the control unit determines the user is authorized to use the firearm.",attached_firing_control,abstract,"A firearm security device removably connected to at least a portion of a firearm, the firearm security device including a biometric sensor to scan a physical characteristic of a user and send biometric data therefrom, a control unit running a program thereon and connected to the biometric sensor to compare the biometric data received from the biometric sensor to user data to determine whether the user is an authorized user of the firearm, and a locking pin disposed on a trigger bar of the firearm and connected to the control unit to prevent use of the firearm until the control unit determines the user is authorized to use the firearm.",E,abstract,"A firearm security device removably connected to at least a portion of a firearm, the firearm security device including a biometric sensor to scan a physical characteristic of a user and send biometric data therefrom, a control unit running a program thereon and connected to the biometric sensor to compare the biometric data received from the biometric sensor to user data to determine whether the user is an authorized user of the firearm, and a locking pin disposed on a trigger bar of the firearm and connected to the control unit to prevent use of the firearm until the control unit determines the user is authorized to use the firearm.",,E,abstract,"A firearm security device removably connected to at least a portion of a firearm, the firearm security device including a biometric sensor to scan a physical characteristic of a user and send biometric data therefrom, a control unit running a program thereon and connected to the biometric sensor to compare the biometric data received from the biometric sensor to user data to determine whether the user is an authorized user of the firearm, and a locking pin disposed on a trigger bar of the firearm and connected to the control unit to prevent use of the firearm until the control unit determines the user is authorized to use the firearm.",,A,,,,A,,,,A,,,,A,,,,A,,,,E,abstract,"A firearm security device removably connected to at least a portion of a firearm, the firearm security device including a biometric sensor to scan a physical characteristic of a user and send biometric data therefrom, a control unit running a program thereon and connected to the biometric sensor to compare the biometric data received from the biometric sensor to user data to determine whether the user is an authorized user of the firearm, and a locking pin disposed on a trigger bar of the firearm and connected to the control unit to prevent use of the firearm until the control unit determines the user is authorized to use the firearm.",,A,,,,A,,,,2 established; 2 explicit,False,100,0,50.0,50.0,M,1,2,28,[],{},{},8.0,12.0,16.0,0.0,0.0,0.0,0.0,0.0,14.0,0.0,0.0,0.0
BC001-D9937732CD71,Special messengerization intelligent recognition is alert to manage device with gun,"The embodiment of the utility model provides a special messengerization intelligent recognition is alert to manage device with gun. The device includes: singlechip, lock body unit, intelligent recognition unit, positioning unit, communication unit and electrical unit. The singlechip is connected with other five units respectively in placing gun in, and the lock body unit includes trigger lock andgun case lock, and the intelligent recognition unit adopts fingerprint identification, and positioning unit adopts the GPS unit, and communication unit includes bluetooth unit and GPRS unit, the fingerprint data of typeeing in advance in intelligent recognition unit collection user's fingerprint and the singlechip are compared, and the singlechip passes through the geographical positional information of GPRS unit real time transport gun according to the switching of comparison result control trigger lock, GPS unit, and electrical unit charges for gun end mains operated through wireless. The utility model discloses can realize alert special messengerization with gun, gun are locked from the hand promptly, are grabbed the unable gun that use of back the other side at gun, utilize the real -time navigation capability to give gun for change after gun are lost.",attached_firing_control,abstract,"The singlechip is connected with other five units respectively in placing gun in, and the lock body unit includes trigger lock andgun case lock, and the intelligent recognition unit adopts fingerprint identification, and positioning unit adopts the GPS unit, and communication unit includes bluetooth unit and GPRS unit, the fingerprint data of typeeing in advance in intelligent recognition unit collection user's fingerprint and the singlechip are compared, and the singlechip passes through the geographical positional information of GPRS unit real time transport gun according to the switching of comparison result control trigger lock, GPS unit, and electrical unit charges for gun end mains operated through wireless.",E,abstract,"The singlechip is connected with other five units respectively in placing gun in, and the lock body unit includes trigger lock andgun case lock, and the intelligent recognition unit adopts fingerprint identification, and positioning unit adopts the GPS unit, and communication unit includes bluetooth unit and GPRS unit, the fingerprint data of typeeing in advance in intelligent recognition unit collection user's fingerprint and the singlechip are compared, and the singlechip passes through the geographical positional information of GPRS unit real time transport gun according to the switching of comparison result control trigger lock, GPS unit, and electrical unit charges for gun end mains operated through wireless.",,E,abstract,"The singlechip is connected with other five units respectively in placing gun in, and the lock body unit includes trigger lock andgun case lock, and the intelligent recognition unit adopts fingerprint identification, and positioning unit adopts the GPS unit, and communication unit includes bluetooth unit and GPRS unit, the fingerprint data of typeeing in advance in intelligent recognition unit collection user's fingerprint and the singlechip are compared, and the singlechip passes through the geographical positional information of GPRS unit real time transport gun according to the switching of comparison result control trigger lock, GPS unit, and electrical unit charges for gun end mains operated through wireless.",,A,,,,A,,,,A,,,,A,,,,A,,,,E,abstract,"The singlechip is connected with other five units respectively in placing gun in, and the lock body unit includes trigger lock andgun case lock, and the intelligent recognition unit adopts fingerprint identification, and positioning unit adopts the GPS unit, and communication unit includes bluetooth unit and GPRS unit, the fingerprint data of typeeing in advance in intelligent recognition unit collection user's fingerprint and the singlechip are compared, and the singlechip passes through the geographical positional information of GPRS unit real time transport gun according to the switching of comparison result control trigger lock, GPS unit, and electrical unit charges for gun end mains operated through wireless.",,A,,,,A,,,,2 established; 2 explicit,True,100,0,50.0,50.0,M,1,2,29,[],{},{},8.0,12.0,16.0,0.0,0.0,0.0,0.0,0.0,14.0,0.0,0.0,0.0
BC001-DDE6DAE00B5F,Intelligent gun lock,"The utility model discloses an intelligent gun lock. Gun lock comprising a gun lock body, the gun lock body is provided with an intelligent controller, a fingerprint recognition device, a storage device, a data interface, a mechanical lock, an alarm, a power supply, a control key and an indicator lamp. A locking groove is formed in one side of the gun lock main body; a gun lock automatic driving lock hook matched with the mechanical lock is mounted in the locking groove; a circular placement groove is formed in the inner wall of one side, far away from the opening, of the locking groove; a fixing shaft is welded to the inner wall of the side, away from the opening, of the circular containing groove, a clamping groove is formed in the side, close to the opening, of the fixing shaft, clamping bases elastically hinged to the fixing shaft are arranged on the four sides of the clamping groove, the four clamping bases are jointly fixed to the same clamping block, and the clamping block and the clamping groove are movably installed. The locking device is economical and practical, and the sensor is simple to disassemble in the locking groove, so that the sensor is convenient to replace.",attached_firing_control,title,Intelligent gun lock,E,abstract,"Gun lock comprising a gun lock body, the gun lock body is provided with an intelligent controller, a fingerprint recognition device, a storage device, a data interface, a mechanical lock, an alarm, a power supply, a control key and an indicator lamp.",,E,abstract,"Gun lock comprising a gun lock body, the gun lock body is provided with an intelligent controller, a fingerprint recognition device, a storage device, a data interface, a mechanical lock, an alarm, a power supply, a control key and an indicator lamp.",,A,,,,A,,,,A,,,,A,,,,A,,,,E,abstract,"Gun lock comprising a gun lock body, the gun lock body is provided with an intelligent controller, a fingerprint recognition device, a storage device, a data interface, a mechanical lock, an alarm, a power supply, a control key and an indicator lamp.",,A,,,,A,,,,2 established; 2 explicit,False,100,0,50.0,50.0,M,1,2,30,[],{},{},8.0,12.0,16.0,0.0,0.0,0.0,0.0,0.0,14.0,0.0,0.0,0.0
BC001-F135B46A4984,Biometric gun lock,"A gun lock device and firearm security system configured to prevent unauthorized use of a firearm. The gun lock device includes a lower housing, an upper housing, and a locking mechanism comprising a motor and a latch pin. The latch pin is actuated by the motor to engage or disengage a catch pin, thereby locking or unlocking the device. A control circuit, powered by an internal power source, controls the motor based on external signals, which may be received wirelessly. The system further includes a mobile device that captures biometric data, such as a fingerprint, and communicates with the control circuit to authorize unlocking of the gun lock. A cable is connected to the gun lock device to provide additional physical security. Tamper detection sensors and an audible alert system can also be integrated to enhance security and provide feedback upon unlocking attempts.",attached_firing_control,title,Biometric gun lock,E,abstract,"The system further includes a mobile device that captures biometric data, such as a fingerprint, and communicates with the control circuit to authorize unlocking of the gun lock.",,E,abstract,"The system further includes a mobile device that captures biometric data, such as a fingerprint, and communicates with the control circuit to authorize unlocking of the gun lock.",,A,,,,A,,,,A,,,,A,,,,A,,,,E,abstract,"The system further includes a mobile device that captures biometric data, such as a fingerprint, and communicates with the control circuit to authorize unlocking of the gun lock.",,A,,,,A,,,,2 established; 2 explicit,False,100,0,50.0,50.0,M,1,2,31,[],{},{},8.0,12.0,16.0,0.0,0.0,0.0,0.0,0.0,14.0,0.0,0.0,0.0
BC001-E29EB3FB218C,Gun System and Gun Control Management System Prohibit Gun Violence in Reactive and Proactive,"The Gun System and Gun-Control Management System is a two part system to thwart gun violence in any places. The Gun System is a microprocessor with memory and supporting components that are embedded in the gun. The CPU of the Gun System executes software with data from the memory to identify authorized users with stand-alone electrical device; to discharge Unauthorized user with remote power switch or systems; to prohibit firearm use in restricted areas such as schools and other public places with GPS device and disable the gun trigger by moving it into the locked position with disabling device. In this way, the gun system thwarts gun violence in a reactive mode. The Gun-Control Management system maintains a plurality of database in communication with multiple gun systems to thwarts gun violence in proactive mode.",firearm,title,Gun System and Gun Control Management System Prohibit Gun Violence in Reactive and Proactive,A,,,,A,,,,E,abstract,The CPU of the Gun System executes software with data from the memory to identify authorized users with stand-alone electrical device; to discharge Unauthorized user with remote power switch or systems; to prohibit firearm use in restricted areas such as schools and other public places with GPS device and disable the gun trigger by moving it into the locked position with disabling device.,,E,abstract,The CPU of the Gun System executes software with data from the memory to identify authorized users with stand-alone electrical device; to discharge Unauthorized user with remote power switch or systems; to prohibit firearm use in restricted areas such as schools and other public places with GPS device and disable the gun trigger by moving it into the locked position with disabling device.,,E,abstract,The Gun-Control Management system maintains a plurality of database in communication with multiple gun systems to thwarts gun violence in proactive mode.,,A,,,,A,,,,A,,,,E,abstract,The CPU of the Gun System executes software with data from the memory to identify authorized users with stand-alone electrical device; to discharge Unauthorized user with remote power switch or systems; to prohibit firearm use in restricted areas such as schools and other public places with GPS device and disable the gun trigger by moving it into the locked position with disabling device.,,I,abstract,The Gun-Control Management system maintains a plurality of database in communication with multiple gun systems to thwarts gun violence in proactive mode.,The system transmits to an external destination and separately collects firearm data; transmission of that data is inferred.,2 established; 2 explicit,False,100,0,49.0,49.0,M,1,2,32,[],{},{},10.0,0.0,0.0,14.0,10.0,4.0,0.0,0.0,0.0,10.0,1.0,0.0
BC001-22C7B3E18472,Weapon trigger interlock and monitoring system,"A firearm activation and monitoring system which tracks, monitors, and automatically prevents a firearm from firing when a user is not in a suitable state of mind or is not an authorized user, as well as a method for activating and monitoring a firearm. The firearm activation and monitoring system generally comprises a firearm having a trigger and grip area, a plurality of biometric sensors located on the grip area which measure biometric data of a user, a trigger interlock, and a main microcontroller. The trigger interlock prevents the trigger from firing the firearm when the trigger interlock is in its normal or default position. To unlock the trigger, the user holds the grip area to activate the biometric sensors, and if the user is in an acceptable mental state, the main microcontroller will send an electrical signal to the trigger interlock, which unlocks the trigger and allows the user to pull the trigger of the firearm.",firearm,title,Weapon trigger interlock and monitoring system,I,abstract,"The firearm activation and monitoring system generally comprises a firearm having a trigger and grip area, a plurality of biometric sensors located on the grip area which measure biometric data of a user, a trigger interlock, and a main microcontroller.",Biometric sensing and user authorization are stated in separate sentences; identification use is inferred.,E,abstract,"A firearm activation and monitoring system which tracks, monitors, and automatically prevents a firearm from firing when a user is not in a suitable state of mind or is not an authorized user, as well as a method for activating and monitoring a firearm.",,A,,,,E,abstract,"A firearm activation and monitoring system which tracks, monitors, and automatically prevents a firearm from firing when a user is not in a suitable state of mind or is not an authorized user, as well as a method for activating and monitoring a firearm.",,A,,,,A,,,,A,,,,I,abstract,"A firearm activation and monitoring system which tracks, monitors, and automatically prevents a firearm from firing when a user is not in a suitable state of mind or is not an authorized user, as well as a method for activating and monitoring a firearm.","Authentication controls operation in the cited span. Biometric identification is separately supported by abstract: The firearm activation and monitoring system generally comprises a firearm having a trigger and grip area, a plurality of biometric sensors located on the grip area which measure biometric data of a user, a trigger interlock, and a main microcontroller. The biometric identification is inferred to supply this system's authorization.",A,,,,A,,,,3 established; 2 explicit,False,100,0,45.7,45.7,M,0,2,33,[],{},{},10.0,4.2,16.0,0.0,10.0,0.0,0.0,0.0,3.5,0.0,0.0,2.0
BC001-EC06FA2CBD2B,Fingerprint collection device for access control and personal weapons and other systems controlled thereby,"The numerical aperture (NA) of the optical fiber is reduced to allow the cross-lighting phenomenon of the optical fiber prism assembly to be tolerated so as not to exceed 0.5 if possible. A substantial portion of the light travels along the optical fiber based on a fine image, such as a fingerprint, at an input end of the assembly. At the assembly output, a detector responds to the electrical signal arrangement based on the surface undulations. These signals are processed to check the identity of fingerprints or the like, as well as used to control access to personal weapons, other equipment, facilities, data, or money services. As much as possible, the assembly uses a separation element such as, for example, an optical fiber taper (through which the input light does not cross) that is high NA due to out-of-area absorption of the EMA material. In the case of weapons, an anti-oversight module (which matches the weapon port and must also be cosmetically embodied) holds a portion of the access control and firing system. Bullets and the like are fired only when a specific signal is generated from the module.",attached_firing_control,abstract,"In the case of weapons, an anti-oversight module (which matches the weapon port and must also be cosmetically embodied) holds a portion of the access control and firing system.",I,title,Fingerprint collection device for access control and personal weapons and other systems controlled thereby,Biometric sensing and user authorization are stated in separate sentences; identification use is inferred.,E,abstract,"In the case of weapons, an anti-oversight module (which matches the weapon port and must also be cosmetically embodied) holds a portion of the access control and firing system.",,A,,,,E,title,Fingerprint collection device for access control and personal weapons and other systems controlled thereby,,A,,,,A,,,,A,,,,I,abstract,"In the case of weapons, an anti-oversight module (which matches the weapon port and must also be cosmetically embodied) holds a portion of the access control and firing system.",Authentication controls operation in the cited span. Biometric identification is separately supported by title: Fingerprint collection device for access control and personal weapons and other systems controlled thereby The biometric identification is inferred to supply this system's authorization.,A,,,,A,,,,3 established; 2 explicit,False,100,0,43.7,43.7,M,0,2,34,[],{},{},8.0,4.2,16.0,0.0,10.0,0.0,0.0,0.0,3.5,0.0,0.0,2.0
BC001-6624A50B3BD2,trigger Lock System with Digital Fireweapons Sensor,"TRIGGER LOCK SYSTEM WITH DIGITAL FIRE ENGINE SENSOR. The electronic firearm lock system reads the fingerprint of the finger, confronts this information with your database, and authorizes people to fire with the gun. The latching system is constituted by a digital sensor (2), which will read the fingerprint. The information will be analyzed by a microcontroller (3) who will decide whether or not the person is allowed to fire. The decision will be sent to a microtrigger (4) which, if the user is authorized, will release the trigger (6). If the user squeezes it, the user will be displaced necessary to displace the trigger rod, with the dog disarming and triggering the projectile. If the user is not allowed to use, the trigger (6) will not be released.",attached_firing_control,title,trigger Lock System with Digital Fireweapons Sensor,E,abstract,"The electronic firearm lock system reads the fingerprint of the finger, confronts this information with your database, and authorizes people to fire with the gun.",,E,abstract,"The decision will be sent to a microtrigger (4) which, if the user is authorized, will release the trigger (6).",,A,,,,A,,,,E,abstract,"The electronic firearm lock system reads the fingerprint of the finger, confronts this information with your database, and authorizes people to fire with the gun.",,A,,,,A,,,,I,abstract,"The decision will be sent to a microtrigger (4) which, if the user is authorized, will release the trigger (6).","Authentication controls operation in the cited span. Biometric identification is separately supported by abstract: The electronic firearm lock system reads the fingerprint of the finger, confronts this information with your database, and authorizes people to fire with the gun. The biometric identification is inferred to supply this system's authorization.",A,,,,A,,,,2 established; 2 explicit,False,100,0,43.5,43.5,M,0,2,35,[],{},{},8.0,12.0,16.0,0.0,0.0,4.0,0.0,0.0,3.5,0.0,0.0,0.0
BC001-412B4822AEC2,"An improved firearm repository, security and access control system","The present invention discloses a firearm access control system comprises at least one firearm repository (100) having a rack structure defining one or more cartridge storages (108) for accommodating one or more firearms, a locking mechanism (106) for locking the cartridge storages (108), a biometric input device (101) for obtaining biometric information from a user, a chip reader (102) for reading chip, and a control unit (107) for processing data and actuating the locking mechanism (106), and a computer server (200) linked to the control unit (107) via a communication network (300), configured to collect data information from the control unit (107), to authenticate the user by comparing the biometric information with those pre-stored in a database (202), upon successful authentication, the computer server (200) further checks and verifies the user?s authority, and followed by instructing the locking mechanism (106) to release firearm that carries the assigned chip (102) via the control unit (107).",firearm,title,"An improved firearm repository, security and access control system",E,abstract,"The present invention discloses a firearm access control system comprises at least one firearm repository (100) having a rack structure defining one or more cartridge storages (108) for accommodating one or more firearms, a locking mechanism (106) for locking the cartridge storages (108), a biometric input device (101) for obtaining biometric information from a user, a chip reader (102) for reading chip, and a control unit (107) for processing data and actuating the locking mechanism (106), and a computer server (200) linked to the control unit (107) via a communication network (300), configured to collect data information from the control unit (107), to authenticate the user by comparing the biometric information with those pre-stored in a database (202), upon successful authentication, the computer server (200) further checks and verifies the user?",,A,,,,A,,,,E,abstract,"The present invention discloses a firearm access control system comprises at least one firearm repository (100) having a rack structure defining one or more cartridge storages (108) for accommodating one or more firearms, a locking mechanism (106) for locking the cartridge storages (108), a biometric input device (101) for obtaining biometric information from a user, a chip reader (102) for reading chip, and a control unit (107) for processing data and actuating the locking mechanism (106), and a computer server (200) linked to the control unit (107) via a communication network (300), configured to collect data information from the control unit (107), to authenticate the user by comparing the biometric information with those pre-stored in a database (202), upon successful authentication, the computer server (200) further checks and verifies the user?",,E,abstract,"The present invention discloses a firearm access control system comprises at least one firearm repository (100) having a rack structure defining one or more cartridge storages (108) for accommodating one or more firearms, a locking mechanism (106) for locking the cartridge storages (108), a biometric input device (101) for obtaining biometric information from a user, a chip reader (102) for reading chip, and a control unit (107) for processing data and actuating the locking mechanism (106), and a computer server (200) linked to the control unit (107) via a communication network (300), configured to collect data information from the control unit (107), to authenticate the user by comparing the biometric information with those pre-stored in a database (202), upon successful authentication, the computer server (200) further checks and verifies the user?",,A,,,,A,,,,A,,,,A,,,,E,abstract,"The present invention discloses a firearm access control system comprises at least one firearm repository (100) having a rack structure defining one or more cartridge storages (108) for accommodating one or more firearms, a locking mechanism (106) for locking the cartridge storages (108), a biometric input device (101) for obtaining biometric information from a user, a chip reader (102) for reading chip, and a control unit (107) for processing data and actuating the locking mechanism (106), and a computer server (200) linked to the control unit (107) via a communication network (300), configured to collect data information from the control unit (107), to authenticate the user by comparing the biometric information with those pre-stored in a database (202), upon successful authentication, the computer server (200) further checks and verifies the user?",,2 established; 2 explicit,False,100,0,40.0,40.0,M,0,2,36,[],{},{},10.0,12.0,0.0,0.0,10.0,4.0,0.0,0.0,0.0,0.0,4.0,0.0
BC001-16E1EB95170A,Electronic gun lock bracket and unlocking and locking method thereof,"The invention discloses an electronic gun lock bracket and an unlocking and locking method thereof. A transverse pillar of a gun lock is provided with a U-shaped groove. The U-shaped groove is provided with an electronic lock. A base is provided with a gun barrel orifice groove corresponding to the U-shaped groove. A first distance sensor and a second distance sensor are arranged in the gun barrel orifice groove and the U-shaped groove separately. A warning device is arranged in the middle of the front face of a first stand column. A gun lock control device is arranged in the middle of the front face of a second stand column. A password authentication touchpad is connected outside the gun lock control device. The electronic lock, the warning device, the first distance sensor and the second distance sensor are all electrically connected with the gun lock control device. By means of the electronic gun lock bracket and the unlocking and locking method thereof, due to arrangement of the first distance sensor and the second distance sensor, the electronic lock can be closed automatically after a gun is sensed, the take-away time of the gun is kept, and control over the gun is enhanced; and unlocking is achieved through password or fingerprint verification, the warning device can give out an alarm when passwords or fingerprints are input three times and are incorrect, and relevant personnel can be reminded to check the condition.",attached_firing_control,title,Electronic gun lock bracket and unlocking and locking method thereof,E,abstract,"By means of the electronic gun lock bracket and the unlocking and locking method thereof, due to arrangement of the first distance sensor and the second distance sensor, the electronic lock can be closed automatically after a gun is sensed, the take-away time of the gun is kept, and control over the gun is enhanced; and unlocking is achieved through password or fingerprint verification, the warning device can give out an alarm when passwords or fingerprints are input three times and are incorrect, and relevant personnel can be reminded to check the condition.",,E,abstract,A password authentication touchpad is connected outside the gun lock control device.,,A,,,,A,,,,A,,,,A,,,,A,,,,I,abstract,A password authentication touchpad is connected outside the gun lock control device.,"Authentication controls operation in the cited span. Biometric identification is separately supported by abstract: By means of the electronic gun lock bracket and the unlocking and locking method thereof, due to arrangement of the first distance sensor and the second distance sensor, the electronic lock can be closed automatically after a gun is sensed, the take-away time of the gun is kept, and control over the gun is enhanced; and unlocking is achieved through password or fingerprint verification, the warning device can give out an alarm when passwords or fingerprints are input three times and are incorrect, and relevant personnel can be reminded to check the condition. The biometric identification is inferred to supply this system's authorization.",A,,,,A,,,,2 established; 2 explicit,False,100,0,39.5,39.5,M,0,2,37,[],{},{},8.0,12.0,16.0,0.0,0.0,0.0,0.0,0.0,3.5,0.0,0.0,0.0
BC001-026F42CE8F7A,Gun inspection room system based on face recognition and voiceprint recognition,"The invention provides a gun inspection room system based on face recognition and voiceprint recognition. The gun inspection room system based on face recognition and voiceprint recognition comprises a sound insulation room which is provided with a sound insulation mechanism, an access control device which is arranged at the entrance of the sound insulation room and comprises face recognition or/and voiceprint recognition, a gun model acquisition device which is arranged in the sound insulation room and is used for acquiring the model of the gun to be inspected, a recording device which comprises a microphone array and is used for extracting the audio signals of which the distances are within a preset threshold range as audio signals to be identified, and an audio comparison device which stores a standard gun inspection audio signal database associated with different types of guns and is used for calling the standard gun inspection audio signals of the types of the guns to be inspected, comparing the audio signals to be identified with the standard gun inspection audio signals and judging whether the gun inspection action is completed or not.",firearm,title,Gun inspection room system based on face recognition and voiceprint recognition,E,title,Gun inspection room system based on face recognition and voiceprint recognition,,A,,,,A,,,,E,abstract,"The gun inspection room system based on face recognition and voiceprint recognition comprises a sound insulation room which is provided with a sound insulation mechanism, an access control device which is arranged at the entrance of the sound insulation room and comprises face recognition or/and voiceprint recognition, a gun model acquisition device which is arranged in the sound insulation room and is used for acquiring the model of the gun to be inspected, a recording device which comprises a microphone array and is used for extracting the audio signals of which the distances are within a preset threshold range as audio signals to be identified, and an audio comparison device which stores a standard gun inspection audio signal database associated with different types of guns and is used for calling the standard gun inspection audio signals of the types of the guns to be inspected, comparing the audio signals to be identified with the standard gun inspection audio signals and judging whether the gun inspection action is completed or not.",,E,abstract,"The gun inspection room system based on face recognition and voiceprint recognition comprises a sound insulation room which is provided with a sound insulation mechanism, an access control device which is arranged at the entrance of the sound insulation room and comprises face recognition or/and voiceprint recognition, a gun model acquisition device which is arranged in the sound insulation room and is used for acquiring the model of the gun to be inspected, a recording device which comprises a microphone array and is used for extracting the audio signals of which the distances are within a preset threshold range as audio signals to be identified, and an audio comparison device which stores a standard gun inspection audio signal database associated with different types of guns and is used for calling the standard gun inspection audio signals of the types of the guns to be inspected, comparing the audio signals to be identified with the standard gun inspection audio signals and judging whether the gun inspection action is completed or not.",,A,,,,A,,,,A,,,,A,,,,C,abstract,"The gun inspection room system based on face recognition and voiceprint recognition comprises a sound insulation room which is provided with a sound insulation mechanism, an access control device which is arranged at the entrance of the sound insulation room and comprises face recognition or/and voiceprint recognition, a gun model acquisition device which is arranged in the sound insulation room and is used for acquiring the model of the gun to be inspected, a recording device which comprises a microphone array and is used for extracting the audio signals of which the distances are within a preset threshold range as audio signals to be identified, and an audio comparison device which stores a standard gun inspection audio signal database associated with different types of guns and is used for calling the standard gun inspection audio signals of the types of the guns to be inspected, comparing the audio signals to be identified with the standard gun inspection audio signals and judging whether the gun inspection action is completed or not.",,2 established; 2 explicit,False,100,0,36.0,36.0,M,0,2,38,[],{},{},10.0,12.0,0.0,0.0,10.0,4.0,0.0,0.0,0.0,0.0,0.0,0.0
BC001-1D9489637485,Internet of things based position tracking intergration weapon management system,"A location tracking type integrated weapon management system based on internet of things includes: at least one field arsenal which stores weapons such as firearms or magazines; a field manager terminal which stores information related to an approval of carry-out of weapons in a DB; and a remote responsible person terminal which receives, stores, and monitors the related information stored by the field manager terminal. The related information includes identification information of carry-out of a weapon and weapon information; information related to the weapon is read and transmitted by a reader by attaching an NFC tag for recognition to the weapon; an identification process is performed by a face recognition device about a person who returns the carry-out of the weapon; and situations of carry-in and carry-out of the weapon are recorded by attaching a camera capable of photographing an area around the field arsenal. The field manager terminal enables an approval process after identification by receiving identification information by the face recognition device; a GPS module is mounted in the weapon; the real-time location of carry-out of the weapon is grasped by displaying the location information of carry-out of the weapon through the GPS module on a GIS map; a wired/wireless service is possible in all positions capable of internet by building a clouding system connected to an integrated management server between the field manager terminal and the remote responsible person terminal; and a system can be expanded without stopping a service.",firearm,title,Internet of things based position tracking intergration weapon management system,E,abstract,The related information includes identification information of carry-out of a weapon and weapon information; information related to the weapon is read and transmitted by a reader by attaching an NFC tag for recognition to the weapon; an identification process is performed by a face recognition device about a person who returns the carry-out of the weapon; and situations of carry-in and carry-out of the weapon are recorded by attaching a camera capable of photographing an area around the field arsenal.,,A,,,,A,,,,E,title,Internet of things based position tracking intergration weapon management system,,E,abstract,The field manager terminal enables an approval process after identification by receiving identification information by the face recognition device; a GPS module is mounted in the weapon; the real-time location of carry-out of the weapon is grasped by displaying the location information of carry-out of the weapon through the GPS module on a GIS map; a wired/wireless service is possible in all positions capable of internet by building a clouding system connected to an integrated management server between the field manager terminal and the remote responsible person terminal; and a system can be expanded without stopping a service.,,A,,,,A,,,,A,,,,A,,,,C,abstract,The field manager terminal enables an approval process after identification by receiving identification information by the face recognition device; a GPS module is mounted in the weapon; the real-time location of carry-out of the weapon is grasped by displaying the location information of carry-out of the weapon through the GPS module on a GIS map; a wired/wireless service is possible in all positions capable of internet by building a clouding system connected to an integrated management server between the field manager terminal and the remote responsible person terminal; and a system can be expanded without stopping a service.,,2 established; 2 explicit,True,100,0,36.0,36.0,M,0,2,39,[],{},{},10.0,12.0,0.0,0.0,10.0,4.0,0.0,0.0,0.0,0.0,0.0,0.0
BC001-3321FBA07341,A smart control and monitoring system,"The present invention relates to a smart control and monitoring system for a gun. The smart control and monitoring system is detachably attached to the gun. The smart security control and monitoring system for the gun includes various sensors and components like GPS device, GPS proximity sensor, battery, motion sensor, RFID tag, low battery sensor, load sensor, tamper sensor, touch sensor, magazine capacity counter sensor, finger print authentication sensor, lock and contact sensor, speaker, LED, camera, heat sensor, memory card slot, printed circuit board (PCB) device, an alarm unit, LED light, Digital counter and a laser means. The smart security and alert system is operably connected to an external cloud device or law enforcement database or law enforcement security server.",firearm,abstract,The present invention relates to a smart control and monitoring system for a gun.,E,abstract,"The smart security control and monitoring system for the gun includes various sensors and components like GPS device, GPS proximity sensor, battery, motion sensor, RFID tag, low battery sensor, load sensor, tamper sensor, touch sensor, magazine capacity counter sensor, finger print authentication sensor, lock and contact sensor, speaker, LED, camera, heat sensor, memory card slot, printed circuit board (PCB) device, an alarm unit, LED light, Digital counter and a laser means.",,A,,,,A,,,,E,abstract,"The smart security control and monitoring system for the gun includes various sensors and components like GPS device, GPS proximity sensor, battery, motion sensor, RFID tag, low battery sensor, load sensor, tamper sensor, touch sensor, magazine capacity counter sensor, finger print authentication sensor, lock and contact sensor, speaker, LED, camera, heat sensor, memory card slot, printed circuit board (PCB) device, an alarm unit, LED light, Digital counter and a laser means.",,E,abstract,The smart security and alert system is operably connected to an external cloud device or law enforcement database or law enforcement security server.,,A,,,,A,,,,A,,,,A,,,,C,abstract,The smart security and alert system is operably connected to an external cloud device or law enforcement database or law enforcement security server.,,2 established; 2 explicit,True,100,0,36.0,36.0,M,0,2,40,[],{},{},10.0,12.0,0.0,0.0,10.0,4.0,0.0,0.0,0.0,0.0,0.0,0.0
BC001-927E1F23872F,Firearm system and method thereof,"This invention relates to a firearm system using biometric fingerprint recognition technology to ensure exclusive operation by authorized individuals. The system integrates a distinct fingerprint scanner into the firearm's grip, allowing activation and firing solely by users with registered fingerprints. The design, functioning, and components of the biometric-enabled firearm system, bolstering security and thwarting unauthorized access. The system includes a biometric sensor 102, processor 106, database, user interface, and additional security features such as tamper detection and emergency override. It transforms firearm security by incorporating biometric authentication technology, setting a new standard for safety, accountability, and traceability in firearm usage.",firearm,title,Firearm system and method thereof,E,abstract,This invention relates to a firearm system using biometric fingerprint recognition technology to ensure exclusive operation by authorized individuals.,,A,,,,A,,,,E,abstract,"It transforms firearm security by incorporating biometric authentication technology, setting a new standard for safety, accountability, and traceability in firearm usage.",,E,abstract,"The system includes a biometric sensor 102, processor 106, database, user interface, and additional security features such as tamper detection and emergency override.",,A,,,,A,,,,A,,,,A,,,,C,abstract,"The system includes a biometric sensor 102, processor 106, database, user interface, and additional security features such as tamper detection and emergency override.",,2 established; 2 explicit,False,100,0,36.0,36.0,M,0,2,41,[],{},{},10.0,12.0,0.0,0.0,10.0,4.0,0.0,0.0,0.0,0.0,0.0,0.0
BC001-AD6EF2E36B24,Portable intelligent gun box device,"The invention discloses a portable intelligent gun box device, which comprises a power module circuit, an ARM processor platform and a fingerprint acquisition module circuit, wherein the power module circuit is connected onto power ends of the ARM processor platform, the fingerprint acquisition module circuit, a GPS&GPRS module circuit and a peripheral module circuit for providing power; and the CAMER interface of the ARM processor platform is connected with the fingerprint acquisition module circuit for fingerprint extraction and comparison, and only an authorized legal user can open the gun box. The fact that the fingerprint for the identity of a gun-taking person is quickly compared and the gun box is legally opened can be realized, remote increased and decreased authorization on the identity of the gun-taking person can be realized, the fact that each gun box has a global unique ID series number can be realized, and the uniqueness of each gun box is ensured; the fact that the position unlocking information and the unlocking time of the gun-taking person are recorded to the gun box device for facilitating query is realized; the portable intelligent gun box device is applicable to military and public security exercises for realizing quick gun-taking person identity recognition, remote monitoring and real-time authorization; and due to records of the gun-taking person identity information, the time and the space, supervision by a relevant department is facilitated.",firearm,title,Portable intelligent gun box device,E,abstract,"The invention discloses a portable intelligent gun box device, which comprises a power module circuit, an ARM processor platform and a fingerprint acquisition module circuit, wherein the power module circuit is connected onto power ends of the ARM processor platform, the fingerprint acquisition module circuit, a GPS&GPRS module circuit and a peripheral module circuit for providing power; and the CAMER interface of the ARM processor platform is connected with the fingerprint acquisition module circuit for fingerprint extraction and comparison, and only an authorized legal user can open the gun box.",,A,,,,A,,,,E,abstract,"The invention discloses a portable intelligent gun box device, which comprises a power module circuit, an ARM processor platform and a fingerprint acquisition module circuit, wherein the power module circuit is connected onto power ends of the ARM processor platform, the fingerprint acquisition module circuit, a GPS&GPRS module circuit and a peripheral module circuit for providing power; and the CAMER interface of the ARM processor platform is connected with the fingerprint acquisition module circuit for fingerprint extraction and comparison, and only an authorized legal user can open the gun box.",,E,abstract,"The fact that the fingerprint for the identity of a gun-taking person is quickly compared and the gun box is legally opened can be realized, remote increased and decreased authorization on the identity of the gun-taking person can be realized, the fact that each gun box has a global unique ID series number can be realized, and the uniqueness of each gun box is ensured; the fact that the position unlocking information and the unlocking time of the gun-taking person are recorded to the gun box device for facilitating query is realized; the portable intelligent gun box device is applicable to military and public security exercises for realizing quick gun-taking person identity recognition, remote monitoring and real-time authorization; and due to records of the gun-taking person identity information, the time and the space, supervision by a relevant department is facilitated.",,A,,,,A,,,,A,,,,A,,,,C,abstract,"The fact that the fingerprint for the identity of a gun-taking person is quickly compared and the gun box is legally opened can be realized, remote increased and decreased authorization on the identity of the gun-taking person can be realized, the fact that each gun box has a global unique ID series number can be realized, and the uniqueness of each gun box is ensured; the fact that the position unlocking information and the unlocking time of the gun-taking person are recorded to the gun box device for facilitating query is realized; the portable intelligent gun box device is applicable to military and public security exercises for realizing quick gun-taking person identity recognition, remote monitoring and real-time authorization; and due to records of the gun-taking person identity information, the time and the space, supervision by a relevant department is facilitated.",,2 established; 2 explicit,True,100,0,36.0,36.0,M,0,2,42,[],{},{},10.0,12.0,0.0,0.0,10.0,4.0,0.0,0.0,0.0,0.0,0.0,0.0
BC001-B73EDD1DA08A,Security system for adaptive stadium access,"A security system for adaptive stadium access, the system comprising a gate-like structure 101 on motorized tracked wheels 102 to enable horizontal movement to entry and exit of the stadium, sliding motorized gates 103 to enable controlled entry and exit to the stadium, an artificial intelligence (AI) camera 104 for identity verification during entry, a facial feature detection sensor to accurately identify key facial landmarks, an infrared face recognition sensor to ensure reliable detection in various lighting conditions, an X-ray baggage inspection unit 105 to inspect individuals and baggage, a metal detectors and image recognition sensors for identifying sharp tools, firearms, restricted items, a speaker to broadcast an alert upon detection of prohibited items on the individual or the baggage, a touch screen display screen 110 for multimodal verification, and a ticket providing unit 111 to facilitate smooth transactions.",firearm,abstract,"A security system for adaptive stadium access, the system comprising a gate-like structure 101 on motorized tracked wheels 102 to enable horizontal movement to entry and exit of the stadium, sliding motorized gates 103 to enable controlled entry and exit to the stadium, an artificial intelligence (AI) camera 104 for identity verification during entry, a facial feature detection sensor to accurately identify key facial landmarks, an infrared face recognition sensor to ensure reliable detection in various lighting conditions, an X-ray baggage inspection unit 105 to inspect individuals and baggage, a metal detectors and image recognition sensors for identifying sharp tools, firearms, restricted items, a speaker to broadcast an alert upon detection of prohibited items on the individual or the baggage, a touch screen display screen 110 for multimodal verification, and a ticket providing unit 111 to facilitate smooth transactions.",E,abstract,"A security system for adaptive stadium access, the system comprising a gate-like structure 101 on motorized tracked wheels 102 to enable horizontal movement to entry and exit of the stadium, sliding motorized gates 103 to enable controlled entry and exit to the stadium, an artificial intelligence (AI) camera 104 for identity verification during entry, a facial feature detection sensor to accurately identify key facial landmarks, an infrared face recognition sensor to ensure reliable detection in various lighting conditions, an X-ray baggage inspection unit 105 to inspect individuals and baggage, a metal detectors and image recognition sensors for identifying sharp tools, firearms, restricted items, a speaker to broadcast an alert upon detection of prohibited items on the individual or the baggage, a touch screen display screen 110 for multimodal verification, and a ticket providing unit 111 to facilitate smooth transactions.",,A,,,,A,,,,E,abstract,"A security system for adaptive stadium access, the system comprising a gate-like structure 101 on motorized tracked wheels 102 to enable horizontal movement to entry and exit of the stadium, sliding motorized gates 103 to enable controlled entry and exit to the stadium, an artificial intelligence (AI) camera 104 for identity verification during entry, a facial feature detection sensor to accurately identify key facial landmarks, an infrared face recognition sensor to ensure reliable detection in various lighting conditions, an X-ray baggage inspection unit 105 to inspect individuals and baggage, a metal detectors and image recognition sensors for identifying sharp tools, firearms, restricted items, a speaker to broadcast an alert upon detection of prohibited items on the individual or the baggage, a touch screen display screen 110 for multimodal verification, and a ticket providing unit 111 to facilitate smooth transactions.",,E,abstract,"A security system for adaptive stadium access, the system comprising a gate-like structure 101 on motorized tracked wheels 102 to enable horizontal movement to entry and exit of the stadium, sliding motorized gates 103 to enable controlled entry and exit to the stadium, an artificial intelligence (AI) camera 104 for identity verification during entry, a facial feature detection sensor to accurately identify key facial landmarks, an infrared face recognition sensor to ensure reliable detection in various lighting conditions, an X-ray baggage inspection unit 105 to inspect individuals and baggage, a metal detectors and image recognition sensors for identifying sharp tools, firearms, restricted items, a speaker to broadcast an alert upon detection of prohibited items on the individual or the baggage, a touch screen display screen 110 for multimodal verification, and a ticket providing unit 111 to facilitate smooth transactions.",,A,,,,A,,,,A,,,,A,,,,C,abstract,"A security system for adaptive stadium access, the system comprising a gate-like structure 101 on motorized tracked wheels 102 to enable horizontal movement to entry and exit of the stadium, sliding motorized gates 103 to enable controlled entry and exit to the stadium, an artificial intelligence (AI) camera 104 for identity verification during entry, a facial feature detection sensor to accurately identify key facial landmarks, an infrared face recognition sensor to ensure reliable detection in various lighting conditions, an X-ray baggage inspection unit 105 to inspect individuals and baggage, a metal detectors and image recognition sensors for identifying sharp tools, firearms, restricted items, a speaker to broadcast an alert upon detection of prohibited items on the individual or the baggage, a touch screen display screen 110 for multimodal verification, and a ticket providing unit 111 to facilitate smooth transactions.",,2 established; 2 explicit,False,100,0,36.0,36.0,M,0,2,43,[],{},{},10.0,12.0,0.0,0.0,10.0,4.0,0.0,0.0,0.0,0.0,0.0,0.0
BC001-052D30A4DBB9,Intelligent recognition gun,"The utility model belongs to the military project field, concretely relates to intelligent recognition gun. Gun include handle and actuating mechanism, actuating mechanism includes gun locking device, personnel recognition device, power and circuit, personnel recognition device with gun locking device passes through the circuit electricity federation, personnel recognition device includes RFID unit and fingerprint identification unit, the RFID unit includes that personnel information verifies end and personnel information record end. Intelligence handle system can realize the accurate management of gun, injects the administration authority of gun at littleer within range, has done abundant optimization simultaneously in the promptness that gun used, and the operation impression is like the same convenient and fast of traditional gun, intelligence handle system's adoption fingerprint and RFID technique, the user can relieve the gun insurance through fingerprint of oneself or the ID ring of wearing, just can lock automatically again when openhanded hold of handle gun, avoids gun to be used by other people.",firearm,title,Intelligent recognition gun,E,abstract,"Gun include handle and actuating mechanism, actuating mechanism includes gun locking device, personnel recognition device, power and circuit, personnel recognition device with gun locking device passes through the circuit electricity federation, personnel recognition device includes RFID unit and fingerprint identification unit, the RFID unit includes that personnel information verifies end and personnel information record end.",,A,,,,A,,,,E,abstract,"Gun include handle and actuating mechanism, actuating mechanism includes gun locking device, personnel recognition device, power and circuit, personnel recognition device with gun locking device passes through the circuit electricity federation, personnel recognition device includes RFID unit and fingerprint identification unit, the RFID unit includes that personnel information verifies end and personnel information record end.",,A,,,,A,,,,A,,,,A,,,,A,,,,A,,,,2 established; 2 explicit,False,100,0,32.0,32.0,M,0,2,44,[],{},{},10.0,12.0,0.0,0.0,10.0,0.0,0.0,0.0,0.0,0.0,0.0,0.0
BC001-3FEDD335FFC6,Firearm safety system,A firearm safety system restricts the use of the firearm by reference to biometric data received by a sensor (23) coupled to the firearm trigger (26). The biometric data is compared to at least one record of biometric data associated with a permitted user to determine whether firearm actuation is permitted. Firearm actuation is controlled by an anchor (24) that is pivotally coupled to the firearm trigger (26). Firearm actuation is prevented when the anchor is extended between the trigger (26) and the trigger aperture (21). Firearm actuation is permited when the anchor (24) is retracted in response to a positive identification by the sensor (23).,firearm,title,Firearm safety system,E,abstract,The biometric data is compared to at least one record of biometric data associated with a permitted user to determine whether firearm actuation is permitted.,,A,,,,A,,,,E,abstract,The biometric data is compared to at least one record of biometric data associated with a permitted user to determine whether firearm actuation is permitted.,,A,,,,A,,,,A,,,,A,,,,A,,,,A,,,,2 established; 2 explicit,False,100,0,32.0,32.0,M,0,2,45,[],{},{},10.0,12.0,0.0,0.0,10.0,0.0,0.0,0.0,0.0,0.0,0.0,0.0
BC001-47E0F9721A5C,Techniques for dynamically managing a gun component,"The present disclosure provides systems and techniques for dynamically operating a peripheral component of a gun, such as a flashlight, an electronic sight, or a haptic motor. The gun may perform an authentication procedure to identify a user operating the gun, retrieve a configuration file from memory housed in the gun in response to the authentication procedure, and perform a function at the peripheral component based on the configuration file indicating that the function is to be performed for the user. The gun may collect authentication data, such as biometric data or token data, and the gun may identify the user operating the gun based on the authentication data. The user operating the gun may be identified in response to matching the collected authentication data to authentication data stored in the memory, and the gun may determine the function based on the configuration file indicating the function for the user.",firearm,title,Techniques for dynamically managing a gun component,E,abstract,"The gun may collect authentication data, such as biometric data or token data, and the gun may identify the user operating the gun based on the authentication data.",,A,,,,A,,,,E,abstract,"The gun may collect authentication data, such as biometric data or token data, and the gun may identify the user operating the gun based on the authentication data.",,A,,,,A,,,,A,,,,A,,,,A,,,,A,,,,2 established; 2 explicit,False,100,0,32.0,32.0,M,0,2,46,[],{},{},10.0,12.0,0.0,0.0,10.0,0.0,0.0,0.0,0.0,0.0,0.0,0.0
BC001-62F8F4E8D123,System and method for monitoring and securing a military weapon,"A system (100) for monitoring and securing a military weapon is disclosed. A biometric sensing chip (102) senses fingerprint of a user. A biometric recognition module (110) receives user recognition data representative of sensed fingerprint of the user, matches the user recognition data with historical user recognition data, identifies authentication of the user using a neural network accelerator. An access control module (120) enables access to the user for using the military weapon. A data monitoring and securing module (130) tracks user handling data representative of usage of the military weapon by the user in real-time, encrypts the user handling data for security purpose using a physical unclonable function based key generation technique. An actuation module (140) determines pressure of a finger of the user when the access for using the military weapon is obtained, sends activation signal for triggering of the military weapon by based on the pressure determined.",firearm,title,System and method for monitoring and securing a military weapon,E,abstract,"A biometric recognition module (110) receives user recognition data representative of sensed fingerprint of the user, matches the user recognition data with historical user recognition data, identifies authentication of the user using a neural network accelerator.",,A,,,,A,,,,E,abstract,"A data monitoring and securing module (130) tracks user handling data representative of usage of the military weapon by the user in real-time, encrypts the user handling data for security purpose using a physical unclonable function based key generation technique.",,A,,,,A,,,,A,,,,A,,,,A,,,,A,,,,2 established; 2 explicit,False,100,0,32.0,32.0,M,0,2,47,[],{},{},10.0,12.0,0.0,0.0,10.0,0.0,0.0,0.0,0.0,0.0,0.0,0.0
BC001-7BA69A8AAAF4,Intelligent safety lock for gun,"The utility model discloses an intelligent safety lock for a gun. The intelligent safety lock for the gun comprises a left lock base and a right lock base which are locked to each other, wherein the right lock base comprises a lock frame, a spring, a plug pin, a positioning frame, an electromagnetic guiding head, an electromagnetic coil, an intelligent fingerprint processing module, a lock base shell and a fingerprint collecting plate, the lock frame is fixedly connected with the lock base shell, a containing cavity is formed in the lock frame, the positioning frame, the electromagnetic guiding head, the electromagnetic coil and the intelligent fingerprint processing module are arranged in the containing cavity, a protruding column is arranged outside the lock frame and provided with an infrared induction device, and the positioning frame is provided with a through hole for the plug pin to penetrate through; the left lock base is provided with a column groove matched with the protruding column, the column groove is provided with a metal inserting core, and the metal inserting pin is provided with an inserting hole matched with the plug pin; the fingerprint collecting plate, the infrared induction device, the intelligent fingerprint processing module and the electromagnetic coil are connected through electric signals. According to the intelligent safety lock for the gun, the safety lock is opened in a fingerprint recognition mode, safety performance is higher, locking and unlocking can be fast achieved, and the intelligent safety lock for the gun is easy and convenient to operate and more reliable in use.",firearm,title,Intelligent safety lock for gun,E,abstract,"The intelligent safety lock for the gun comprises a left lock base and a right lock base which are locked to each other, wherein the right lock base comprises a lock frame, a spring, a plug pin, a positioning frame, an electromagnetic guiding head, an electromagnetic coil, an intelligent fingerprint processing module, a lock base shell and a fingerprint collecting plate, the lock frame is fixedly connected with the lock base shell, a containing cavity is formed in the lock frame, the positioning frame, the electromagnetic guiding head, the electromagnetic coil and the intelligent fingerprint processing module are arranged in the containing cavity, a protruding column is arranged outside the lock frame and provided with an infrared induction device, and the positioning frame is provided with a through hole for the plug pin to penetrate through; the left lock base is provided with a column groove matched with the protruding column, the column groove is provided with a metal inserting core, and the metal inserting pin is provided with an inserting hole matched with the plug pin; the fingerprint collecting plate, the infrared induction device, the intelligent fingerprint processing module and the electromagnetic coil are connected through electric signals.",,A,,,,A,,,,E,abstract,"The intelligent safety lock for the gun comprises a left lock base and a right lock base which are locked to each other, wherein the right lock base comprises a lock frame, a spring, a plug pin, a positioning frame, an electromagnetic guiding head, an electromagnetic coil, an intelligent fingerprint processing module, a lock base shell and a fingerprint collecting plate, the lock frame is fixedly connected with the lock base shell, a containing cavity is formed in the lock frame, the positioning frame, the electromagnetic guiding head, the electromagnetic coil and the intelligent fingerprint processing module are arranged in the containing cavity, a protruding column is arranged outside the lock frame and provided with an infrared induction device, and the positioning frame is provided with a through hole for the plug pin to penetrate through; the left lock base is provided with a column groove matched with the protruding column, the column groove is provided with a metal inserting core, and the metal inserting pin is provided with an inserting hole matched with the plug pin; the fingerprint collecting plate, the infrared induction device, the intelligent fingerprint processing module and the electromagnetic coil are connected through electric signals.",,A,,,,A,,,,A,,,,A,,,,A,,,,A,,,,2 established; 2 explicit,True,100,0,32.0,32.0,M,0,2,48,[],{},{},10.0,12.0,0.0,0.0,10.0,0.0,0.0,0.0,0.0,0.0,0.0,0.0
BC001-933E6016FD63,Sniper rifle,"The utility model relates to the field of creating a special sniper rifle for conducting targeted operations against enemy terrorist groups near our border and within the country, and also is capable of engaging low-flying air targets (helicopters, UAVs), external equipment of enemy tanks and armored personnel carriers, snipers and is a weapon of small airborne units, long-range infantry reconnaissance groups, etc. In the 75 years since the end of the Second World War, many different models of sniper rifles have been created in the world. This firearm device contains a means of protection against firing by an unregistered person, and has a means of information storage consisting of an image in an electronic system for controlling the firing from the presented weapon, and also stores a special code connected to each bullet fired and a laser system for forming a laser beam that ignites the charge for firing the bullet. Furthermore, the means for protecting the weapon contains physical information intended for allowing the firing from this firearm. Here, physical information is the fingerprint of a person about to use a given firearm, through which that person can be identified. The inventive firearm device comprises a digital camera, a microphone for recording sound and a clock for recording real time, wherein the instruments are mounted along the barrel for recording images used for firing shots and said information gathering means are arranged on the rear working surface of the weapon handle element. The utility model relates to the field of creating a special sniper rifle for conducting targeted operations against enemy terrorist groups near our border and within the country, and also is capable of engaging low-flying air targets (helicopters, UAVs), external equipment of enemy tanks and armored personnel carriers, snipers and is a weapon of small airborne units, long-range infantry reconnaissance groups, etc. In the 75 years since the end of World War II, the world has produced many different models of sniper rifles. The inventive firearm device comprises a means for protecting against firing by an unregistered person and comprises an information storing means which consists of an image contained in an electronic system for controlling the firing of the presented weapon and stores a special code connected to each fired bullet and a laser system for forming a laser beam igniting the bullet firing charge. Furthermore, the means for protecting a firearm comprises physical information intended for permitting the firing of the firearm in question. Here, physical information is the fingerprint of a person about to use a given firearm, through which that person can be identified. The inventive firearm device comprises a digital camera, a microphone for recording sound and a clock for recording real time, wherein the instruments are mounted along the barrel for recording images used for firing shots and said information gathering means are arranged on the rear working surface of the weapon handle element.",firearm,title,Sniper rifle,E,abstract,"Here, physical information is the fingerprint of a person about to use a given firearm, through which that person can be identified.",,A,,,,A,,,,E,abstract,"The inventive firearm device comprises a digital camera, a microphone for recording sound and a clock for recording real time, wherein the instruments are mounted along the barrel for recording images used for firing shots and said information gathering means are arranged on the rear working surface of the weapon handle element.",,A,,,,A,,,,A,,,,A,,,,A,,,,A,,,,2 established; 2 explicit,False,100,0,32.0,32.0,M,0,2,49,[],{},{},10.0,12.0,0.0,0.0,10.0,0.0,0.0,0.0,0.0,0.0,0.0,0.0
BC001-9ABAC4743433,Firearm safety system,A firearm safety system restricts the use of the firearm by reference to biometric data received by a sensor coupled to the firearm trigger. The biometric data is compared to at least one record of biometric data associated with a permitted user to determine whether firearm actuation is permitted. Firearm actuation is controlled by an anchor that is pivotally coupled to the firearm trigger. Firearm actuation is prevented when the anchor is extended between the trigger and the trigger aperture. Firearm actuation is permitted when the anchor is retracted in response to a positive identification by the sensor.,firearm,title,Firearm safety system,E,abstract,The biometric data is compared to at least one record of biometric data associated with a permitted user to determine whether firearm actuation is permitted.,,A,,,,A,,,,E,abstract,The biometric data is compared to at least one record of biometric data associated with a permitted user to determine whether firearm actuation is permitted.,,A,,,,A,,,,A,,,,A,,,,A,,,,A,,,,2 established; 2 explicit,False,100,0,32.0,32.0,M,0,2,50,[],{},{},10.0,12.0,0.0,0.0,10.0,0.0,0.0,0.0,0.0,0.0,0.0,0.0
BC001-A56EA635FDAC,Finger print identifying firearms,"The utility model discloses a firearm with fingerprint identification function comprising a power supply, a power supply switch which is connected with the power supply, a fingerprint sensor which is connected with the power supply switch and is used to collect fingerprint signal, a fingerprint identification module which is connected with the power supply switch and is used to receive the fingerprint signal collected by the fingerprint sensor and to judge whether the fingerprint signal is matched with a fingerprint sample which is pre-stored in the fingerprint identification module, an electrical control and mechanical bolt driving circuit is connected with the power supply switch and is used to drive an electrical control and mechanical bolt which is connected with the fingerprint identification module during the process of fingerprint matching and an electrical control and mechanical bolt, wherein the fingerprint sensor is arranged on the position where the finger is put when the firearm is held.",firearm,title,Finger print identifying firearms,E,title,Finger print identifying firearms,,A,,,,A,,,,E,abstract,"The utility model discloses a firearm with fingerprint identification function comprising a power supply, a power supply switch which is connected with the power supply, a fingerprint sensor which is connected with the power supply switch and is used to collect fingerprint signal, a fingerprint identification module which is connected with the power supply switch and is used to receive the fingerprint signal collected by the fingerprint sensor and to judge whether the fingerprint signal is matched with a fingerprint sample which is pre-stored in the fingerprint identification module, an electrical control and mechanical bolt driving circuit is connected with the power supply switch and is used to drive an electrical control and mechanical bolt which is connected with the fingerprint identification module during the process of fingerprint matching and an electrical control and mechanical bolt, wherein the fingerprint sensor is arranged on the position where the finger is put when the firearm is held.",,A,,,,A,,,,A,,,,A,,,,A,,,,A,,,,2 established; 2 explicit,False,100,0,32.0,32.0,M,0,2,51,[],{},{},10.0,12.0,0.0,0.0,10.0,0.0,0.0,0.0,0.0,0.0,0.0,0.0
BC001-D3923AE61E53,"Security covers for controls, handling, push-button or similar, in armament and transportation","Safety covers for controls, handle, push button or similar, in weapons and transport, characterized by the covers (1) having a delimiting design with a digital location, preferably with ergonomic relief, a material with at least one section that is transparent inwards and preferably in greater extent than outwards, in such a way that its possible internal elements are not distinguishable, and a compact final assembly, in such a way that its possible internal elements are not accessible, and preferably to include: a fingerprint reader (2) or plus each one, characterized by being located strategically inside a control (3) -handle, button or similar- and by having the fingerprint of the user or users on the recognition software card; a sensor (4) or more each, thermal or/and pulse, characterized by being located next to the previous piece; an electronic connection (5), from the mentioned pieces, characterized by preferably comprising an unlocking command in the event of a fingerprint in coincident contact and detected together with ""normal"" contacts, temperature or/and pulse, and a counter-order in the face of non-coincident fingerprint or no normal contacts, temperature or pulse or in the absence of energy; an internal locking/unlocking part (6) characterized by being connected to said electronic connection (5) and, mechanically, electrically or/and electronically, to any of the locks or drive feeders; an energy source (7); a complementary modem; a complementary timer connected to a permanent disable system; complementary ""placebo"" elements.",firearm,abstract,"Safety covers for controls, handle, push button or similar, in weapons and transport, characterized by the covers (1) having a delimiting design with a digital location, preferably with ergonomic relief, a material with at least one section that is transparent inwards and preferably in greater extent than outwards, in such a way that its possible internal elements are not distinguishable, and a compact final assembly, in such a way that its possible internal elements are not accessible, and preferably to include: a fingerprint reader (2) or plus each one, characterized by being located strategically inside a control (3) -handle, button or similar- and by having the fingerprint of the user or users on the recognition software card; a sensor (4) or more each, thermal or/and pulse, characterized by being located next to the previous piece; an electronic connection (5), from the mentioned pieces, characterized by preferably comprising an unlocking command in the event of a fingerprint in coincident contact and detected together with ""normal"" contacts, temperature or/and pulse, and a counter-order in the face of non-coincident fingerprint or no normal contacts, temperature or pulse or in the absence of energy; an internal locking/unlocking part (6) characterized by being connected to said electronic connection (5) and, mechanically, electrically or/and electronically, to any of the locks or drive feeders; an energy source (7); a complementary modem; a complementary timer connected to a permanent disable system; complementary ""placebo"" elements.",E,abstract,"Safety covers for controls, handle, push button or similar, in weapons and transport, characterized by the covers (1) having a delimiting design with a digital location, preferably with ergonomic relief, a material with at least one section that is transparent inwards and preferably in greater extent than outwards, in such a way that its possible internal elements are not distinguishable, and a compact final assembly, in such a way that its possible internal elements are not accessible, and preferably to include: a fingerprint reader (2) or plus each one, characterized by being located strategically inside a control (3) -handle, button or similar- and by having the fingerprint of the user or users on the recognition software card; a sensor (4) or more each, thermal or/and pulse, characterized by being located next to the previous piece; an electronic connection (5), from the mentioned pieces, characterized by preferably comprising an unlocking command in the event of a fingerprint in coincident contact and detected together with ""normal"" contacts, temperature or/and pulse, and a counter-order in the face of non-coincident fingerprint or no normal contacts, temperature or pulse or in the absence of energy; an internal locking/unlocking part (6) characterized by being connected to said electronic connection (5) and, mechanically, electrically or/and electronically, to any of the locks or drive feeders; an energy source (7); a complementary modem; a complementary timer connected to a permanent disable system; complementary ""placebo"" elements.",,A,,,,A,,,,E,abstract,"Safety covers for controls, handle, push button or similar, in weapons and transport, characterized by the covers (1) having a delimiting design with a digital location, preferably with ergonomic relief, a material with at least one section that is transparent inwards and preferably in greater extent than outwards, in such a way that its possible internal elements are not distinguishable, and a compact final assembly, in such a way that its possible internal elements are not accessible, and preferably to include: a fingerprint reader (2) or plus each one, characterized by being located strategically inside a control (3) -handle, button or similar- and by having the fingerprint of the user or users on the recognition software card; a sensor (4) or more each, thermal or/and pulse, characterized by being located next to the previous piece; an electronic connection (5), from the mentioned pieces, characterized by preferably comprising an unlocking command in the event of a fingerprint in coincident contact and detected together with ""normal"" contacts, temperature or/and pulse, and a counter-order in the face of non-coincident fingerprint or no normal contacts, temperature or pulse or in the absence of energy; an internal locking/unlocking part (6) characterized by being connected to said electronic connection (5) and, mechanically, electrically or/and electronically, to any of the locks or drive feeders; an energy source (7); a complementary modem; a complementary timer connected to a permanent disable system; complementary ""placebo"" elements.",,A,,,,A,,,,A,,,,A,,,,A,,,,A,,,,2 established; 2 explicit,True,100,0,32.0,32.0,M,0,2,52,[],{},{},10.0,12.0,0.0,0.0,10.0,0.0,0.0,0.0,0.0,0.0,0.0,0.0
BC001-D67AC2E0CFF6,Lightweight trigger mechanism-based instant threat early warning and active traceability deterrence method and system in power system network,"The invention discloses an instant threat early warning and active traceability deterrence method and system based on a lightweight trigger mechanism in a power system network, and relates to the field of power system network security. According to the method, a light load trip line is preset at a key node, a suspicious attack log is generated in combination with a hidden Markov model, and multi-channel instant early warning is triggered; extracting multi-dimensional fingerprints of a browser, hardware and a special network weapon to construct a warehouse, and generating three types of flight fragments of deep acquisition, remote control and vulnerability repair for precise delivery; and performing confusion packing processing on the control software, and realizing active traceability deterrence in a matching/non-matching mode. According to the invention, threat identification accuracy and response speed are improved, an active defense closed loop is formed, and the method is suitable for security protection of a power system network.",firearm,abstract,"According to the method, a light load trip line is preset at a key node, a suspicious attack log is generated in combination with a hidden Markov model, and multi-channel instant early warning is triggered; extracting multi-dimensional fingerprints of a browser, hardware and a special network weapon to construct a warehouse, and generating three types of flight fragments of deep acquisition, remote control and vulnerability repair for precise delivery; and performing confusion packing processing on the control software, and realizing active traceability deterrence in a matching/non-matching mode.",E,abstract,"According to the method, a light load trip line is preset at a key node, a suspicious attack log is generated in combination with a hidden Markov model, and multi-channel instant early warning is triggered; extracting multi-dimensional fingerprints of a browser, hardware and a special network weapon to construct a warehouse, and generating three types of flight fragments of deep acquisition, remote control and vulnerability repair for precise delivery; and performing confusion packing processing on the control software, and realizing active traceability deterrence in a matching/non-matching mode.",,A,,,,A,,,,E,title,Lightweight trigger mechanism-based instant threat early warning and active traceability deterrence method and system in power system network,,A,,,,A,,,,A,,,,A,,,,A,,,,A,,,,2 established; 2 explicit,False,100,0,32.0,32.0,M,0,2,53,[],{},{},10.0,12.0,0.0,0.0,10.0,0.0,0.0,0.0,0.0,0.0,0.0,0.0
BC001-11EE61D254C5,Firearm authentication and tracking system,"A system and method for managing one or more firearms having an authentication device is described. The method may receive a profile of one or more firearm users. The profile of the one or more firearm users may be registered to access one or more authentication devices coupled to one or more firearms. A usage of the one or more firearms coupled to the authentication devices may be tracked via the profile of the firearm user. The system can include a central server, a secure management station with a secure application, a docking station, a respective firearm lock or authentication device for each firearm and an enrollment station, each communicating in a secure manner, to globally manage a plurality of firearms.",firearm,title,Firearm authentication and tracking system,A,,,,I,abstract,The profile of the one or more firearm users may be registered to access one or more authentication devices coupled to one or more firearms.,"User profiles are registered for access to firearm-coupled authentication devices: The profile of the one or more firearm users may be registered to access one or more authentication devices coupled to one or more firearms. A firearm lock is separately stated: The system can include a central server, a secure management station with a secure application, a docking station, a respective firearm lock or authentication device for each firearm and an enrollment station, each communicating in a secure manner, to globally manage a plurality of firearms. Registration-mediated access to that firearm lock supports inferred operating control; no biometric modality is inferred.",A,,,,E,title,Firearm authentication and tracking system,,E,abstract,"The system can include a central server, a secure management station with a secure application, a docking station, a respective firearm lock or authentication device for each firearm and an enrollment station, each communicating in a secure manner, to globally manage a plurality of firearms.",,A,,,,A,,,,A,,,,A,,,,I,abstract,"The system can include a central server, a secure management station with a secure application, a docking station, a respective firearm lock or authentication device for each firearm and an enrollment station, each communicating in a secure manner, to globally manage a plurality of firearms.",The system transmits to an external destination and separately collects firearm data; transmission of that data is inferred.,2 established; 1 explicit,False,100,0,30.6,30.6,M,0,1,54,[],{},{},10.0,0.0,5.6,0.0,10.0,4.0,0.0,0.0,0.0,0.0,1.0,0.0
BC001-22FF7561CA89,Electronic lock system of firearms trigger,"The Electronic Lock System of Firearms Trigger receives a long-distance command (remote control), via radio control, to lock the trigger of the weapon, verifies the database if this command is valid and sent by management team and, if so, keeps the trigger locked or locks it, and does not allow unauthorized people make use of the weapon. The Electronic Locking System of Firearms Trigger consists of a transceiver - transmitter / receiver (2), which will receive the command from long- distance lock. The received information will be analyzed by a microcontroller (3) that it will give the permission to make shots. The decision will be sent to a microdrive (4) that, if the user has authorization, or if there is no order of locked, release the trigger (6). If the user has been unauthorized remotely by management team, the trigger (6) will not be released. If the trigger (6) already released and a locked command is sent during use, a decision will be sent from the microcontroller (3) to the microdrive (4), that it will lock the trigger (6) and prevent the user from making new shots.",firearm,title,Electronic lock system of firearms trigger,A,,,,E,abstract,"The Electronic Lock System of Firearms Trigger receives a long-distance command (remote control), via radio control, to lock the trigger of the weapon, verifies the database if this command is valid and sent by management team and, if so, keeps the trigger locked or locks it, and does not allow unauthorized people make use of the weapon.",,A,,,,A,,,,E,abstract,"The Electronic Lock System of Firearms Trigger receives a long-distance command (remote control), via radio control, to lock the trigger of the weapon, verifies the database if this command is valid and sent by management team and, if so, keeps the trigger locked or locks it, and does not allow unauthorized people make use of the weapon.",,A,,,,A,,,,A,,,,A,,,,A,,,,1 established; 1 explicit,False,100,0,30.0,30.0,M,0,1,55,[],{},{},10.0,0.0,16.0,0.0,0.0,4.0,0.0,0.0,0.0,0.0,0.0,0.0
BC001-61AD482D45CE,Firearm with User Identification System,"A firearm system includes a firearm and a user identification system built-in with the firearm. The user identification system includes a locking module that releasably locks up a trigger-actuated firing mechanism of the firearm from being actuated, a camera module being activated for generating tangible evidence of operation incidents, and an activation module operatively linked to the locking module. The activation module pre-stores authorized user data and continuously collects user operation data not only to activate the camera module for capturing image but also to actuate the locking module to unlock the trigger-actuated firing mechanism when the authorized user data is matched with the user operation data. Once the authorized user data is not match with the user operation data, the trigger-actuated firing mechanism is instantaneously locked to prevent an unauthorized usage of the firearm.",firearm,title,Firearm with User Identification System,A,,,,E,abstract,The activation module pre-stores authorized user data and continuously collects user operation data not only to activate the camera module for capturing image but also to actuate the locking module to unlock the trigger-actuated firing mechanism when the authorized user data is matched with the user operation data.,,A,,,,I,abstract,The activation module pre-stores authorized user data and continuously collects user operation data not only to activate the camera module for capturing image but also to actuate the locking module to unlock the trigger-actuated firing mechanism when the authorized user data is matched with the user operation data.,Data recording or positioning is described within this firearm system; firearm data collection is inferred from that context.,A,,,,A,,,,A,,,,A,,,,A,,,,A,,,,2 established; 1 explicit,False,100,0,29.5,29.5,L,0,1,56,[],{},{},10.0,0.0,16.0,0.0,3.5,0.0,0.0,0.0,0.0,0.0,0.0,0.0
BC001-8D96485A81C2,"Magazine based, firearm safety apparatus for modifying existing firearms employing a digital, close proximity communications system and a low power electro-permanent magnet interlock system","A magazine-based firearm interlock that can be added to a commercial firearm, with a release/locking device on the firing mechanisms enabled by an electro-permanent magnet, control electronics in the removable magazine, and authorized through a wearable authorization device. Modifications are applied to the trigger bar or sear mechanism which enables it to be changed to an unlocked state, which allows a shot to be fired, and to a locked state, which prevents a shot from being fired. A communication system includes a chip set in the firearm magazine that communicates with a FOB carried by the user, which authenticates the user and activates the electro-permanent magnet to enable the firearm to fire. This system is preferably a near field communication system that couples to and transmits across the body of the user. Indicators can be included to indicate the operational state of the interlock and to detect and record discharges.",firearm,title,"Magazine based, firearm safety apparatus for modifying existing firearms employing a digital, close proximity communications system and a low power electro-permanent magnet interlock system",A,,,,E,abstract,"A magazine-based firearm interlock that can be added to a commercial firearm, with a release/locking device on the firing mechanisms enabled by an electro-permanent magnet, control electronics in the removable magazine, and authorized through a wearable authorization device.",,A,,,,I,abstract,Indicators can be included to indicate the operational state of the interlock and to detect and record discharges.,Data recording or positioning is described within this firearm system; firearm data collection is inferred from that context.,A,,,,A,,,,A,,,,A,,,,A,,,,A,,,,2 established; 1 explicit,False,100,0,29.5,29.5,L,0,1,57,[],{},{},10.0,0.0,16.0,0.0,3.5,0.0,0.0,0.0,0.0,0.0,0.0,0.0
BC001-20C82951D616,Safety control device for fire guns,"The invention discloses a safety control device for fire guns. A battery module, a motion sensing module, a remote communication module, an identity verifying module and an electronic unlocking moduleof the safety control device for the fire guns are separately connected to a controller mutually; the input end of a lock body is connected to the output end of the electronic unlocking module; the motion sensing module is used for obtaining a motion state of the controller, and outputting a motion state signal to the controller; the controller outputs the motion state signal, and outputs a firstcontrol signal for controlling on/off of the remote communication module; the remote communication module receives an authorized signal of a remote server, and outputs a first unlocking signal to thecontroller; the identify verifying module receives a biological identifying signal of a fire gun user to verify, and outputs a second unlocking signal to the controller after verification is passed;and the electronic unlocking module is used for controlling opening of the lock body according to the first unlocking signal and/or the second unlocking signal. The scheme improves use safety of the gun fires of a gun fire unit.",attached_firing_control,title,Safety control device for fire guns,A,,,,E,abstract,"A battery module, a motion sensing module, a remote communication module, an identity verifying module and an electronic unlocking moduleof the safety control device for the fire guns are separately connected to a controller mutually; the input end of a lock body is connected to the output end of the electronic unlocking module; the motion sensing module is used for obtaining a motion state of the controller, and outputting a motion state signal to the controller; the controller outputs the motion state signal, and outputs a firstcontrol signal for controlling on/off of the remote communication module; the remote communication module receives an authorized signal of a remote server, and outputs a first unlocking signal to thecontroller; the identify verifying module receives a biological identifying signal of a fire gun user to verify, and outputs a second unlocking signal to the controller after verification is passed;and the electronic unlocking module is used for controlling opening of the lock body according to the first unlocking signal and/or the second unlocking signal.",,A,,,,A,,,,E,abstract,"A battery module, a motion sensing module, a remote communication module, an identity verifying module and an electronic unlocking moduleof the safety control device for the fire guns are separately connected to a controller mutually; the input end of a lock body is connected to the output end of the electronic unlocking module; the motion sensing module is used for obtaining a motion state of the controller, and outputting a motion state signal to the controller; the controller outputs the motion state signal, and outputs a firstcontrol signal for controlling on/off of the remote communication module; the remote communication module receives an authorized signal of a remote server, and outputs a first unlocking signal to thecontroller; the identify verifying module receives a biological identifying signal of a fire gun user to verify, and outputs a second unlocking signal to the controller after verification is passed;and the electronic unlocking module is used for controlling opening of the lock body according to the first unlocking signal and/or the second unlocking signal.",,A,,,,A,,,,A,,,,A,,,,A,,,,1 established; 1 explicit,False,100,0,28.0,28.0,L,0,1,58,[],{},{},8.0,0.0,16.0,0.0,0.0,4.0,0.0,0.0,0.0,0.0,0.0,0.0
BC001-003BA51ACBFF,Institutional Weapons System,"A system of weapon oversight and control is revealed. One or more Authorized Weapon Operators are authenticated, and the weapons are authorized for use by a Remote Authority who is updated in real time by 360 by 360 video and sound as to who is wielding the weapon, the location of the weapon, and the current use of the weapon. The weapon is authorized and deauthorized to fire or not fire by the Remote Authority, giving oversite and operability of the weapon to the Remote Authority.",firearm,title,Institutional Weapons System,A,,,,A,,,,A,,,,E,abstract,"One or more Authorized Weapon Operators are authenticated, and the weapons are authorized for use by a Remote Authority who is updated in real time by 360 by 360 video and sound as to who is wielding the weapon, the location of the weapon, and the current use of the weapon.",,E,abstract,"One or more Authorized Weapon Operators are authenticated, and the weapons are authorized for use by a Remote Authority who is updated in real time by 360 by 360 video and sound as to who is wielding the weapon, the location of the weapon, and the current use of the weapon.",,A,,,,A,,,,A,,,,A,,,,E,abstract,"One or more Authorized Weapon Operators are authenticated, and the weapons are authorized for use by a Remote Authority who is updated in real time by 360 by 360 video and sound as to who is wielding the weapon, the location of the weapon, and the current use of the weapon.",,1 established; 1 explicit,True,100,0,28.0,28.0,L,0,1,59,[],{},{},10.0,0.0,0.0,0.0,10.0,4.0,0.0,0.0,0.0,0.0,4.0,0.0
BC001-213F680B77F0,Geolocation-reporting weapon-tracking device,"Provided is a method that includes determining a device geolocation based on a satellite signal received by a weapon-tracking device and receiving a sensor reading using a sensor attached to the weapon-tracking device, wherein the sensor is sensitive to a use of the weapon. The instructions include determining that a change in the sensor reading satisfies a change threshold and, in response to a determination that the change threshold is satisfied, transmitting device state data to a wireless signal receiver via a wireless signal, wherein the device state data comprises a device identifier and the device geolocation. The instructions further include storing the device identifier and the device geolocation in a data server in communication with the wireless signal receiver and transmitting a message based on the device identifier and device geolocation to a client from the data server.",firearm,title,Geolocation-reporting weapon-tracking device,A,,,,A,,,,A,,,,E,title,Geolocation-reporting weapon-tracking device,,E,abstract,The instructions further include storing the device identifier and the device geolocation in a data server in communication with the wireless signal receiver and transmitting a message based on the device identifier and device geolocation to a client from the data server.,,A,,,,A,,,,A,,,,A,,,,E,abstract,The instructions further include storing the device identifier and the device geolocation in a data server in communication with the wireless signal receiver and transmitting a message based on the device identifier and device geolocation to a client from the data server.,,1 established; 1 explicit,True,100,0,28.0,28.0,L,0,1,60,[],{},{},10.0,0.0,0.0,0.0,10.0,4.0,0.0,0.0,0.0,0.0,4.0,0.0
BC001-5A524A522344,System for automated respiratory medicine delivery,"A system for automated respiratory medicine delivery is comprising, an inhaler 101 is equipped with a gun barrel assembly 102 at its bottom periphery to dispense respiratory medicine to a user, multiple canisters 103 within the assembly 102 is paired with an actuator 104 for controlled dispensing of respective medicine, an AI (artificial intelligence)-enabled camera 105 with embedded optical character recognition (OCR) is positioned on the inhaler's outer surface to extract dosage information from medical prescriptions, a wristband 106, communicatively linked to the inhaler 101, is embedded with multiple health monitoring sensors, a GPS module for tracking the user's location, a microphone 107 to monitor voice and coughing patterns in real time, a database stores user respiratory health data, a mobile application on a computing device allows user interaction with system functions, a buzzer 109 and speaker 110 on the wristband 106 provide alerts.",firearm,abstract,"A system for automated respiratory medicine delivery is comprising, an inhaler 101 is equipped with a gun barrel assembly 102 at its bottom periphery to dispense respiratory medicine to a user, multiple canisters 103 within the assembly 102 is paired with an actuator 104 for controlled dispensing of respective medicine, an AI (artificial intelligence)-enabled camera 105 with embedded optical character recognition (OCR) is positioned on the inhaler's outer surface to extract dosage information from medical prescriptions, a wristband 106, communicatively linked to the inhaler 101, is embedded with multiple health monitoring sensors, a GPS module for tracking the user's location, a microphone 107 to monitor voice and coughing patterns in real time, a database stores user respiratory health data, a mobile application on a computing device allows user interaction with system functions, a buzzer 109 and speaker 110 on the wristband 106 provide alerts.",A,,,,A,,,,A,,,,E,abstract,"A system for automated respiratory medicine delivery is comprising, an inhaler 101 is equipped with a gun barrel assembly 102 at its bottom periphery to dispense respiratory medicine to a user, multiple canisters 103 within the assembly 102 is paired with an actuator 104 for controlled dispensing of respective medicine, an AI (artificial intelligence)-enabled camera 105 with embedded optical character recognition (OCR) is positioned on the inhaler's outer surface to extract dosage information from medical prescriptions, a wristband 106, communicatively linked to the inhaler 101, is embedded with multiple health monitoring sensors, a GPS module for tracking the user's location, a microphone 107 to monitor voice and coughing patterns in real time, a database stores user respiratory health data, a mobile application on a computing device allows user interaction with system functions, a buzzer 109 and speaker 110 on the wristband 106 provide alerts.",,E,abstract,"A system for automated respiratory medicine delivery is comprising, an inhaler 101 is equipped with a gun barrel assembly 102 at its bottom periphery to dispense respiratory medicine to a user, multiple canisters 103 within the assembly 102 is paired with an actuator 104 for controlled dispensing of respective medicine, an AI (artificial intelligence)-enabled camera 105 with embedded optical character recognition (OCR) is positioned on the inhaler's outer surface to extract dosage information from medical prescriptions, a wristband 106, communicatively linked to the inhaler 101, is embedded with multiple health monitoring sensors, a GPS module for tracking the user's location, a microphone 107 to monitor voice and coughing patterns in real time, a database stores user respiratory health data, a mobile application on a computing device allows user interaction with system functions, a buzzer 109 and speaker 110 on the wristband 106 provide alerts.",,A,,,,A,,,,A,,,,A,,,,E,abstract,"A system for automated respiratory medicine delivery is comprising, an inhaler 101 is equipped with a gun barrel assembly 102 at its bottom periphery to dispense respiratory medicine to a user, multiple canisters 103 within the assembly 102 is paired with an actuator 104 for controlled dispensing of respective medicine, an AI (artificial intelligence)-enabled camera 105 with embedded optical character recognition (OCR) is positioned on the inhaler's outer surface to extract dosage information from medical prescriptions, a wristband 106, communicatively linked to the inhaler 101, is embedded with multiple health monitoring sensors, a GPS module for tracking the user's location, a microphone 107 to monitor voice and coughing patterns in real time, a database stores user respiratory health data, a mobile application on a computing device allows user interaction with system functions, a buzzer 109 and speaker 110 on the wristband 106 provide alerts.",,1 established; 1 explicit,True,100,0,28.0,28.0,L,0,1,61,[],{},{},10.0,0.0,0.0,0.0,10.0,4.0,0.0,0.0,0.0,0.0,4.0,0.0
BC001-80B6B7BCAA12,Target range management system,"A target range management system disclosed by the present invention comprises an identity collector used for collecting the identity information of a shooting user at a target position; an identity verification server which is used for being in communication connection with the identity collector, obtaining the identity information sent by the identity collector and verifying the identity information; and a target range weapon control server which is used for being connected with the identity verification server and unlocking a weapon for the target position when the identity information passes the verification. Through the arrangement of the identity collector and the identity verification server, the purpose of verifying the collected identity of the shooting user is achieved, the effectof managing the shooting user is achieved, and the problems that in related shooting training management, due to dependence on manual management, the management efficiency is low, and the identity ofthe user cannot be distinguished are solved.",firearm,abstract,"A target range management system disclosed by the present invention comprises an identity collector used for collecting the identity information of a shooting user at a target position; an identity verification server which is used for being in communication connection with the identity collector, obtaining the identity information sent by the identity collector and verifying the identity information; and a target range weapon control server which is used for being connected with the identity verification server and unlocking a weapon for the target position when the identity information passes the verification.",A,,,,A,,,,A,,,,E,abstract,"A target range management system disclosed by the present invention comprises an identity collector used for collecting the identity information of a shooting user at a target position; an identity verification server which is used for being in communication connection with the identity collector, obtaining the identity information sent by the identity collector and verifying the identity information; and a target range weapon control server which is used for being connected with the identity verification server and unlocking a weapon for the target position when the identity information passes the verification.",,E,abstract,"A target range management system disclosed by the present invention comprises an identity collector used for collecting the identity information of a shooting user at a target position; an identity verification server which is used for being in communication connection with the identity collector, obtaining the identity information sent by the identity collector and verifying the identity information; and a target range weapon control server which is used for being connected with the identity verification server and unlocking a weapon for the target position when the identity information passes the verification.",,A,,,,A,,,,A,,,,A,,,,E,abstract,"A target range management system disclosed by the present invention comprises an identity collector used for collecting the identity information of a shooting user at a target position; an identity verification server which is used for being in communication connection with the identity collector, obtaining the identity information sent by the identity collector and verifying the identity information; and a target range weapon control server which is used for being connected with the identity verification server and unlocking a weapon for the target position when the identity information passes the verification.",,1 established; 1 explicit,False,100,0,28.0,28.0,L,0,1,62,[],{},{},10.0,0.0,0.0,0.0,10.0,4.0,0.0,0.0,0.0,0.0,4.0,0.0
BC001-B37733766ABE,Anti-dismounting device of gun law enforcement recorder,"The utility model relates to an anti-dismounting device, in particular to an anti-dismounting device of a gun law enforcement recorder. The device comprises a first shell and a second shell, the two parts are combined to form a cavity in which the law enforcement recorder is arranged; the device further comprises a first sealing box, a second sealing box, an unlocking device, a second fixing frame, a self-locking device, a second shell, a connecting piece and a fixing piece, the two ends of the second fixing frame and the two ends of the first fixing frame are connected and wrap the first shell and the second shell respectively, and the edges of the two shells are clamped in inner grooves of the first fixing frame and the second fixing frame; the self-locking device is mounted in the firstsealing box and the second sealing box; the law enforcement recorder protection device overcomes the defects that an existing law enforcement recorder is directly exposed and a single machine storesinformation, can prevent the law enforcement recorder from being damaged deliberately, can automatically identify risks, and can transmit law enforcement information to an information terminal in time.",firearm,title,Anti-dismounting device of gun law enforcement recorder,A,,,,A,,,,A,,,,E,title,Anti-dismounting device of gun law enforcement recorder,,E,title,Anti-dismounting device of gun law enforcement recorder,,A,,,,A,,,,A,,,,A,,,,E,abstract,"The device comprises a first shell and a second shell, the two parts are combined to form a cavity in which the law enforcement recorder is arranged; the device further comprises a first sealing box, a second sealing box, an unlocking device, a second fixing frame, a self-locking device, a second shell, a connecting piece and a fixing piece, the two ends of the second fixing frame and the two ends of the first fixing frame are connected and wrap the first shell and the second shell respectively, and the edges of the two shells are clamped in inner grooves of the first fixing frame and the second fixing frame; the self-locking device is mounted in the firstsealing box and the second sealing box; the law enforcement recorder protection device overcomes the defects that an existing law enforcement recorder is directly exposed and a single machine storesinformation, can prevent the law enforcement recorder from being damaged deliberately, can automatically identify risks, and can transmit law enforcement information to an information terminal in time.",,1 established; 1 explicit,False,100,0,28.0,28.0,L,0,1,63,[],{},{},10.0,0.0,0.0,0.0,10.0,4.0,0.0,0.0,0.0,0.0,4.0,0.0
BC001-C91DE21B43BA,An acoustic gunshot detection and alerting system using wireless rf communication networks,"An Acoustic Gunshot Detection and Alerting System Using Wireless RF Communication Networks comprises of Processing Unit (01), MEMS Microphone Sensor (02), Sound Pressure Level Sensor (03), Infrasound Detection Sensor (04), Real-Time Clock Module (05), nRF Wireless Communication Module (06), Power Supply Unit (07), Processing Unit (30), GPS Localization Module (31), Motion Detection Sensor (32), Image Capture Module (33), Vibration Detection Sensor (34), nRF Wireless Communication Module (35), Power Supply Unit (36), Processing Unit (60), Temperature and Humidity Sensor (61), Wind Speed Sensor (62), Ambient Light Sensor (63), Rain Detection Sensor (64), nRF Wireless Communication Module (65), Power Supply Unit (66), Processing Unit (80), nRF Coordinator Module (81), GSM Communication Module (82), Cloud Data Logging Module (83), Alert Display Unit (84), Cloud Server / Monitoring Dashboard (85), Power Supply Unit (86). The Acoustic Sensing and Detection Node (Node 1), equipped with a MEMS Microphone, SPL Meter, Infrasound Sensor, Real-Time Clock (RTC) Module, nRF Module, and Power Supply, enables continuous multilayered automated gunshot acoustic signature detection by simultaneously capturing high-sensitivity acoustic waveforms, measuring impulsive sound pressure events exceeding gunshot thresholds, and detecting low-frequency blast pressure waves uniquely characteristic of firearm discharges, ensuring real-time gunshot event detection with legally precise timestamped incident records wirelessly transmitted to the centralized incident management platform.",firearm,abstract,"The Acoustic Sensing and Detection Node (Node 1), equipped with a MEMS Microphone, SPL Meter, Infrasound Sensor, Real-Time Clock (RTC) Module, nRF Module, and Power Supply, enables continuous multilayered automated gunshot acoustic signature detection by simultaneously capturing high-sensitivity acoustic waveforms, measuring impulsive sound pressure events exceeding gunshot thresholds, and detecting low-frequency blast pressure waves uniquely characteristic of firearm discharges, ensuring real-time gunshot event detection with legally precise timestamped incident records wirelessly transmitted to the centralized incident management platform.",A,,,,A,,,,A,,,,E,abstract,"An Acoustic Gunshot Detection and Alerting System Using Wireless RF Communication Networks comprises of Processing Unit (01), MEMS Microphone Sensor (02), Sound Pressure Level Sensor (03), Infrasound Detection Sensor (04), Real-Time Clock Module (05), nRF Wireless Communication Module (06), Power Supply Unit (07), Processing Unit (30), GPS Localization Module (31), Motion Detection Sensor (32), Image Capture Module (33), Vibration Detection Sensor (34), nRF Wireless Communication Module (35), Power Supply Unit (36), Processing Unit (60), Temperature and Humidity Sensor (61), Wind Speed Sensor (62), Ambient Light Sensor (63), Rain Detection Sensor (64), nRF Wireless Communication Module (65), Power Supply Unit (66), Processing Unit (80), nRF Coordinator Module (81), GSM Communication Module (82), Cloud Data Logging Module (83), Alert Display Unit (84), Cloud Server / Monitoring Dashboard (85), Power Supply Unit (86).",,E,abstract,"An Acoustic Gunshot Detection and Alerting System Using Wireless RF Communication Networks comprises of Processing Unit (01), MEMS Microphone Sensor (02), Sound Pressure Level Sensor (03), Infrasound Detection Sensor (04), Real-Time Clock Module (05), nRF Wireless Communication Module (06), Power Supply Unit (07), Processing Unit (30), GPS Localization Module (31), Motion Detection Sensor (32), Image Capture Module (33), Vibration Detection Sensor (34), nRF Wireless Communication Module (35), Power Supply Unit (36), Processing Unit (60), Temperature and Humidity Sensor (61), Wind Speed Sensor (62), Ambient Light Sensor (63), Rain Detection Sensor (64), nRF Wireless Communication Module (65), Power Supply Unit (66), Processing Unit (80), nRF Coordinator Module (81), GSM Communication Module (82), Cloud Data Logging Module (83), Alert Display Unit (84), Cloud Server / Monitoring Dashboard (85), Power Supply Unit (86).",,A,,,,A,,,,A,,,,A,,,,E,abstract,"An Acoustic Gunshot Detection and Alerting System Using Wireless RF Communication Networks comprises of Processing Unit (01), MEMS Microphone Sensor (02), Sound Pressure Level Sensor (03), Infrasound Detection Sensor (04), Real-Time Clock Module (05), nRF Wireless Communication Module (06), Power Supply Unit (07), Processing Unit (30), GPS Localization Module (31), Motion Detection Sensor (32), Image Capture Module (33), Vibration Detection Sensor (34), nRF Wireless Communication Module (35), Power Supply Unit (36), Processing Unit (60), Temperature and Humidity Sensor (61), Wind Speed Sensor (62), Ambient Light Sensor (63), Rain Detection Sensor (64), nRF Wireless Communication Module (65), Power Supply Unit (66), Processing Unit (80), nRF Coordinator Module (81), GSM Communication Module (82), Cloud Data Logging Module (83), Alert Display Unit (84), Cloud Server / Monitoring Dashboard (85), Power Supply Unit (86).",,1 established; 1 explicit,True,100,0,28.0,28.0,L,0,1,64,[],{},{},10.0,0.0,0.0,0.0,10.0,4.0,0.0,0.0,0.0,0.0,4.0,0.0
BC001-184DC4300721,It's a firearm with security,"The invention relates to a firearm (10) that can only be used by the owner of the gun, which does not allow firing by sensing people in firearms, particularly hunting rifles.",firearm,title,It's a firearm with security,A,,,,E,abstract,"The invention relates to a firearm (10) that can only be used by the owner of the gun, which does not allow firing by sensing people in firearms, particularly hunting rifles.",,A,,,,A,,,,A,,,,A,,,,A,,,,A,,,,A,,,,A,,,,1 established; 1 explicit,False,100,0,26.0,26.0,L,0,1,65,[],{},{},10.0,0.0,16.0,0.0,0.0,0.0,0.0,0.0,0.0,0.0,0.0,0.0
BC001-330834BF046B,Systems and methods for preventing friendly fire through infrared recognition and authentication,"Systems and methods prevent friendly fire using infrared object recognition. An IR projector projects a beam of IR radiation at a first wavelength onto the object and an IR detector, having a field of view of the object, detects IR fluorescence from the object, where a wavelength of the fluorescence is a function of the first wavelength. The system includes a memory for storing software having machine readable instructions that, when executed by a processor, perform the steps of: (a) controlling the IR projector to generate IR at the first wavelength; (b) controlling the IR detector to capture the object fluorescence; and (c) identifying the object as friendly or non-friendly based upon the object fluorescence. The system further includes an inhibitor for preventing firing of a gun or missile when the object is identified as friendly.",firearm,abstract,The system further includes an inhibitor for preventing firing of a gun or missile when the object is identified as friendly.,A,,,,E,title,Systems and methods for preventing friendly fire through infrared recognition and authentication,,A,,,,A,,,,A,,,,A,,,,A,,,,A,,,,A,,,,A,,,,1 established; 1 explicit,False,100,0,26.0,26.0,L,0,1,66,[],{},{},10.0,0.0,16.0,0.0,0.0,0.0,0.0,0.0,0.0,0.0,0.0,0.0
BC001-537A57AAAB15,System and method for protecting items stored in a cargo area of a vehicle,"The present disclosure provides a system and method for protecting items stored in a cargo area of a vehicle. The present disclosure generally relates to systems and methods for securing items in a vehicle. An exemplary method may include a processor receiving a primary trigger to unlock a door of the vehicle, and then unlocking the door to allow access to a cargo hold. An auxiliary trigger for unlocking a safety lock that is part of a cargo item holder located in the cargo hold may then be received. The processor may perform an authentication procedure on the secondary trigger and unlock the security lock based on successful authentication of the secondary trigger. In an exemplary embodiment, the cargo item holder is a gun rack including a safety lock, the primary trigger may be a signal generated by activating a button switch, and the secondary trigger may be a verbal command, a signal generated by a smart tag, or an image of an individual.",firearm,abstract,"In an exemplary embodiment, the cargo item holder is a gun rack including a safety lock, the primary trigger may be a signal generated by activating a button switch, and the secondary trigger may be a verbal command, a signal generated by a smart tag, or an image of an individual.",A,,,,E,abstract,The processor may perform an authentication procedure on the secondary trigger and unlock the security lock based on successful authentication of the secondary trigger.,,A,,,,A,,,,A,,,,A,,,,A,,,,A,,,,A,,,,A,,,,1 established; 1 explicit,False,100,0,26.0,26.0,L,0,1,67,[],{},{},10.0,0.0,16.0,0.0,0.0,0.0,0.0,0.0,0.0,0.0,0.0,0.0
BC001-5DEA83D743EB,Applicator gun products by extrusion.,"Gun applicator product by extrusion, particularly of products provided in cartridges (3) fitted with a piston (3a) and a nozzle (3b) applicator, characterized in that its body (1) cylindrical recess is configured by a stretch front formed on top severable (1a) and a branch rear (1b) attached to the handle (2), in which there is a control valve (5) actuated by the trigger (4), and a duct (6) fluid pressure to the camera ( 7) exists in the branch back (1b) of the body (1), which is susceptible to receive longitudinally of the cartridge (3) which is fixed by the cap (1a), verifying that the nozzle (3b) of said cartridge (3 ) asomada is abroad and piston (3a) faced with camera (7) in a position to receive the action fluid to be pressed the trigger (4).",firearm,title,Applicator gun products by extrusion.,A,,,,E,abstract,"Gun applicator product by extrusion, particularly of products provided in cartridges (3) fitted with a piston (3a) and a nozzle (3b) applicator, characterized in that its body (1) cylindrical recess is configured by a stretch front formed on top severable (1a) and a branch rear (1b) attached to the handle (2), in which there is a control valve (5) actuated by the trigger (4), and a duct (6) fluid pressure to the camera ( 7) exists in the branch back (1b) of the body (1), which is susceptible to receive longitudinally of the cartridge (3) which is fixed by the cap (1a), verifying that the nozzle (3b) of said cartridge (3 ) asomada is abroad and piston (3a) faced with camera (7) in a position to receive the action fluid to be pressed the trigger (4).",,A,,,,A,,,,A,,,,A,,,,A,,,,A,,,,A,,,,A,,,,1 established; 1 explicit,False,100,0,26.0,26.0,L,0,1,68,[],{},{},10.0,0.0,16.0,0.0,0.0,0.0,0.0,0.0,0.0,0.0,0.0,0.0
BC001-7551E82963CA,Electromagnetic gun open safe,"An electromagnetic gun-locking safe, substantially harder to defeat than mere mechanical-system trigger locks, wherein the safe allows visibility of the gun at all times, wherein the safe utilizes over 1000 lbs. of electromagnetic force, and wherein said magnetic force, along with the shape of the safe's enclosure, along with an integrated trigger lock, together prevent the pistol from being removed, moved or slid, and wherein the trigger and other gun mechanisms can not be operated unless the gun owner activates a unique lock configuration system to deactivate said electromagnet to access the gun and its trigger mechanism.",firearm,title,Electromagnetic gun open safe,A,,,,E,abstract,"of electromagnetic force, and wherein said magnetic force, along with the shape of the safe's enclosure, along with an integrated trigger lock, together prevent the pistol from being removed, moved or slid, and wherein the trigger and other gun mechanisms can not be operated unless the gun owner activates a unique lock configuration system to deactivate said electromagnet to access the gun and its trigger mechanism.",,A,,,,A,,,,A,,,,A,,,,A,,,,A,,,,A,,,,A,,,,1 established; 1 explicit,False,100,0,26.0,26.0,L,0,1,69,[],{},{},10.0,0.0,16.0,0.0,0.0,0.0,0.0,0.0,0.0,0.0,0.0,0.0
BC001-87916D7FFA87,Identification control of firearm,"A firearm including a trigger-actuated firing mechanism, a safety device that selectively prevents and permits the firing mechanism to be actuated, and an authentication device that cooperates with the safety device and which recognizes a feature of an authorized shooter, wherein the safety device is nominally in a position that permits the firing mechanism to be actuated and is moved to a position that prevents the firing mechanism from being actuated only if the authentication device does not recognize a would-be shooter as an authorized shooter.",firearm,title,Identification control of firearm,A,,,,E,abstract,"A firearm including a trigger-actuated firing mechanism, a safety device that selectively prevents and permits the firing mechanism to be actuated, and an authentication device that cooperates with the safety device and which recognizes a feature of an authorized shooter, wherein the safety device is nominally in a position that permits the firing mechanism to be actuated and is moved to a position that prevents the firing mechanism from being actuated only if the authentication device does not recognize a would-be shooter as an authorized shooter.",,A,,,,A,,,,A,,,,A,,,,A,,,,A,,,,A,,,,A,,,,1 established; 1 explicit,False,100,0,26.0,26.0,L,0,1,70,[],{},{},10.0,0.0,16.0,0.0,0.0,0.0,0.0,0.0,0.0,0.0,0.0,0.0
BC001-9284F324E789,On -vehicle big gun fire control system checks and accepts rack,"The utility model discloses an on -vehicle big gun fire control system checks and accepts rack belongs to heavy -calibre cannon device testing system technical field. This rack comprises baffle board,barrel, breech, cradle, the platform of putting on the shelf, overturn, high flat -bed machine, orientation machine, march fixer, simulation rammer, seat circle, toolbox and instrument. Transfer biggun with control system's mating reaction in order to realize height, orientation through high flat -bed machine and orientation machine, give rack firing angle and directive. This rack keeps has eachfree installation interface of fire control system, and mounted position and size keep the unanimity with on -vehicle big gun, and the subtotal return portion inertia that rises and falls keeps the unanimity with on -vehicle big gun, after hydraulic system provides power for the rack, and the rack instruction that sent at the gun commander terminal in through fire control system, big gun to assigned position is transferred in the automation. This rack verifies mainly the automation of fire control system under the heel angle of difference transfers the big gun precision whether to meet the demands to save the time of debugging and the manpower of consumption, guaranteed product quality.",firearm,title,On -vehicle big gun fire control system checks and accepts rack,A,,,,E,abstract,"This rack verifies mainly the automation of fire control system under the heel angle of difference transfers the big gun precision whether to meet the demands to save the time of debugging and the manpower of consumption, guaranteed product quality.",,A,,,,A,,,,A,,,,A,,,,A,,,,A,,,,A,,,,A,,,,1 established; 1 explicit,False,100,0,26.0,26.0,L,0,1,71,[],{},{},10.0,0.0,16.0,0.0,0.0,0.0,0.0,0.0,0.0,0.0,0.0,0.0
BC001-A21BBF9BA93F,Security devices and methods for regulating access to items secured within,"Security holsters and methods for securing a firearm are provided. In one example, the security holster includes: a body including a cavity for receiving the firearm; a locking mechanism extending at least partially into the cavity for selectively securing at least a portion of the firearm within the cavity; an access authentication assembly configured to receive/provide authentication data for determining if a requesting user requesting access to the firearm is an authorized user; a device condition sensor configured to provide device condition data associated with at least one of the security holster and an environment in proximity to the security holster; and a computing device operably coupled to the locking mechanism, the access authentication assembly, and the device condition sensor, and configured to regulate the security holster between a locked configuration where access to the firearm is denied and an unlocked configuration where the firearm is accessible.",firearm,abstract,Security holsters and methods for securing a firearm are provided.,A,,,,E,abstract,"In one example, the security holster includes: a body including a cavity for receiving the firearm; a locking mechanism extending at least partially into the cavity for selectively securing at least a portion of the firearm within the cavity; an access authentication assembly configured to receive/provide authentication data for determining if a requesting user requesting access to the firearm is an authorized user; a device condition sensor configured to provide device condition data associated with at least one of the security holster and an environment in proximity to the security holster; and a computing device operably coupled to the locking mechanism, the access authentication assembly, and the device condition sensor, and configured to regulate the security holster between a locked configuration where access to the firearm is denied and an unlocked configuration where the firearm is accessible.",,A,,,,A,,,,A,,,,A,,,,A,,,,A,,,,A,,,,A,,,,1 established; 1 explicit,False,100,0,26.0,26.0,L,0,1,72,[],{},{},10.0,0.0,16.0,0.0,0.0,0.0,0.0,0.0,0.0,0.0,0.0,0.0
BC001-B00F71093F2B,"Apparatus, system, and method for restrictive or selective firearm and smart gun weapon control","A firearm, the firearm comprising: a grip; a transparent window located on the rear of the grip; at least one electromagnetic sensor located within the grip, and configured to receive electromagnetic radiation from outside of the grip through the transparent window; a computing device located in the grip and in communication with the LED and the electromagnetic sensor; where the electromagnetic sensor is configured to detect incoming electromagnetic radiation traveling through the transparent window from outside of the grip; and the computing device is configured to allow the firearm to fire if the computing device determines that the incoming electromagnetic radiation corresponds to an authorized user for the firearm. A firearm system, the firearm comprising: an external charging circuit, the external charging circuit comprising: a resonant inductive coil; a power supply in operable communication with the coil; a rechargeable power storage device in operable communication with the coil; a firearm configured to removably connect to the external charging circuit, the firearm comprising: a resonant inductive coil; a power supply in operable communication with the coil; a rechargeable storage device in operable communication with the coil; firearm electronics in operable communication with the power supply; mechanical controls in operable communication with the power supply; a mechanical squeeze generator in operable communication with the power supply.",firearm,title,"Apparatus, system, and method for restrictive or selective firearm and smart gun weapon control",A,,,,E,abstract,"A firearm, the firearm comprising: a grip; a transparent window located on the rear of the grip; at least one electromagnetic sensor located within the grip, and configured to receive electromagnetic radiation from outside of the grip through the transparent window; a computing device located in the grip and in communication with the LED and the electromagnetic sensor; where the electromagnetic sensor is configured to detect incoming electromagnetic radiation traveling through the transparent window from outside of the grip; and the computing device is configured to allow the firearm to fire if the computing device determines that the incoming electromagnetic radiation corresponds to an authorized user for the firearm.",,A,,,,A,,,,A,,,,A,,,,A,,,,A,,,,A,,,,A,,,,1 established; 1 explicit,False,100,0,26.0,26.0,L,0,1,73,[],{},{},10.0,0.0,16.0,0.0,0.0,0.0,0.0,0.0,0.0,0.0,0.0,0.0
BC001-B870E5C8C781,Electronic arms security system and method for securing a firearm,"The invention relates to an arms security system, comprising a first touch-sensitive user interface for receiving user data characterising a user. This first touch-sensitive user interface is located in a contact area of an arm that is touched by the user in order to shoot. The arms security system also has a control device comprising an input unit for receiving user data, a computer unit for checking user data and an output unit. If the user data check is successful, indicating that the user is authorised to use the arm, the output unit emits a release signal in order to release the trigger mechanism of the arm. The arms security system comprises a user terminal for providing the touch-sensitive user interface with the user data, said terminal having the user data and a body transmission device which is connected to the user for transmitting user data to the first touch-sensitive user interface when the latter is touched.",firearm,title,Electronic arms security system and method for securing a firearm,A,,,,E,abstract,"If the user data check is successful, indicating that the user is authorised to use the arm, the output unit emits a release signal in order to release the trigger mechanism of the arm.",,A,,,,A,,,,A,,,,A,,,,A,,,,A,,,,A,,,,A,,,,1 established; 1 explicit,False,100,0,26.0,26.0,L,0,1,74,[],{},{},10.0,0.0,16.0,0.0,0.0,0.0,0.0,0.0,0.0,0.0,0.0,0.0
BC001-D2A8B4E5B6A1,System for automated verification and configuration of parameters of the fire control system of a heavy robotic system,"FIELD: controlling.SUBSTANCE: invention is intended for fire control systems (FCS) for conventional (non-guided) weapons of heavy ground-based robotic strike systems (HGRSS) based on serial armoured vehicles (AV). The fire control system of a combat vehicle comprises an information-computing sighting system composed of optoelectronic instruments for observation and aiming, for measuring the range to the target and firing, automatic firing condition sensors, and a ballistic computer, as well as a weapon stabilisation and guidance system. The system therein includes an electronic hardware and software unit, supplied at the inputs with electrical signals from the computing apparatus and the control unit of the weapon stabiliser, corresponding to the current values of the controlled parameters, and at the outputs, forming signals providing configuration and display of data on the technical condition of the system for members of the crew or the operator in case of non-crewed application of the object.EFFECT: increase in the efficiency of preparation for combat application of the fire control system of heavy ground-based robotic strike systems based on serial AV.1 cl, 2 dwg, 1 tbl",firearm,abstract,SUBSTANCE: invention is intended for fire control systems (FCS) for conventional (non-guided) weapons of heavy ground-based robotic strike systems (HGRSS) based on serial armoured vehicles (AV).,A,,,,E,title,System for automated verification and configuration of parameters of the fire control system of a heavy robotic system,,A,,,,A,,,,A,,,,A,,,,A,,,,A,,,,A,,,,A,,,,1 established; 1 explicit,False,100,0,26.0,26.0,L,0,1,75,[],{},{},10.0,0.0,16.0,0.0,0.0,0.0,0.0,0.0,0.0,0.0,0.0,0.0
BC001-E75A46118923,A firearm having an intelligent controller,"A firearm having a programmable electronic control (28) for firing electrically ignitable ammunition (17) has a user authorization apparatus (34) and the capability to receive inputs from a plurality of sensors including a magazine presence sensor, a Round-In-Chamber sensor, grip sensors, and a battery status sensor. The electronic control (28) of the present invention has a programmable microcontroller (30), a power supply system using batteries (24), an ignition system that converts low level voltage from the batteries (24) to the required voltage to fire the electrically ignitable ammunition (17), a user authorization apparatus, and an options interface adaptable to receive inputs from system sensors. The firearm of the present invention is programmed to enable firing only if safe and authorized firing conditions are determined. The electronic control (28) can be implemented in either a pistol (1) having an ammunition magazine (23), a multichambered handgun or a revolver.",firearm,title,A firearm having an intelligent controller,A,,,,E,abstract,"A firearm having a programmable electronic control (28) for firing electrically ignitable ammunition (17) has a user authorization apparatus (34) and the capability to receive inputs from a plurality of sensors including a magazine presence sensor, a Round-In-Chamber sensor, grip sensors, and a battery status sensor.",,A,,,,A,,,,A,,,,A,,,,A,,,,A,,,,A,,,,A,,,,1 established; 1 explicit,False,100,0,26.0,26.0,L,0,1,76,[],{},{},10.0,0.0,16.0,0.0,0.0,0.0,0.0,0.0,0.0,0.0,0.0,0.0
BC001-EF849ED5E48A,Firearm,"A firearm (01), characterized by an identity card recognition device (02) which performs the release or blocking for a firing of a shot if a release identity card (03) has been detected.",firearm,title,Firearm,A,,,,E,abstract,"A firearm (01), characterized by an identity card recognition device (02) which performs the release or blocking for a firing of a shot if a release identity card (03) has been detected.",,A,,,,A,,,,A,,,,A,,,,A,,,,A,,,,A,,,,A,,,,1 established; 1 explicit,False,100,0,26.0,26.0,L,0,1,77,[],{},{},10.0,0.0,16.0,0.0,0.0,0.0,0.0,0.0,0.0,0.0,0.0,0.0
BC001-F55191A156EA,Electromechanical sear and methods of operating a gun using the same,"The present disclosure provides systems and techniques for an electromechanical sear that is implementable in a gun. The gun may include a fire control manager, and the fire control manager may identify a trigger break based on a trigger sensor, transmit, based on the trigger break, a first signal to a first actuator located in a displacement path of a sear, so as to cause the first actuator to be displaced in a first direction, and transmit, based on the trigger break, a second signal to a second actuator located in the displacement path of the sear, so as to cause the second actuator to be displaced in a second direction. The transmitting the first signal to the first actuator and the transmitting the second signal to the second actuator may cause displacement of the sear and firing of the gun.",firearm,title,Electromechanical sear and methods of operating a gun using the same,A,,,,E,abstract,"The gun may include a fire control manager, and the fire control manager may identify a trigger break based on a trigger sensor, transmit, based on the trigger break, a first signal to a first actuator located in a displacement path of a sear, so as to cause the first actuator to be displaced in a first direction, and transmit, based on the trigger break, a second signal to a second actuator located in the displacement path of the sear, so as to cause the second actuator to be displaced in a second direction.",,A,,,,A,,,,A,,,,A,,,,A,,,,A,,,,A,,,,A,,,,1 established; 1 explicit,False,100,0,26.0,26.0,L,0,1,78,[],{},{},10.0,0.0,16.0,0.0,0.0,0.0,0.0,0.0,0.0,0.0,0.0,0.0
BC001-6A4BB74FAED2,Method and apparatus for secure issuance of secure firearm identification credentials,"The invention brings together the components of digital image capture and digital fingerprint capture to both speed up and make more secure the process of applying for a firearm permit and the process of issuing a firearm permit. Biometric data captured, such as face and finger, is used in both verifying the applicant's asserted identity (biometric verification) and in ensuring the applicant is not a member of a group (or database) of individuals who should not be granted a permit (biometric identification). Furthermore, the invention discusses issuing a credential that is inherently more secure than printed and laminated credentials that are ubiquitous today. The invention simultaneously improves service to residents via reduced credential issuance timelines, improves the security of who is issued a firearm credential, and improves the integrity of the firearm credential.",firearm,title,Method and apparatus for secure issuance of secure firearm identification credentials,E,abstract,"Biometric data captured, such as face and finger, is used in both verifying the applicant's asserted identity (biometric verification) and in ensuring the applicant is not a member of a group (or database) of individuals who should not be granted a permit (biometric identification).",,A,,,,A,,,,A,,,,E,abstract,"Biometric data captured, such as face and finger, is used in both verifying the applicant's asserted identity (biometric verification) and in ensuring the applicant is not a member of a group (or database) of individuals who should not be granted a permit (biometric identification).",,A,,,,A,,,,A,,,,A,,,,A,,,,1 established; 1 explicit,False,100,0,26.0,26.0,L,0,1,79,[],{},{},10.0,12.0,0.0,0.0,0.0,4.0,0.0,0.0,0.0,0.0,0.0,0.0
BC001-B28BBFADE6F2,Gun lock and a firearm using the gun lock,"A gun lock of a firearm, the gun lock comprising: a plurality of sensors configured to collect profile information of a user of the firearm; a computing system coupled to the plurality of sensors, the computing system configured to determine whether the user of the firearm is authorized to operate the firearm based on the profile information of the user of the firearm and pre-stored authorized profile database; an actuator coupled to the computing system; a first connecting structure mechanically coupled to the actuator; a second connecting structure mechanically coupled to the first connecting structure; and a third connecting structuring mechanically coupled to the second connecting structure, wherein the computing system is configured to generate a control instruction following determining whether the user of the firearm is authorized to operate the firearm, and the computing system is further configured to transmit the control instruction to the actuator.",attached_firing_control,title,Gun lock and a firearm using the gun lock,A,,,,A,,,,A,,,,E,abstract,"A gun lock of a firearm, the gun lock comprising: a plurality of sensors configured to collect profile information of a user of the firearm; a computing system coupled to the plurality of sensors, the computing system configured to determine whether the user of the firearm is authorized to operate the firearm based on the profile information of the user of the firearm and pre-stored authorized profile database; an actuator coupled to the computing system; a first connecting structure mechanically coupled to the actuator; a second connecting structure mechanically coupled to the first connecting structure; and a third connecting structuring mechanically coupled to the second connecting structure, wherein the computing system is configured to generate a control instruction following determining whether the user of the firearm is authorized to operate the firearm, and the computing system is further configured to transmit the control instruction to the actuator.",,E,abstract,"A gun lock of a firearm, the gun lock comprising: a plurality of sensors configured to collect profile information of a user of the firearm; a computing system coupled to the plurality of sensors, the computing system configured to determine whether the user of the firearm is authorized to operate the firearm based on the profile information of the user of the firearm and pre-stored authorized profile database; an actuator coupled to the computing system; a first connecting structure mechanically coupled to the actuator; a second connecting structure mechanically coupled to the first connecting structure; and a third connecting structuring mechanically coupled to the second connecting structure, wherein the computing system is configured to generate a control instruction following determining whether the user of the firearm is authorized to operate the firearm, and the computing system is further configured to transmit the control instruction to the actuator.",,A,,,,A,,,,A,,,,A,,,,E,abstract,"A gun lock of a firearm, the gun lock comprising: a plurality of sensors configured to collect profile information of a user of the firearm; a computing system coupled to the plurality of sensors, the computing system configured to determine whether the user of the firearm is authorized to operate the firearm based on the profile information of the user of the firearm and pre-stored authorized profile database; an actuator coupled to the computing system; a first connecting structure mechanically coupled to the actuator; a second connecting structure mechanically coupled to the first connecting structure; and a third connecting structuring mechanically coupled to the second connecting structure, wherein the computing system is configured to generate a control instruction following determining whether the user of the firearm is authorized to operate the firearm, and the computing system is further configured to transmit the control instruction to the actuator.",,1 established; 1 explicit,False,100,0,26.0,26.0,L,0,1,80,[],{},{},8.0,0.0,0.0,0.0,10.0,4.0,0.0,0.0,0.0,0.0,4.0,0.0
BC001-F46339C729FF,Monitoring and management cabinet for shotgun,"The utility model relates to a shotgun monitoring management cabinet which comprises a cabinet body, a cabinet door capable of being opened and closed is arranged on the side wall of the cabinet body, a controller and a plurality of gun position assemblies are installed in the cabinet body, each gun position assembly corresponds to a shotgun, and an identity recognition assembly, a safety monitoring assembly and a door lock assembly are installed on the cabinet door. The identity recognition assembly comprises a fingerprint recognition module, an RFID recognition module and a face recognition module; the safety detection assembly comprises a door magnetic detection module, a vibration detection module and an alcohol detection module; the door lock assembly comprises an electric control door lock, a door lock state detection mechanism and a mechanical lock control mechanism; the gun position assembly comprises an electric control gun lock, a gun lock state detection mechanism, a mechanical lock control mechanism and an RFID detection module; the controller is in communication with a remote monitoring center system through a communication assembly.",firearm,title,Monitoring and management cabinet for shotgun,E,abstract,"The identity recognition assembly comprises a fingerprint recognition module, an RFID recognition module and a face recognition module; the safety detection assembly comprises a door magnetic detection module, a vibration detection module and an alcohol detection module; the door lock assembly comprises an electric control door lock, a door lock state detection mechanism and a mechanical lock control mechanism; the gun position assembly comprises an electric control gun lock, a gun lock state detection mechanism, a mechanical lock control mechanism and an RFID detection module; the controller is in communication with a remote monitoring center system through a communication assembly.",,A,,,,A,,,,A,,,,E,abstract,"The identity recognition assembly comprises a fingerprint recognition module, an RFID recognition module and a face recognition module; the safety detection assembly comprises a door magnetic detection module, a vibration detection module and an alcohol detection module; the door lock assembly comprises an electric control door lock, a door lock state detection mechanism and a mechanical lock control mechanism; the gun position assembly comprises an electric control gun lock, a gun lock state detection mechanism, a mechanical lock control mechanism and an RFID detection module; the controller is in communication with a remote monitoring center system through a communication assembly.",,A,,,,A,,,,A,,,,A,,,,A,,,,1 established; 1 explicit,False,100,0,26.0,26.0,L,0,1,81,[],{},{},10.0,12.0,0.0,0.0,0.0,4.0,0.0,0.0,0.0,0.0,0.0,0.0
BC001-2087999C36B0,Intelligent gun security lock,"The utility model discloses an intelligent gun security lock which comprises a left lock seat and a right lock seat which are interlocked. The left lock seat and the right lock seat can be fixed and clamped to the position of a trigger of a gun after being interlocked. The right lock seat comprises a lock rack and a lock seat shell. The lock seat shell is provided with a fingerprint collection board. The lock rack and the lock seat shell are fixedly connected into a whole, and a containing cavity is formed inside the space formed after the lock rack and the lock seat shell are connected into a whole. A locking mechanism, an intelligent fingerprint processing module and a motor are installed in the containing cavity. The left lock seat is provided with a spring bolt which can extend into the containing cavity of the right lock seat and is matched with the locking mechanism in a locking mode. The fingerprint collection board, the intelligent fingerprint processing module and the motor are in electrical signal connection. The intelligent gun security lock is unlocked in a fingerprint identification mode, the safety performance is higher, locking and unlocking can be achieved rapidly, operation is easy and convenient, and use is more reliable.",firearm,title,Intelligent gun security lock,E,abstract,"The intelligent gun security lock is unlocked in a fingerprint identification mode, the safety performance is higher, locking and unlocking can be achieved rapidly, operation is easy and convenient, and use is more reliable.",,A,,,,A,,,,I,abstract,The lock seat shell is provided with a fingerprint collection board.,Data recording or positioning is described within this firearm system; firearm data collection is inferred from that context.,A,,,,A,,,,A,,,,A,,,,A,,,,A,,,,2 established; 1 explicit,False,100,0,25.5,25.5,L,0,1,82,[],{},{},10.0,12.0,0.0,0.0,3.5,0.0,0.0,0.0,0.0,0.0,0.0,0.0
BC001-52D06C91C911,Electronic scale with face recognition function,"The invention discloses an electronic scale with a face recognition function, and relates to the field of electronic scales with face recognition functions. The system comprises an electronic canning pile and a weighing platform, a liquid crystal operation screen and an NFC card reader are fixedly installed at the top of the front end of the electronic canning pile, a face recognition instrument is fixedly installed at the top end of the electronic canning pile, a filling gun is installed at the front end of the electronic canning pile, and a control switch is fixedly installed at the side end of the electronic canning pile. The weighing platform is in signal connection with the electronic canning pile, a weighing sensor and an instrument are installed in the weighing platform, the weighing platform is used for collecting weight data in the filling process, the liquid crystal operation screen is used for displaying a login state, a verification result and filling information, the face recognition instrument is used for collecting a face image of an operator, matching recognition is conducted according to the face image, and the electronic canning pile is connected with the liquid crystal operation screen. Whether an operator meets the requirement or not is judged, the control switch is controlled to be locked or opened according to the judgment result, face recognition can be carried out, and whether the filling certificate of the filling worker can actively communicate with the supervision system within the period of validity or not is checked.",firearm,abstract,"The system comprises an electronic canning pile and a weighing platform, a liquid crystal operation screen and an NFC card reader are fixedly installed at the top of the front end of the electronic canning pile, a face recognition instrument is fixedly installed at the top end of the electronic canning pile, a filling gun is installed at the front end of the electronic canning pile, and a control switch is fixedly installed at the side end of the electronic canning pile.",E,title,Electronic scale with face recognition function,,A,,,,A,,,,I,abstract,"The weighing platform is in signal connection with the electronic canning pile, a weighing sensor and an instrument are installed in the weighing platform, the weighing platform is used for collecting weight data in the filling process, the liquid crystal operation screen is used for displaying a login state, a verification result and filling information, the face recognition instrument is used for collecting a face image of an operator, matching recognition is conducted according to the face image, and the electronic canning pile is connected with the liquid crystal operation screen.",Data recording or positioning is described within this firearm system; firearm data collection is inferred from that context.,A,,,,A,,,,A,,,,A,,,,A,,,,A,,,,2 established; 1 explicit,False,100,0,25.5,25.5,L,0,1,83,[],{},{},10.0,12.0,0.0,0.0,3.5,0.0,0.0,0.0,0.0,0.0,0.0,0.0
BC001-7D63E1C50FD6,Intelligent identification gun,"The invention belongs to the field of military industry and particularly relates to an intelligent identification gun. The gun comprises a grip and an actuating mechanism. The actuating mechanism comprises a gun locking device, a personnel identification device, a power source and a circuit. The personnel identification device is electrically connected with the gun locking device through the circuit and comprises an RFID unit and a fingerprint identification unit. The RFID unit comprises a personnel information verification end and a personnel information record end. The gun can be precisely managed through an intelligent grip system, and the management authority of the gun is limited within a smaller range; meanwhile, the using timeliness of the gun is fully optimized, and operation is convenient and efficient like a traditional gun; and the intelligent grip system adopts fingerprints and the RFID technology, the gun insurance can be removed through fingerprints of a user or an ID ring worn by the user, and the gun is automatically locked again when the grip is out of a hand, so that the situation that the gun is used by others is avoided.",firearm,title,Intelligent identification gun,E,abstract,The personnel identification device is electrically connected with the gun locking device through the circuit and comprises an RFID unit and a fingerprint identification unit.,,A,,,,A,,,,I,abstract,The RFID unit comprises a personnel information verification end and a personnel information record end.,Data recording or positioning is described within this firearm system; firearm data collection is inferred from that context.,A,,,,A,,,,A,,,,A,,,,A,,,,A,,,,2 established; 1 explicit,False,100,0,25.5,25.5,L,0,1,84,[],{},{},10.0,12.0,0.0,0.0,3.5,0.0,0.0,0.0,0.0,0.0,0.0,0.0
BC001-9CB577B9544A,Smart safety lock for guns,"The invention discloses a smart safety lock for guns. The smart safety lock comprises a left lock seat and a right lock seat which are locked with each other. The right lock seat comprises a lock frame, a spring, a bolt, a positioning frame, an electromagnetic guide head, an electromagnetic coil, a smart fingerprint processing module, a lock seat shell and a fingerprint collecting plate, wherein the lock frame is fixedly connected with the lock seat shell, an accommodating cavity is formed inside the lock seat shell, the positioning frame, the electromagnetic guide head electromagnetic coil and the smart fingerprint processing module are disposed in the accommodating cavity, a protruding column is disposed on the outer side of the lock frame and provided with an infrared sensing device, and the positioning frame is provided with a through hole allowing the bolt to penetrate. The left lock seat is provided with a column groove matched with the protruding column. The column groove is provided with a metal insertion core. The metal insertion core is provided with an insertion hole matched with the bolt. The finger collecting plate, the infrared sensing device, the smart fingerprint processing module and the electromagnetic coil are in electric signal connection. The smart safety lock has the advantages that the safety lock is unlocked by fingerprint identification, locking and unlocking can be achieved fast, and the safety lock is high in safety performance, simple to operate and reliable.",firearm,title,Smart safety lock for guns,E,abstract,"The smart safety lock has the advantages that the safety lock is unlocked by fingerprint identification, locking and unlocking can be achieved fast, and the safety lock is high in safety performance, simple to operate and reliable.",,A,,,,A,,,,I,abstract,"The right lock seat comprises a lock frame, a spring, a bolt, a positioning frame, an electromagnetic guide head, an electromagnetic coil, a smart fingerprint processing module, a lock seat shell and a fingerprint collecting plate, wherein the lock frame is fixedly connected with the lock seat shell, an accommodating cavity is formed inside the lock seat shell, the positioning frame, the electromagnetic guide head electromagnetic coil and the smart fingerprint processing module are disposed in the accommodating cavity, a protruding column is disposed on the outer side of the lock frame and provided with an infrared sensing device, and the positioning frame is provided with a through hole allowing the bolt to penetrate.",Data recording or positioning is described within this firearm system; firearm data collection is inferred from that context.,A,,,,A,,,,A,,,,A,,,,A,,,,A,,,,2 established; 1 explicit,True,100,0,25.5,25.5,L,0,1,85,[],{},{},10.0,12.0,0.0,0.0,3.5,0.0,0.0,0.0,0.0,0.0,0.0,0.0
BC001-AA52D0A0065B,Weapon safety device,A weapon safety assembly includes a processor coupled to a weapon. The processor is coupled to a safety of the weapon such that the processor selectively enables and disables the safety. An electronic memory is coupled to the weapon and the processor. The electronic memory stores an authorized fingerprint record. A scanner is coupled to a trigger of the weapon such that the scanner may identify a fingerprint of a user. The scanner is electrically coupled to the processor. The processor enables the safety if the fingerprint of the user does not match the authorized fingerprint record such that the weapon is prevented from being fired. A temperature sensor is coupled to the weapon such that the temperature sensor may detect a temperature of the user.,firearm,title,Weapon safety device,E,abstract,The electronic memory stores an authorized fingerprint record.,,A,,,,A,,,,I,abstract,The electronic memory stores an authorized fingerprint record.,Data recording or positioning is described within this firearm system; firearm data collection is inferred from that context.,A,,,,A,,,,A,,,,A,,,,A,,,,A,,,,2 established; 1 explicit,False,100,0,25.5,25.5,L,0,1,86,[],{},{},10.0,12.0,0.0,0.0,3.5,0.0,0.0,0.0,0.0,0.0,0.0,0.0
BC001-AD3BEA546101,Automobile charging pistol locking device and control method thereof,"The invention provides an automobile charging pistol locking device and a control method thereof. The control method comprises the steps that a fingerprint recognition module collects user fingerprint information and verifies whether the collected fingerprint is legal or not; when the collected fingerprint passes verification, an electronic lock control module arousing command and a charging control module arousing command are sent to arouse an electronic lock control module and a charging control module correspondingly; the charging control module generates a charging state command according to the charging state of an automobile after being aroused and sends the charging state command to the electronic lock control module; and the electronic lock control module judges whether an electronic lock needs to be unlocked or not according to the charging state command. According to the automobile charging pistol locking device and the control method thereof, the identity of a driver is verified through the fingerprint recognition module, a charging pistol is unlocked when the fingerprint passes verification and charging is stopped, and the charging pistol is locked in the charging process, so that the situation that as the charging pistol is pulled out by accident or stolen, charging is interrupted by accident and consequently inconvenience is caused to users is avoided.",firearm,title,Automobile charging pistol locking device and control method thereof,E,abstract,"The control method comprises the steps that a fingerprint recognition module collects user fingerprint information and verifies whether the collected fingerprint is legal or not; when the collected fingerprint passes verification, an electronic lock control module arousing command and a charging control module arousing command are sent to arouse an electronic lock control module and a charging control module correspondingly; the charging control module generates a charging state command according to the charging state of an automobile after being aroused and sends the charging state command to the electronic lock control module; and the electronic lock control module judges whether an electronic lock needs to be unlocked or not according to the charging state command.",,A,,,,A,,,,I,abstract,"The control method comprises the steps that a fingerprint recognition module collects user fingerprint information and verifies whether the collected fingerprint is legal or not; when the collected fingerprint passes verification, an electronic lock control module arousing command and a charging control module arousing command are sent to arouse an electronic lock control module and a charging control module correspondingly; the charging control module generates a charging state command according to the charging state of an automobile after being aroused and sends the charging state command to the electronic lock control module; and the electronic lock control module judges whether an electronic lock needs to be unlocked or not according to the charging state command.",Data recording or positioning is described within this firearm system; firearm data collection is inferred from that context.,A,,,,A,,,,A,,,,A,,,,A,,,,A,,,,2 established; 1 explicit,False,100,0,25.5,25.5,L,0,1,87,[],{},{},10.0,12.0,0.0,0.0,3.5,0.0,0.0,0.0,0.0,0.0,0.0,0.0
BC001-4F89B78B1C45,Protection system for police guns,"The invention discloses a protection system for police guns. The system comprises a background control system and a control and early warning system installed on the guns. The control and early warning system comprises a power supply module, a microprocessor module, a wireless transmission module I and a function module, wherein the power supply module supplies power to the microprocessor module,the wireless transmission module I and the function module respectively, and the microprocessor module is connected with the wireless transmission module I and the function module; the background control system comprises a CPU, a wireless transmission module II, an information database module and an execution module; the CPU is connected with the wireless transmission module II, the information database module and the execution module; the wireless transmission module I and the wireless transmission module II perform wireless communication. The system can realize real-time supervision of the whole utilization process of the guns, and ensure standardized management, safety management and whole process tracking of the guns in the utilization process.",firearm,title,Protection system for police guns,A,,,,A,,,,A,,,,E,abstract,"The system can realize real-time supervision of the whole utilization process of the guns, and ensure standardized management, safety management and whole process tracking of the guns in the utilization process.",,E,abstract,"The control and early warning system comprises a power supply module, a microprocessor module, a wireless transmission module I and a function module, wherein the power supply module supplies power to the microprocessor module,the wireless transmission module I and the function module respectively, and the microprocessor module is connected with the wireless transmission module I and the function module; the background control system comprises a CPU, a wireless transmission module II, an information database module and an execution module; the CPU is connected with the wireless transmission module II, the information database module and the execution module; the wireless transmission module I and the wireless transmission module II perform wireless communication.",,A,,,,A,,,,A,,,,A,,,,I,abstract,"The control and early warning system comprises a power supply module, a microprocessor module, a wireless transmission module I and a function module, wherein the power supply module supplies power to the microprocessor module,the wireless transmission module I and the function module respectively, and the microprocessor module is connected with the wireless transmission module I and the function module; the background control system comprises a CPU, a wireless transmission module II, an information database module and an execution module; the CPU is connected with the wireless transmission module II, the information database module and the execution module; the wireless transmission module I and the wireless transmission module II perform wireless communication.",The system transmits to an external destination and separately collects firearm data; transmission of that data is inferred.,1 established; 1 explicit,False,100,0,25.0,25.0,L,0,1,88,[],{},{},10.0,0.0,0.0,0.0,10.0,4.0,0.0,0.0,0.0,0.0,1.0,0.0
BC001-AE2FAE4C8822,Gun receiving monitoring system and monitoring method,"The invention designs a gun receiving monitoring system and a monitoring method, and aims to realize comprehensive monitoring, management and control of a gun receiving process for competitive sports. The system comprises a user management module, a gun registration module, a receiving application module, an auditing and approving module, a receiving recording module, a receiving monitoring module, a data analysis and reporting module, a notification and warning module, a system management module and the like. Through the user management module, the system can perform authentication and authority management on the user identity; the gun registration module is used for recording and managing gun information; the receiving application module supports a user to submit a receiving request and performs approval process management through the auditing and approving module; the receiving recording module is used for recording the receiving and returning conditions of the gun; the receiving monitoring module monitors the receiving condition in real time and provides statistical analysis and anomaly detection; and the data analysis and report module can perform analysis and report generation on the receiving data. The system can also send notification and alarm information to related personnel through the notification and warning module.",firearm,title,Gun receiving monitoring system and monitoring method,A,,,,A,,,,A,,,,E,abstract,"The system comprises a user management module, a gun registration module, a receiving application module, an auditing and approving module, a receiving recording module, a receiving monitoring module, a data analysis and reporting module, a notification and warning module, a system management module and the like.",,E,abstract,The system can also send notification and alarm information to related personnel through the notification and warning module.,,A,,,,A,,,,A,,,,A,,,,I,abstract,The system can also send notification and alarm information to related personnel through the notification and warning module.,The system transmits to an external destination and separately collects firearm data; transmission of that data is inferred.,1 established; 1 explicit,False,100,0,25.0,25.0,L,0,1,89,[],{},{},10.0,0.0,0.0,0.0,10.0,4.0,0.0,0.0,0.0,0.0,1.0,0.0
BC001-B5834ED9E315,Protecting system for aircraft cockpit entering system and aircraft piloting system,"The invention discloses a protecting system for an aircraft cockpit entering system and an aircraft piloting system. The system comprises a background control system, an aircraft cockpit admittance piloting system mounted in an inlet of an aircraft cockpit, and a control prewarning system mounted on a weapon launching system; the aircraft cockpit admittance piloting system comprises a first micoprocessor module, a first wireless transmission module, a first identity identifying unit and aircraft cockpit entrance and exit unlocking and locking units; the control prewarning system comprises a second microprocessor module, a second wireless transmission module and a function module; the background control system comprises a CPU, a third wireless transmission module, an information database module and an execution module; the CPU is connected with the third wireless transmission module, the information database module and the execution module; and the execution module is connected with thethird wireless transmission module. The system can realize real-time supervision of the whole process of the aircraft cockpit entering system and the aircraft piloting system, and guarantees standardmanagement, safety management and whole-process tracking of the aircraft cockpit entering system and the aircraft piloting system in the use process.",firearm,abstract,"The system comprises a background control system, an aircraft cockpit admittance piloting system mounted in an inlet of an aircraft cockpit, and a control prewarning system mounted on a weapon launching system; the aircraft cockpit admittance piloting system comprises a first micoprocessor module, a first wireless transmission module, a first identity identifying unit and aircraft cockpit entrance and exit unlocking and locking units; the control prewarning system comprises a second microprocessor module, a second wireless transmission module and a function module; the background control system comprises a CPU, a third wireless transmission module, an information database module and an execution module; the CPU is connected with the third wireless transmission module, the information database module and the execution module; and the execution module is connected with thethird wireless transmission module.",A,,,,A,,,,A,,,,E,abstract,"The system can realize real-time supervision of the whole process of the aircraft cockpit entering system and the aircraft piloting system, and guarantees standardmanagement, safety management and whole-process tracking of the aircraft cockpit entering system and the aircraft piloting system in the use process.",,E,abstract,"The system comprises a background control system, an aircraft cockpit admittance piloting system mounted in an inlet of an aircraft cockpit, and a control prewarning system mounted on a weapon launching system; the aircraft cockpit admittance piloting system comprises a first micoprocessor module, a first wireless transmission module, a first identity identifying unit and aircraft cockpit entrance and exit unlocking and locking units; the control prewarning system comprises a second microprocessor module, a second wireless transmission module and a function module; the background control system comprises a CPU, a third wireless transmission module, an information database module and an execution module; the CPU is connected with the third wireless transmission module, the information database module and the execution module; and the execution module is connected with thethird wireless transmission module.",,A,,,,A,,,,A,,,,A,,,,I,abstract,"The system comprises a background control system, an aircraft cockpit admittance piloting system mounted in an inlet of an aircraft cockpit, and a control prewarning system mounted on a weapon launching system; the aircraft cockpit admittance piloting system comprises a first micoprocessor module, a first wireless transmission module, a first identity identifying unit and aircraft cockpit entrance and exit unlocking and locking units; the control prewarning system comprises a second microprocessor module, a second wireless transmission module and a function module; the background control system comprises a CPU, a third wireless transmission module, an information database module and an execution module; the CPU is connected with the third wireless transmission module, the information database module and the execution module; and the execution module is connected with thethird wireless transmission module.",The system transmits to an external destination and separately collects firearm data; transmission of that data is inferred.,1 established; 1 explicit,False,100,0,25.0,25.0,L,0,1,90,[],{},{},10.0,0.0,0.0,0.0,10.0,4.0,0.0,0.0,0.0,0.0,1.0,0.0
BC001-DDD00C40531C,Management system for guns containers with radio repeater,"PURPOSE: A firearm management system including a radio repeater, capable of monitoring a firearm position and contain state, is provided to charge a firearm with contactless type.CONSTITUTION: A firearm management system including a radio repeater comprises firearms, a firearm rack(20), and a central management part. A recognition device(100) is installed inside a butt plate(10) of firearms. The firearm rack comprises a proximity sensor and a weight sensor. The proximity sensor is connected to a radio communications module(210) and checks the collection state of the firearms. The central management part checks the communications state between the recognition device and the firearms. The central management part checks the recognition state of the specific firearms of a corresponding transmitting and receiving area. The central management part receives the information about the collection state of the firearms at the firearm rack and rears or writes the identity of the firearms.COPYRIGHT KIPO 2011",firearm,title,Management system for guns containers with radio repeater,A,,,,A,,,,A,,,,E,abstract,The proximity sensor is connected to a radio communications module(210) and checks the collection state of the firearms.,,E,abstract,"CONSTITUTION: A firearm management system including a radio repeater comprises firearms, a firearm rack(20), and a central management part.",,A,,,,A,,,,A,,,,A,,,,I,abstract,The central management part checks the communications state between the recognition device and the firearms.,The system transmits to an external destination and separately collects firearm data; transmission of that data is inferred.,1 established; 1 explicit,False,100,0,25.0,25.0,L,0,1,91,[],{},{},10.0,0.0,0.0,0.0,10.0,4.0,0.0,0.0,0.0,0.0,1.0,0.0
BC001-A2D74B75903F,Man-machine interaction auxiliary method and system for operating underwater weapon equipment,"The application discloses a man-machine interaction auxiliary method and a system for operating underwater weapon equipment, wherein the method comprises the steps of collecting electromyographic signals, holding pressure signals and torque feedback signals to generate multichannel operation signal streams; the method comprises the steps of extracting a characteristic vector, determining an operation intention type, generating an operation node sequence, monitoring position deviation quantity, generating a guiding force instruction, controlling a force feedback device to generate tangential traction force or normal vibration force, collecting heart rate variability signals and galvanic skin response signals, evaluating cognitive load grades, dynamically adjusting guiding force amplitude and time window, switching an emergency braking mode when abnormal working conditions are detected, and calling an emergency operation path. The system comprises a physiological signal acquisition module, an intention recognition module, a force feedback guiding module, a state self-adaption module, a parameter learning module and an emergency safety module. According to the application, the operation behavior is directly guided through force feedback, and the reliability and safety of the operation of the underwater weapon equipment are improved by combining the cognitive load dynamic adjustment and personalized learning.",firearm,title,Man-machine interaction auxiliary method and system for operating underwater weapon equipment,I,abstract,"The application discloses a man-machine interaction auxiliary method and a system for operating underwater weapon equipment, wherein the method comprises the steps of collecting electromyographic signals, holding pressure signals and torque feedback signals to generate multichannel operation signal streams; the method comprises the steps of extracting a characteristic vector, determining an operation intention type, generating an operation node sequence, monitoring position deviation quantity, generating a guiding force instruction, controlling a force feedback device to generate tangential traction force or normal vibration force, collecting heart rate variability signals and galvanic skin response signals, evaluating cognitive load grades, dynamically adjusting guiding force amplitude and time window, switching an emergency braking mode when abnormal working conditions are detected, and calling an emergency operation path.",Biometric sensing and user authorization are stated in separate sentences; identification use is inferred.,A,,,,A,,,,E,abstract,"The application discloses a man-machine interaction auxiliary method and a system for operating underwater weapon equipment, wherein the method comprises the steps of collecting electromyographic signals, holding pressure signals and torque feedback signals to generate multichannel operation signal streams; the method comprises the steps of extracting a characteristic vector, determining an operation intention type, generating an operation node sequence, monitoring position deviation quantity, generating a guiding force instruction, controlling a force feedback device to generate tangential traction force or normal vibration force, collecting heart rate variability signals and galvanic skin response signals, evaluating cognitive load grades, dynamically adjusting guiding force amplitude and time window, switching an emergency braking mode when abnormal working conditions are detected, and calling an emergency operation path.",,A,,,,A,,,,A,,,,A,,,,A,,,,A,,,,2 established; 1 explicit,False,100,0,24.2,24.2,L,0,1,92,[],{},{},10.0,4.2,0.0,0.0,10.0,0.0,0.0,0.0,0.0,0.0,0.0,0.0
BC001-652F3C6A0347,Secure smartphone-operated gun trigger lock,"A battery-powered trigger-locking device, which is configured to be disposed on a gun with a trigger for firing, includes a data receiver, a data memory and a logic device for determining whether data received by the receiver is the same, or substantially the same, as data stored in the memory. If a data match is indicated, the logic device causes an electromagnetic device to move a trigger-locking member to an unlocked position, permitting the gun to be fired. A separate electronic gun key is provided to transmit gun unlock data to the data receiver of the trigger-locking device. This gun unlock data may be a password, a long pseudo-random number or biologic data identifying the gun owner or some other person who is licensed or otherwise authorized to fire the gun.",attached_firing_control,title,Secure smartphone-operated gun trigger lock,A,,,,E,abstract,"If a data match is indicated, the logic device causes an electromagnetic device to move a trigger-locking member to an unlocked position, permitting the gun to be fired.",,A,,,,A,,,,A,,,,A,,,,A,,,,A,,,,A,,,,A,,,,1 established; 1 explicit,False,100,0,24.0,24.0,L,0,1,93,[],{},{},8.0,0.0,16.0,0.0,0.0,0.0,0.0,0.0,0.0,0.0,0.0,0.0
BC001-65BAF41AAB0C,Automatic calibrating device of fuel dispenser,"The invention relates to the technical field of fuel refueling machines, and particularly discloses an automatic calibrating device of a fuel refueling machine, which comprises a movable chassis, a box body shell, a controller, a calibrating mechanism, an operating mechanism, oil recovery equipment, a grabbing mechanical arm and a storage battery, the verification mechanism is arranged at the top of the box body shell; and the operating mechanism is arranged at the top of the box body shell and is positioned at the left rear part of the verification mechanism. According to the invention, the core problems of high manual dependence, low verification efficiency, insufficient operation precision, poor safety, nonstandard data management and the like in the current fuel dispenser verification field can be effectively solved, and full-process operations of equipment in-place, oil gun butt joint, multi-dimensional fixation, trigger pulling, hook locking operation, parameter detection, component resetting and the like can be automatically completed; the device greatly reduces the labor intensity of workers, avoids verification errors caused in the manual operation process, remarkably improves the verification efficiency, and can continuously complete the verification operation of a plurality of oiling machines.",attached_firing_control,abstract,"According to the invention, the core problems of high manual dependence, low verification efficiency, insufficient operation precision, poor safety, nonstandard data management and the like in the current fuel dispenser verification field can be effectively solved, and full-process operations of equipment in-place, oil gun butt joint, multi-dimensional fixation, trigger pulling, hook locking operation, parameter detection, component resetting and the like can be automatically completed; the device greatly reduces the labor intensity of workers, avoids verification errors caused in the manual operation process, remarkably improves the verification efficiency, and can continuously complete the verification operation of a plurality of oiling machines.",A,,,,E,abstract,"According to the invention, the core problems of high manual dependence, low verification efficiency, insufficient operation precision, poor safety, nonstandard data management and the like in the current fuel dispenser verification field can be effectively solved, and full-process operations of equipment in-place, oil gun butt joint, multi-dimensional fixation, trigger pulling, hook locking operation, parameter detection, component resetting and the like can be automatically completed; the device greatly reduces the labor intensity of workers, avoids verification errors caused in the manual operation process, remarkably improves the verification efficiency, and can continuously complete the verification operation of a plurality of oiling machines.",,A,,,,A,,,,A,,,,A,,,,A,,,,A,,,,A,,,,A,,,,1 established; 1 explicit,False,100,0,24.0,24.0,L,0,1,94,[],{},{},8.0,0.0,16.0,0.0,0.0,0.0,0.0,0.0,0.0,0.0,0.0,0.0
BC001-E24376A260E7,Fire hydrant water pressure testing device,"The utility model provides a fire hydrant water pressure testing device, which relates to the field of fire hydrant water pressure testing and comprises a water pressure testing gun, the surface of the water pressure testing gun is communicated with an adjusting unit, the adjusting unit is used for adjusting the flow of fire fighting water in an inner cavity of the water pressure testing gun, and a testing unit is arranged on the surface of the water pressure testing gun. The testing unit is used for detecting the flow and pressure of fire fighting water, the left end of the surface of the water pressure testing gun is communicated with a pressure release valve, the pressure release valve is used for sealing and releasing pressure of an inner cavity of the water pressure testing gun, and the adjusting unit further comprises a shell; according to the utility model, through the arrangement of the adjusting unit, the effect of adjusting the flow and the pressure of fire-fighting water during testing is achieved, and the flow requirement required by actual fire extinguishing can be simulated through controlling the flow of the fire-fighting water, so that the performance of a fire hydrant system can be verified, and the use effect of the water pressure testing device is effectively improved.",attached_firing_control,abstract,"The testing unit is used for detecting the flow and pressure of fire fighting water, the left end of the surface of the water pressure testing gun is communicated with a pressure release valve, the pressure release valve is used for sealing and releasing pressure of an inner cavity of the water pressure testing gun, and the adjusting unit further comprises a shell; according to the utility model, through the arrangement of the adjusting unit, the effect of adjusting the flow and the pressure of fire-fighting water during testing is achieved, and the flow requirement required by actual fire extinguishing can be simulated through controlling the flow of the fire-fighting water, so that the performance of a fire hydrant system can be verified, and the use effect of the water pressure testing device is effectively improved.",A,,,,E,abstract,"The testing unit is used for detecting the flow and pressure of fire fighting water, the left end of the surface of the water pressure testing gun is communicated with a pressure release valve, the pressure release valve is used for sealing and releasing pressure of an inner cavity of the water pressure testing gun, and the adjusting unit further comprises a shell; according to the utility model, through the arrangement of the adjusting unit, the effect of adjusting the flow and the pressure of fire-fighting water during testing is achieved, and the flow requirement required by actual fire extinguishing can be simulated through controlling the flow of the fire-fighting water, so that the performance of a fire hydrant system can be verified, and the use effect of the water pressure testing device is effectively improved.",,A,,,,A,,,,A,,,,A,,,,A,,,,A,,,,A,,,,A,,,,1 established; 1 explicit,False,100,0,24.0,24.0,L,0,1,95,[],{},{},8.0,0.0,16.0,0.0,0.0,0.0,0.0,0.0,0.0,0.0,0.0,0.0
BC001-83F7031B2A79,Integrated firearm information system,"System and method for collecting, storing, and providing information related to firearms. More specifically, an embodiment tracks ownership and/or possession of a firearm from its manufacture onward (i.e., from cradle to grave) between and among registered firearm manufactures, firearm sellers/dealers, individual gun owners, pawn shops, law enforcement agencies, government agencies, and any other entity or individual stakeholder that may own and/or posses the firearm. An embodiment may further authenticate firearm-related transactions, provide notifications to registered users, and enable local and global reports of loss, theft, and/or the use in a crime.",firearm,title,Integrated firearm information system,A,,,,A,,,,A,,,,E,abstract,"System and method for collecting, storing, and providing information related to firearms.",,E,abstract,", from cradle to grave) between and among registered firearm manufactures, firearm sellers/dealers, individual gun owners, pawn shops, law enforcement agencies, government agencies, and any other entity or individual stakeholder that may own and/or posses the firearm.",,A,,,,A,,,,A,,,,A,,,,C,abstract,", from cradle to grave) between and among registered firearm manufactures, firearm sellers/dealers, individual gun owners, pawn shops, law enforcement agencies, government agencies, and any other entity or individual stakeholder that may own and/or posses the firearm.",,1 established; 1 explicit,False,100,0,24.0,24.0,L,0,1,96,[],{},{},10.0,0.0,0.0,0.0,10.0,4.0,0.0,0.0,0.0,0.0,0.0,0.0
BC001-D400C9162EA6,RFID-based electric gun program pushing method and device,"The invention relates to an electronic gun program pushing method and device based on RFID, and belongs to the technical field of automobile manufacturing. The electric gun program pushing method comprises the following steps: when a to-be-assembled vehicle body enters an assembly section, obtaining a vehicle body unique identifier in RFID information and section information of the assembly section, and obtaining a plurality of target electric gun programs according to the vehicle body unique identifier and the section information, pushing each target electric gun program to an electric gun controller of a corresponding station on an assembly section according to the assembly type, and generating and storing first feedback data after a worker on the station operates an electric gun to execute a tightening program; the electric gun program is pushed to the electric gun controller of the station in the assembly section through the unique identifier of the vehicle body, so that the time required for setting and adjusting the electric gun by a worker is shortened, and an effective prompt is provided for the worker through feedback data of the electric gun; and feedback data of the electric gun is stored in a feedback database, so that data support can be provided for follow-up problem tracing.",firearm,title,RFID-based electric gun program pushing method and device,A,,,,A,,,,A,,,,E,abstract,"The electric gun program pushing method comprises the following steps: when a to-be-assembled vehicle body enters an assembly section, obtaining a vehicle body unique identifier in RFID information and section information of the assembly section, and obtaining a plurality of target electric gun programs according to the vehicle body unique identifier and the section information, pushing each target electric gun program to an electric gun controller of a corresponding station on an assembly section according to the assembly type, and generating and storing first feedback data after a worker on the station operates an electric gun to execute a tightening program; the electric gun program is pushed to the electric gun controller of the station in the assembly section through the unique identifier of the vehicle body, so that the time required for setting and adjusting the electric gun by a worker is shortened, and an effective prompt is provided for the worker through feedback data of the electric gun; and feedback data of the electric gun is stored in a feedback database, so that data support can be provided for follow-up problem tracing.",,E,abstract,"The electric gun program pushing method comprises the following steps: when a to-be-assembled vehicle body enters an assembly section, obtaining a vehicle body unique identifier in RFID information and section information of the assembly section, and obtaining a plurality of target electric gun programs according to the vehicle body unique identifier and the section information, pushing each target electric gun program to an electric gun controller of a corresponding station on an assembly section according to the assembly type, and generating and storing first feedback data after a worker on the station operates an electric gun to execute a tightening program; the electric gun program is pushed to the electric gun controller of the station in the assembly section through the unique identifier of the vehicle body, so that the time required for setting and adjusting the electric gun by a worker is shortened, and an effective prompt is provided for the worker through feedback data of the electric gun; and feedback data of the electric gun is stored in a feedback database, so that data support can be provided for follow-up problem tracing.",,A,,,,A,,,,A,,,,A,,,,C,abstract,"The electric gun program pushing method comprises the following steps: when a to-be-assembled vehicle body enters an assembly section, obtaining a vehicle body unique identifier in RFID information and section information of the assembly section, and obtaining a plurality of target electric gun programs according to the vehicle body unique identifier and the section information, pushing each target electric gun program to an electric gun controller of a corresponding station on an assembly section according to the assembly type, and generating and storing first feedback data after a worker on the station operates an electric gun to execute a tightening program; the electric gun program is pushed to the electric gun controller of the station in the assembly section through the unique identifier of the vehicle body, so that the time required for setting and adjusting the electric gun by a worker is shortened, and an effective prompt is provided for the worker through feedback data of the electric gun; and feedback data of the electric gun is stored in a feedback database, so that data support can be provided for follow-up problem tracing.",,1 established; 1 explicit,False,100,0,24.0,24.0,L,0,1,97,[],{},{},10.0,0.0,0.0,0.0,10.0,4.0,0.0,0.0,0.0,0.0,0.0,0.0
BC001-F34E0FF0DF55,Firearms management system,"A device, system, and associated methods for the management of firearms for locating, tracking, monitoring, indentifying discharge, and related management tasks are disclosed. In one embodiment, a firearm is disclosed having a processor adapted for storing information and receiving and acting upon command and a location monitor adapted to provide specific geographic location information. The processor and location monitor can be integrally formed in a single electronic device. The firearm also includes a connectivity port and a connectivity cable. The system can also include a monitoring station and a configuration computer. In at least one embodiment, a firearm utilizes a processor and a GPS monitor for locating, tracking, monitoring, indentifying discharge, and related management tasks.",firearm,title,Firearms management system,A,,,,A,,,,A,,,,E,abstract,"A device, system, and associated methods for the management of firearms for locating, tracking, monitoring, indentifying discharge, and related management tasks are disclosed.",,E,abstract,The system can also include a monitoring station and a configuration computer.,,A,,,,A,,,,A,,,,A,,,,C,abstract,The system can also include a monitoring station and a configuration computer.,,1 established; 1 explicit,True,100,0,24.0,24.0,L,0,1,98,[],{},{},10.0,0.0,0.0,0.0,10.0,4.0,0.0,0.0,0.0,0.0,0.0,0.0
BC001-0A3054B25A9B,Method for controlling firearm safety based on Internet of things and smart firearm,"An embodiment of the invention discloses a method for controlling firearm safety based on Internet of things (IOT) and a smart firearm. The method comprises the following steps: acquiring position information at a present moment by the smart firearm; acquiring biological feature information of a user by a biological feature acquisition module arranged on a surface of the smart firearm after determining that the smart firearm is located in an authorized region according to the position information; and unlocking the smart firearm when determining that the biological feature information is matched with preset biological feature information. In the embodiment of the invention, after the smart firearm is located in the authorized region, the user can unlock the smart firearm by inputting fingerprint information, a use range of the smart firearm can be limited and the authorized users can be allowed to use the smart firearm. In addition, after the smart firearm leaves the authorized region,the alarm can be given timely and the position information of the smart firearm can be reported in real time.",firearm,title,Method for controlling firearm safety based on Internet of things and smart firearm,E,abstract,"In the embodiment of the invention, after the smart firearm is located in the authorized region, the user can unlock the smart firearm by inputting fingerprint information, a use range of the smart firearm can be limited and the authorized users can be allowed to use the smart firearm.",,A,,,,A,,,,A,,,,A,,,,A,,,,A,,,,A,,,,A,,,,A,,,,1 established; 1 explicit,False,100,0,22.0,22.0,L,0,1,99,[],{},{},10.0,12.0,0.0,0.0,0.0,0.0,0.0,0.0,0.0,0.0,0.0,0.0
BC001-10A861D3F06E,Intelligent gun and ammunition cabinet,"The invention provides an intelligent gun and ammunition cabinet which comprises a cabinet body, a master control system and a safety detection module. The cabinet body comprises an electric control cabinet door, an operation panel, an electric control gun lock and an electric ammunition drawer. The cabinet door is used for closing the cabinet body and can be opened through electric control under right operation. The operation panel is used for mounting a fingerprint identification module, a video monitoring module and a touch display module. The electric control gun lock is used for fixing and locking guns. The electric control ammunition drawer is used for storing ammunition. According to the intelligent gun and ammunition cabinet, various of alarm sources can be detected without other equipment while the guns and the ammunition are stored, taken and managed through a vibration sensor, a temperature sensor, a humidity sensor and a water soaking sensor, a dehumidifier is mounted in the cabinet and conducts intelligent dehumidification operation when the humidity in the cabinet is larger than a set value under the condition of no artificial interference, and therefore labor and equipment input reduction and work efficiency improvement are facilitated, the cabinet is suitable for safe use management of the guns and the ammunition, the safety of the gun and ammunition cabinet is enhanced, and the intelligent degree of the gun and ammunition cabinet is increased.",firearm,title,Intelligent gun and ammunition cabinet,E,abstract,"The operation panel is used for mounting a fingerprint identification module, a video monitoring module and a touch display module.",,A,,,,A,,,,A,,,,A,,,,A,,,,A,,,,A,,,,A,,,,A,,,,1 established; 1 explicit,False,100,0,22.0,22.0,L,0,1,100,[],{},{},10.0,12.0,0.0,0.0,0.0,0.0,0.0,0.0,0.0,0.0,0.0,0.0
